sample_id,uav_Blue,uav_Green,uav_Red,uav_Rededge,uav_NIR,uav_NDVI,uav_NDRE,uav_GNDVI,uav_SAVI,sat_Blue,sat_Green,sat_Red,sat_Rededge,sat_NIR,sat_SWIR1,sat_SWIR2,sat_NDVI,sat_NDRE,sat_GNDVI,class,class_numeric
1,0.0532201883631035,0.0998651479935134,0.08388925022461,0.2570904181252033,0.3941215513067082,0.6490068845479265,0.2104247765916293,0.5956767737472215,0.4758111576012543,0.0895382933274812,0.160626360924355,0.0889508163728584,0.2188583897948693,0.304816205650072,0.1750888874580959,0.0928671303309904,0.5482058608367744,0.1641435666402119,0.3097908422663791,Others,3
2,0.0722737535149708,0.1377818480991461,0.1852521613163141,0.1894397009347853,0.3013685690809898,0.2386178814656578,0.2280500859176779,0.3725072653517297,0.1765365416322388,0.0778107804781231,0.1414027650950275,0.1191102558208044,0.1910681755529079,0.3202051349915224,0.1549017846863153,0.1739289396619704,0.4577460370757294,0.2525791133143695,0.3873468583682602,Others,3
3,0.0667477268563939,0.1382355333890249,0.1371041130861306,0.1979720438243672,0.3114430224990065,0.3886746689073109,0.2227475906702149,0.3851806737101994,0.275693588972777,0.1116457625533682,0.1354074963198009,0.1102013244696067,0.2137210715731627,0.2789446783458421,0.2754216430645554,0.1561083688997735,0.4336247903239066,0.1323891640192205,0.3464134878545453,Others,3
4,0.0606527805107304,0.143834339849017,0.1998809950654761,0.1718639382875514,0.2741162488934386,0.1566153701821882,0.2292754556031219,0.3117160558055876,0.1143256630679344,0.0845753546219883,0.1350853136469722,0.0855890806963432,0.2640446961849889,0.3250375019426722,0.2456819590728932,0.1924856022784664,0.5831293719647702,0.1035387013078019,0.4128293183033698,Others,3
5,0.0369541117573572,0.0951725061482436,0.090433704534358,0.3145082140072088,0.5005515222797602,0.6939561246839693,0.2282572675225962,0.6804812241689,0.5638726460252215,0.0679334999273331,0.0736170509465521,0.0503389314513231,0.2648272787963343,0.4458992549755776,0.1612393447903357,0.0914851697234901,0.7971178646537377,0.2547702492803699,0.7165938773918423,Healthy,0
6,0.0789449590668858,0.1246044179232723,0.1058288705143422,0.197576393340252,0.3311399608847292,0.5156227954497208,0.2526185666041317,0.4531828642662586,0.3607021111373922,0.0752063457413269,0.1481847518321317,0.094483077701976,0.2192406490005516,0.4152446595210166,0.2014806255604656,0.1731240032599506,0.6292802184290702,0.3089181229068635,0.4739900017776957,High_severity,2
7,0.0518331467234065,0.1184957948950582,0.1090446284581072,0.2261322876544338,0.4061475662438816,0.5766836936604455,0.2847082308246345,0.5482805895501371,0.4389852571802761,0.0634685148622979,0.0559647848779895,0.14989065800092,0.2863966281240488,0.3681615063780202,0.1638865493285312,0.1877036820880125,0.4213298647999497,0.1249161441041,0.7360937719175336,Others,3
8,0.0927649668454368,0.1320502349471032,0.1067651821405802,0.2261060746999187,0.3935298498849722,0.5731911160168096,0.2701970117326796,0.4975067025635352,0.4300201319060433,0.0641597236440108,0.1038535560918303,0.0569386033853131,0.2289995612773755,0.4006115313269185,0.2687338465882702,0.1498239018681722,0.7511153464259223,0.2725682124495221,0.5882626620477184,Low_severity,1
9,0.0618073360890262,0.1019824587945874,0.0795657481720094,0.2901953004275104,0.3744881007877745,0.6495316652230092,0.1268164666157542,0.571925455860368,0.4636882178149416,0.0762096903591356,0.1122807237113064,0.0702201546829697,0.3165539334611267,0.397909244926138,0.1840100997076705,0.1499005397132676,0.6999968182233196,0.113869145291227,0.5598473877831326,Healthy,0
10,0.0691532483380389,0.110965467457811,0.0842280841941007,0.2595404680520698,0.4210805776089288,0.6666271902264241,0.2373422194137063,0.5828726912390017,0.5026105506899945,0.0544227462936063,0.0933567139623338,0.087315425272471,0.2317351552079588,0.3620979462900768,0.1252058331092351,0.1466334444925802,0.6114248894335856,0.2195276597974377,0.5900504611783046,Others,3
11,0.0925685865122743,0.1388382385009053,0.1912533975793581,0.1656378529099147,0.2806089847205514,0.1893678972789996,0.2576402163903815,0.3379942418758009,0.1379139507330249,0.1079339843796876,0.119521504143613,0.1092855620716831,0.1857211842367022,0.2428588886263551,0.2462132572711757,0.2262773995315011,0.3793140181249381,0.1333186212040938,0.3403533605667077,High_severity,2
12,0.0906906895160982,0.1144461880330088,0.1336803808459862,0.2388444875218318,0.3360745122131137,0.4308505017353043,0.1691195189863402,0.4919381596872856,0.3130597218159016,0.0936855329951006,0.1680581750457819,0.1314594957041964,0.2263800154467666,0.4133198889404557,0.2529189207689978,0.1608128309035426,0.5173844700825283,0.2922305790756081,0.4218626898528452,Others,3
13,0.0683851272031101,0.1432381762095008,0.1498238448013426,0.2369333479855891,0.2966276505556801,0.3288236399274236,0.1118790592515053,0.3487187797111256,0.2326645472184918,0.1084224659788463,0.1552980877474103,0.103294852826298,0.2140568636198698,0.2880190679694328,0.2316433125502604,0.1833181194085191,0.4720614456227393,0.1473127861665034,0.2993815567715009,High_severity,2
14,0.0404125196384141,0.1190412527570281,0.140841327379526,0.2169978215404896,0.3506041109038367,0.4268282238146719,0.2353873053038839,0.4930589676043779,0.3173590428044698,0.0558878825079707,0.1065391289396221,0.0978418801233902,0.204319964029888,0.3983351683373913,0.1835774861125881,0.15220256630405,0.6056170658158776,0.3219340446755934,0.5779578025095367,Others,3
15,0.0580265359715908,0.1238482554410733,0.1278618933699124,0.2592127280561975,0.3757708971634468,0.492241586436405,0.1835609053177257,0.5042293523158549,0.3705174932483849,0.0392610386884065,0.1072888631887858,0.1184871470620605,0.3147601769093364,0.3796312207904304,0.1676394713876489,0.1195814023464815,0.5242610804621106,0.0934214394014457,0.5593163366275713,Low_severity,1
16,0.0804393681986253,0.1309127249231166,0.1334664159596855,0.2262474721937419,0.355497960853775,0.4540853187323179,0.2221770577259966,0.4617193710947211,0.3367637148005725,0.08199680465443,0.0933193484614368,0.1580332650152763,0.2353810144774998,0.2989150352705985,0.1873160672617174,0.1205547355738391,0.3083100870868413,0.1189116423807601,0.5241653851275297,High_severity,2
17,0.0863610972872196,0.1388924522036905,0.1589351755441821,0.1631671028133502,0.2876430307253107,0.2882089931264095,0.2761160822514774,0.3487413930961995,0.2039575615548534,0.1515336326520875,0.1493505808258998,0.1588957098000776,0.2284074489025913,0.3293712919015824,0.2905038043799458,0.2093906283645295,0.3491441803508738,0.181010561380355,0.3760444661741232,High_severity,2
18,0.0725437021903173,0.1201634945482448,0.1676052345886418,0.2186661972051534,0.3391505295387125,0.3385167117841785,0.2159926846167919,0.4767697555627193,0.2555912283731961,0.1075815593189001,0.1162992572549605,0.0984414759609859,0.2166936895842532,0.4320522822769403,0.2094845089835727,0.1204705605189741,0.6288684855106816,0.3319613562683755,0.5758222641109421,Low_severity,1
19,0.0664574653736524,0.0951060395237015,0.0721832358292155,0.244650780449401,0.4377735008871647,0.7169044719597016,0.282995089300636,0.6430486355307548,0.5429790976689366,0.0577456175171996,0.0622022654326047,0.0799209655808084,0.2327830458489514,0.4444933398184035,0.122495445299911,0.1479447712046818,0.6951991402295237,0.3125906918500386,0.7544787648126895,Healthy,0
20,0.0487125034906516,0.0702663575351868,0.0603231429875122,0.2843432794008825,0.4064517093456167,0.7415321640144372,0.1767650778218721,0.7052079104324952,0.5370359482191563,0.0758813685709678,0.1099962773535124,0.0753269280256971,0.2876825474445742,0.3751922431902737,0.184005578189774,0.1293030459176001,0.6655994557461941,0.1320154227948385,0.5465833477254094,Healthy,0
21,0.0793559596087671,0.1314662318006351,0.1333400823456409,0.2041229800799959,0.3310848208982927,0.4257840980779376,0.2372197127661954,0.4315601227862479,0.3075585323764226,0.0960106393145403,0.1338358747766505,0.1069811134743366,0.1797172921207486,0.3172212109411467,0.2178051448832378,0.1789717163917329,0.4956127898556522,0.2767020827993108,0.4065679089658082,Others,3
22,0.0443010634072375,0.1121641819505395,0.104948764489644,0.2483299951899694,0.3820588696110954,0.569005669968882,0.2121371139119461,0.546098946230348,0.4211367200425848,0.0424477622663491,0.1384240141150587,0.0631720461464156,0.2106094586913448,0.3773854796891751,0.1737387555697099,0.1168359913402888,0.7132177187231141,0.2836351303587268,0.4632746555549245,Low_severity,1
23,0.0472180014885666,0.1271803246977183,0.137680026123843,0.2279864672467477,0.3955720194505563,0.4836211983939444,0.2687567498141681,0.5134203562303123,0.3743887966609553,0.1051972001423198,0.1153837655910761,0.1185076928470063,0.2324498827846563,0.3574221356108462,0.1616342610395041,0.1150177823403685,0.501995101962805,0.2118633346367643,0.5119190970427466,Healthy,0
24,0.1016582089683702,0.1327747567358897,0.1855655333021683,0.1758493065382748,0.2754620215607876,0.1949915733026883,0.2207184017340861,0.3495208477301939,0.1403130760461472,0.0828933112032794,0.1210565260655863,0.1227350027048239,0.2573781351823491,0.3692762537361602,0.1962902676298754,0.1796910916972958,0.5010886393427636,0.178564325938779,0.5062270725015268,High_severity,2
25,0.0800869452786746,0.1650821066104418,0.1438529033576296,0.2017914985259507,0.3074653088733563,0.3625211681729993,0.2075059357322384,0.3013098740940977,0.2579774097859916,0.0827899880185047,0.1779822931263841,0.1118546694271947,0.2091945576111604,0.357525118085898,0.265927792855223,0.1549625210606028,0.5233937531914932,0.2617353284801568,0.3352760787251566,Others,3
26,0.0451130852555976,0.099414163330597,0.0670136549657259,0.2623530225117365,0.4669208503311678,0.7489817410153591,0.2805089218704235,0.6489210063569524,0.5801729122831752,0.0715089761224442,0.1127197551766595,0.0479487443454161,0.260513119488427,0.311506256797808,0.193189478457148,0.0913181277686959,0.7332142037644871,0.0891458216685728,0.4685863101509027,Healthy,0
27,0.0380956011272323,0.0835361574268368,0.0606725335194894,0.2471659979054586,0.4693606549892931,0.7710613794196998,0.3100996399592017,0.6978236967517022,0.5951576988429034,0.0924698589659174,0.126320446819827,0.0773653907687595,0.2562519085793551,0.4112699568698508,0.1896638810953287,0.1769014185874373,0.6833409979747179,0.2322291692814841,0.5300494727850646,Others,3
28,0.0367463492912803,0.0805377183034873,0.0595839822598192,0.2723772737993999,0.5325169433430071,0.7987370744298165,0.3231973394804271,0.7372576269555299,0.6495731529878542,0.0501423015638122,0.0942330049661571,0.0214678606046242,0.2953751342996179,0.3877414994009734,0.1798006724743542,0.0936311211348918,0.8950763951033249,0.1352131693836627,0.6089709969622052,Healthy,0
29,0.0608411937125389,0.0992096063096619,0.1122168368520681,0.1874356474465855,0.3473282955190166,0.5116177761558682,0.2989966884934796,0.5556497851430974,0.3675358001441414,0.0422297284264138,0.1398569624699492,0.0861061080778227,0.1828921723902688,0.348004356609199,0.2236444629143107,0.1210617662933198,0.6032986298088798,0.3110063358863957,0.4266527925028647,Others,3
30,0.0562612492490027,0.1509802458421928,0.1572671824433565,0.2162359404549447,0.2962858666037523,0.3065103066829046,0.1561883319818229,0.3248750949785414,0.2186852912367874,0.0881010034559304,0.0876046889180455,0.0892246649588599,0.2500869220874243,0.3519726259539454,0.1995935745324185,0.1467256078429516,0.5955339400463654,0.1692286156709537,0.6014139676722998,High_severity,2
31,0.0270859418459079,0.1166751948685947,0.0489781516494398,0.2958115845979325,0.4584568750904553,0.8069579391706224,0.2156331587293425,0.5942664269203346,0.6096850604342797,0.022087290107282,0.0965029033605665,0.0831382254130766,0.2499374961015403,0.4417717361995837,0.1649461006028869,0.1557085890826853,0.6832286239809423,0.2773336412756329,0.6414361878931408,Healthy,0
32,0.0739433742947212,0.1425512896351604,0.1812498039116091,0.2035373693226753,0.2947508276288035,0.2384472124540828,0.1830536201021235,0.3480420788856425,0.1744379358721163,0.0767995199909696,0.0965632001102932,0.1628296558783643,0.2508989276496793,0.372109036230021,0.264389567453724,0.0952305749221667,0.3912212435537455,0.1945562747312597,0.5879286519537875,High_severity,2
33,0.0537321140537914,0.1015753372805267,0.1398511624509944,0.2258796835406308,0.4022281664915989,0.4840195706270704,0.2807614694545199,0.596766054543082,0.3776732683684082,0.101431027238153,0.102384001651845,0.1088415365984729,0.2147819510944725,0.3331082026021175,0.2476585762947686,0.1744902615090723,0.5074483501433977,0.2159671071095239,0.5298009899982569,Low_severity,1
34,0.0669501941046238,0.1335661544385519,0.0872690450484302,0.2666770870805722,0.4025316260260242,0.6436548571605999,0.2030077258181366,0.5017097279425218,0.477766771922929,0.084288814283827,0.1444603206133593,0.1253025760480145,0.2476342952826156,0.3747601700677698,0.1435228468492608,0.1023525765733717,0.4988525859152802,0.2042529004713866,0.4435492311797943,Healthy,0
35,0.0558557200745249,0.0995307728595615,0.0936009903122386,0.256049074225721,0.4259210816590266,0.6396650099693332,0.2490900898924582,0.6211612081919464,0.4889351106017363,0.0937847035695,0.0970951329086007,0.1013220911116373,0.2452190584255314,0.3617484838268336,0.1768199612295088,0.1358431375209322,0.5623902852168907,0.1919862550950896,0.5767833337231102,Others,3
36,0.0483059775623436,0.0921112110132896,0.0468872878729606,0.2628934278810528,0.4683142998124953,0.8179846918422677,0.2809336719941437,0.6712811632091332,0.6226748712543984,0.0807118668702013,0.1260297023776968,0.106638933787837,0.2257986621889093,0.3264879387109907,0.2015765604771012,0.0978847144401866,0.5075856957449543,0.1823134516716818,0.4429843571424581,Others,3
37,0.0320235955330395,0.1126881347149726,0.0621782661682655,0.3122036852078383,0.4837153615206694,0.7721964023229214,0.2154888452761637,0.6221077326801954,0.6045601830711826,0.1178964049756737,0.1434962538056418,0.1224332363590615,0.2218495171667135,0.3975401508697551,0.2311755073266439,0.1722779101920456,0.5290788360859544,0.2836512179158552,0.469550468080851,Healthy,0
38,0.0467979915362837,0.1097840577979852,0.0672781112254147,0.2932596240026738,0.4757335889035185,0.7522038246710334,0.2372894348589059,0.6250017111646405,0.5874173956451477,0.0557651527675128,0.109260766675303,0.0581651927868857,0.2351748099921801,0.4614520286773591,0.2397316340138879,0.1261265515088891,0.7761229213189652,0.3248184050981111,0.6171077026307523,Others,3
39,0.064180834214602,0.1468351322465486,0.093237933089249,0.2634012109028007,0.4088494014681001,0.6285987449914483,0.2163600715101339,0.4715162170702043,0.4724310808472583,0.0835545279039711,0.1417534702090218,0.0693859994367207,0.244306671850274,0.2965630633565118,0.1686490310790633,0.1168031618006463,0.6207887572816381,0.0966154844775315,0.3531913156188163,Healthy,0
40,0.0685471869277689,0.1176742395662455,0.1055184893298558,0.2319650814559436,0.421418852901028,0.599502707919221,0.2899578050255175,0.5634362925049383,0.4614210876073328,0.0652115896102105,0.130248851784197,0.1105486480209839,0.2175921533170875,0.3638794940537244,0.2412987969217117,0.129153591714012,0.5339709506373429,0.2515812101898539,0.4728136813793725,Healthy,0
41,0.0867297652917613,0.1414722986582972,0.1865831815038647,0.1895891380659127,0.2332994475383187,0.1112602970525855,0.1033612893806339,0.2450215359400288,0.0761775435684061,0.1105492732233675,0.1366248035905773,0.1231105288974865,0.2010985025386846,0.3081843631241486,0.2447654414702154,0.1785453429805259,0.4291120475810739,0.2102679430341552,0.3856925000010157,High_severity,2
42,0.0906493019997827,0.1260627067255737,0.1582220588986204,0.1845688683593403,0.3264841792925794,0.3471424692652405,0.2776919374324877,0.4428744926972408,0.2563131732104772,0.0828127564670325,0.1463777797216586,0.1179572010474736,0.165091271885206,0.3417447764071828,0.2625092798296731,0.1674750507075205,0.4868101211981034,0.3485417130789149,0.4002416897816058,Others,3
43,0.0670018919428394,0.0945822816252735,0.1449632592500778,0.2377331697701266,0.3206075635764755,0.3772665633555678,0.1484297828489306,0.5443901977934257,0.2728608303618173,0.1163152479716396,0.1671420643913628,0.092681599786431,0.2218791811377467,0.3127742622441516,0.2357346872180528,0.1607360018241642,0.5428276739062647,0.1700074734980792,0.3034533100254227,Others,3
44,0.0713704067247633,0.1120485529709683,0.1037891100181176,0.2285842711175231,0.347266689441477,0.539794809677799,0.2060991931119546,0.5121060978405172,0.3840115052582203,0.0641715756649959,0.1021820219688169,0.077268027388678,0.2690085460310714,0.3041259058280269,0.1555740566594428,0.1407137875279747,0.5948124987883592,0.0612724635258689,0.497021766112777,Others,3
45,0.0728764717936354,0.153674538038457,0.1922894398867239,0.1870072014943098,0.2603795870455113,0.1504192756907587,0.1640021284282306,0.2577079723222537,0.107209553213958,0.1156780001715439,0.1042727964736212,0.1583554463094941,0.241712976567562,0.2730344320496397,0.2469443406715148,0.1222539702022906,0.2658360603553031,0.0608482042993057,0.447279094642668,High_severity,2
46,0.0285062203999024,0.1112912495483124,0.0608959479037981,0.222856056615783,0.4448409760026811,0.7591793478972518,0.3324635404119654,0.5997669459343073,0.5726323936794008,0.0828091420912985,0.0857065048378521,0.0501183297116093,0.2478721970505232,0.4369856527757432,0.2158738940088232,0.1148892989512304,0.7942191749051832,0.2761353407472717,0.6720574296383021,Healthy,0
47,0.0547748053877891,0.1041700171362863,0.1088949466923795,0.2616091426232744,0.4676651662439828,0.6222598676214747,0.2825494071507389,0.6356641907882975,0.4998841428924615,0.069726967684159,0.136793397762354,0.1015927929817759,0.2564273593422796,0.3419112908389703,0.1821094870011112,0.145048322912841,0.5418631003053521,0.1428688109497785,0.4284852393569158,Others,3
48,0.0944469725357802,0.12996768387638,0.1719815920054619,0.1737411647572423,0.237933795582697,0.1608922367254412,0.1559303747122433,0.2934647391607635,0.1087225325731374,0.1003238504163792,0.1606800408450213,0.1355143612507259,0.1883719501652534,0.2945684989667325,0.2306050132780025,0.152906678908958,0.369822079483906,0.2198957428236787,0.29409969810573,High_severity,2
49,0.0815505754397884,0.1349787842199082,0.1539240238862436,0.1947890667700498,0.3009920646021619,0.3232860838239325,0.2142134726631604,0.3807898643471173,0.2310172210241861,0.0883121804411434,0.1123619211415102,0.0641398360583929,0.2736044326677395,0.4203748094012285,0.165908335393803,0.1782060884593831,0.7352408780232083,0.2114910185150796,0.5781709249631101,High_severity,2
50,0.0490235650789237,0.1099409957479399,0.054519033722853,0.3240432509650144,0.4732299953522246,0.7933903021350813,0.1871212223366743,0.6229545110241719,0.6111087674870253,0.0742835986649189,0.0539740563490209,0.0505651415445631,0.319127683796659,0.3666629897026766,0.1942061995630455,0.1175439329299948,0.757613939436891,0.069314599546043,0.7433699344570455,Healthy,0
51,0.0841683748605678,0.154482490989483,0.1898983252830154,0.1413667066278167,0.2532230434437416,0.1429060357497095,0.2834750187901226,0.2421859506801239,0.1007156452931659,0.0852083310792379,0.1171419325731395,0.1052150100519349,0.2154257195465501,0.3231607179365829,0.2508360333193327,0.1699922102072427,0.5087723081511515,0.2000328840315567,0.4679026690503519,High_severity,2
52,0.0326904346253859,0.09534669511578,0.0691345274735323,0.282088484258269,0.4752538633453772,0.7460102800152111,0.2550568837175351,0.6658023070537509,0.5832877971097585,0.050185032396225,0.1201191882308147,0.0878511685209392,0.3364806159569751,0.4416782572616908,0.1353863558956565,0.1502756927938774,0.6681915518062188,0.1351878709158595,0.5723754559776931,Healthy,0
53,0.0708438183259286,0.1071133301176657,0.1451666392506418,0.2140779263275538,0.35585994892611,0.4205232110379336,0.2487675038888278,0.5372807245424727,0.3157158543499134,0.069720551886961,0.1178657689838711,0.0863489810185232,0.2154102958016663,0.3971438032392334,0.1923136806200413,0.0918072134499659,0.6428117075166548,0.2966815628564307,0.5422773659328758,Others,3
54,0.0835764604522218,0.1491586369610912,0.1832351449478622,0.1810390043381314,0.258686024543708,0.1707337978007524,0.1765808519087993,0.2685517254988709,0.1201547677868403,0.0475368335005064,0.1325841485435897,0.1102449633049703,0.1833355767671967,0.2754917173754598,0.2326151146249122,0.1429101465201479,0.4283926376381894,0.2008514789436442,0.3501985311236681,High_severity,2
55,0.0575722088811847,0.07218502528441,0.1168361489288041,0.2525798669391444,0.3544707831754947,0.5042035626034517,0.1678458234368229,0.6616240826769682,0.3669817846329959,0.0956569372506558,0.1064981883258964,0.055901746722152,0.2144431395073003,0.3278250560478843,0.184297694035819,0.1810319085516326,0.7086377791772162,0.2090882656772843,0.5095901971378556,Low_severity,1
56,0.0963589742780402,0.1473977464422599,0.1819014803592751,0.2090321606648795,0.2969887701816111,0.2403208035501865,0.1738201014127902,0.3366236781346026,0.1763537175266753,0.0598004817162006,0.1561797585223855,0.1829271475767313,0.2094671138396279,0.3319050852349949,0.2348694080756099,0.2242634183050491,0.2893718150563908,0.2261622809679781,0.3600302876849006,High_severity,2
57,0.0387376131330745,0.1397532288833439,0.0662648298179119,0.259854549720213,0.4518803539506746,0.7442229247951204,0.2697996167394034,0.527568302617631,0.5681147398430492,0.0644860644213286,0.1191789946284534,0.0818669765458074,0.3208133972630608,0.4627132996454223,0.1179001562054948,0.1924279736054728,0.6993391787217069,0.1811041065253398,0.5903743843964356,Healthy,0
58,0.0571858734014266,0.0964001839263252,0.1076912071521368,0.2178130180941624,0.350887605930439,0.5303262859954893,0.2339976117742397,0.5689567830268937,0.3805577519435832,0.0913307717347152,0.1341744791772465,0.1105586983145984,0.2274176645335561,0.3261226734578599,0.2508902134022349,0.1454146737384899,0.4936413345691912,0.1783158374373691,0.4170093018862912,Low_severity,1
59,0.0916001053776726,0.1247350615749667,0.1286944949027881,0.1873610191053181,0.3583033840385308,0.4714782118453735,0.313273807029242,0.4835398187962317,0.3489504294305488,0.0996223042617237,0.1281544437734106,0.090195864503443,0.201899172644828,0.3216776251178901,0.2170457796426149,0.1681369752083894,0.5620215101177449,0.2287695959501722,0.4302120607395893,Others,3
60,0.0956058480106436,0.1441007728575331,0.1789849946687482,0.1996136864084433,0.2413821927561771,0.148434987206447,0.0947140513577043,0.2523624351176363,0.1016939743288903,0.049053661387445,0.1452189229449731,0.1019321576946664,0.1868542262169483,0.3324263905782585,0.1998243541232697,0.1967697022401495,0.5306543034552258,0.2803342925829268,0.3919382485978899,High_severity,2
61,0.0735700939486522,0.1285007045323647,0.1673427013232576,0.2163947124041614,0.3310213791426012,0.3284319320652897,0.2093958663410023,0.440720221736907,0.2459203225885803,0.0822341002952041,0.1391840155761307,0.1655296516604614,0.2556911474609867,0.3546972281362132,0.1401394295783495,0.2006216357508636,0.3636251486076343,0.1622017794463396,0.4363664652258103,High_severity,2
62,0.0712204386393538,0.1388718577867421,0.104638382974621,0.2201191276540568,0.385122075779894,0.5726956674259838,0.2726234552268775,0.4699486047806244,0.425078144400048,0.0890696152027804,0.0984612563707841,0.0469501488928995,0.2620085888194583,0.3768050134310286,0.2455933086401602,0.1581347827071449,0.7784090764326325,0.1797025364005276,0.585658555521549,Low_severity,1
63,0.0545970715509234,0.1123742427552944,0.0875233883112007,0.2364072351472776,0.4326066417295246,0.6634557389260995,0.2932665724337087,0.5876029932259956,0.5074106877402886,0.0722076258275058,0.1219703161543606,0.0915091281097788,0.2333091115619224,0.345053614404165,0.2043034859627792,0.1562328799358425,0.5807744491303858,0.1932083411073673,0.477669951479817,Low_severity,1
64,0.0157339026531135,0.1027020284276203,0.0987841839667691,0.249559195398917,0.4156574090383605,0.6159556874485298,0.2496904204307255,0.6037420330198561,0.4685433255938903,0.09850231531106,0.1299964657183682,0.0452193187109263,0.1958611440332011,0.3655395999085816,0.1854480938756062,0.1367629272076725,0.7798255051264577,0.3022412380219006,0.475329951801198,Low_severity,1
65,0.0391755624744835,0.1140229882593361,0.0969884156406041,0.2752634893768323,0.5029499660955578,0.6766720763558106,0.2925758673505785,0.6303792979756839,0.5536149440673805,0.0515732043826649,0.1399104865757695,0.0693448737785684,0.2168362812971491,0.3927662107491587,0.2105655423267319,0.1404886055792728,0.6998779033857705,0.2885977858480361,0.4746889162661253,Healthy,0
66,0.0678466769247395,0.1243994642321372,0.1265927478422526,0.2313076166447875,0.3560149852243389,0.4753803589600375,0.212331975957806,0.4821160588617668,0.3502245550206833,0.0342359342090923,0.1324767805051233,0.0835222957764346,0.2830076369784329,0.398751621661532,0.2408352238149688,0.1221156519385662,0.653631296421176,0.1697725160550011,0.5012436083432033,Others,3
67,0.050371205703828,0.1552786194394003,0.0729985366283774,0.2176555823164657,0.4127898899002707,0.6994636650773626,0.3095181362754256,0.4533102367533172,0.5170349095116181,0.0898937076657408,0.0896590630852354,0.0582494862146182,0.2665311659428174,0.3656420770413104,0.1947287290990642,0.1211518220391419,0.7251679850988231,0.1567780860680643,0.6061548931754674,Low_severity,1
68,0.0912018037032976,0.1501540915152501,0.20160717337297,0.1585113975983112,0.2634257040725807,0.1329336778061435,0.2486491613532054,0.2738809143138506,0.0960877066643234,0.0778833061541928,0.1136590105158494,0.1246335129727762,0.21256543969515,0.3087966067922487,0.2344428477227751,0.1606862975068643,0.4248968528521105,0.1845764718499213,0.46191265610296,Others,3
69,0.0614244489404292,0.1023740248994106,0.0388505598020502,0.3103280664729957,0.4750559992762407,0.8488030202543824,0.2097418829679192,0.6454149572649552,0.6453337867802096,0.0298192039752615,0.0988436946797092,0.0063246777086161,0.3090508009502248,0.3473650732035678,0.1621366350038054,0.0862085289924675,0.9642360136684508,0.058368899598498,0.556962113727153,Low_severity,1
70,0.0596070339938582,0.0925015353480473,0.1370487019673563,0.2299465183202191,0.4060599563347519,0.4953175580157222,0.2769051024363754,0.6289262733235732,0.3868406980802047,0.0732070956976329,0.1238158757492363,0.086939968842195,0.2953610516041548,0.4325214196267641,0.2172009854626959,0.0933802188767748,0.6652687927453526,0.1884375204016907,0.5548891768417021,Low_severity,1
71,0.0660982720716118,0.1283964006405521,0.1631665770070101,0.2211803988655709,0.2739746053075368,0.2534833888535219,0.106621575056341,0.3618009312673143,0.1773607281245289,0.1118120935236677,0.1252181752423619,0.1104857765184227,0.2194421758348204,0.3342797651167501,0.2766498120021696,0.150907850036102,0.5031729476513686,0.207392159834919,0.4549782959005214,High_severity,2
72,0.0471290423827894,0.1110876522037854,0.0871619722506318,0.3039346196332742,0.4905153939238124,0.6982330367975293,0.2348552723350556,0.6306945155320102,0.5614204691497942,0.0382796242104655,0.0788451918476213,0.0349499319913707,0.2573304835793602,0.4405600873449886,0.1654792460970249,0.1076951405557991,0.8530002289325125,0.2625477566245704,0.6964020390005187,Healthy,0
73,0.082654121921607,0.1258564695539067,0.1638163234896151,0.1479083225949149,0.2188557938520048,0.1438293198489159,0.1934416920183026,0.2697882674066282,0.093533265548516,0.1402180519971607,0.1047011602967761,0.164140426365556,0.1948863175159959,0.3141273645700836,0.2922731523823794,0.1772754748788031,0.313604514138631,0.2342590214184512,0.5000285124798541,High_severity,2
74,0.0584545011504941,0.0820293581778991,0.1247539828591885,0.2372302372839632,0.4068911388276029,0.5306870023997512,0.2633989614936384,0.6644470474021628,0.4102241410890006,0.0566134180793808,0.0647333135235471,0.0755983365610768,0.2313682750570711,0.3675225194470403,0.2103503207854235,0.1553639404916862,0.6587913408449815,0.2273440260552117,0.7004861075966008,Others,3
75,0.0698410107338643,0.1304954865042552,0.1485192535388909,0.2040676882107422,0.3193779707953332,0.3651629211939843,0.2202908374549202,0.4198569202656777,0.2647885224187446,0.0837939438567096,0.0470185041215205,0.1002355234951485,0.18165084059411,0.2787201684067,0.2320889712481903,0.1619057660491714,0.4709908011034173,0.2108502184428803,0.7113115015998166,High_severity,2
76,0.104215633333144,0.1553374632917392,0.1569749812269553,0.1764717453856957,0.3055319008289045,0.3211993710052664,0.2677576330734807,0.3258937330836514,0.2315156219215389,0.057143716167184,0.1240936022659341,0.094770640610027,0.1773591499948154,0.2449580447329235,0.3094962379158091,0.1539159973136492,0.4420804324229636,0.1600666408614692,0.3275000760729933,High_severity,2
77,0.0288088531337686,0.1094724835493346,0.0765442608190496,0.2366501875996981,0.4115758138689709,0.6863711828776045,0.2698528381659302,0.5797990931291791,0.508589332863773,0.0735315124108278,0.1724241419380177,0.0847506159269055,0.1930880644537918,0.4232164651552376,0.2474942896061226,0.1049875712854481,0.6663145346097712,0.3734004694845166,0.4210463830548662,Low_severity,1
78,0.076713768911463,0.1346066618594706,0.1830575458478402,0.2142887997450177,0.2703068904403949,0.1924485857489805,0.1155975833667525,0.3351338274803635,0.1372759586023242,0.0831537801895628,0.1747437535442185,0.152548532335856,0.2503376456710757,0.3261934658598399,0.290768053539528,0.1934166701862605,0.3627108843143583,0.1315728131086235,0.3023327204470731,High_severity,2
79,0.0692824070459031,0.0973146913583058,0.1481220868327043,0.1983380966158262,0.3199301737397396,0.3670703068433172,0.2346122347804414,0.5335367814032242,0.2662171670444305,0.0470026387094,0.098140219909136,0.1716119522827515,0.1836149241912551,0.3548201079797812,0.1842225362907382,0.1477863452087911,0.348018613466785,0.3179681364680261,0.56667189655866,High_severity,2
80,0.0708667741462408,0.1450723927048939,0.1974983691903909,0.2088953661779978,0.3024621414774812,0.209944125680795,0.1829772202396661,0.351681796043139,0.1574518761000648,0.1476694474450779,0.1328918728669458,0.1355234422639569,0.2774963607048687,0.2753189060073969,0.3068731862639666,0.1525609596221989,0.3402654675975798,-0.0039388468962185,0.3489056157047084,High_severity,2
81,0.0905355762459812,0.1476043261457759,0.1843337527242344,0.1800048449034625,0.3226592031121499,0.2728350538119816,0.2837966207685828,0.3722484651161659,0.2060472959411504,0.0743398570683206,0.0922281120050109,0.1445437000182066,0.1976141136905539,0.2901389836803934,0.2264395615355305,0.1593022209791984,0.3349461322529689,0.189696119796185,0.5175938879380333,Low_severity,1
82,0.0677519505387928,0.0848654425864721,0.0950701452481356,0.2491072098986963,0.3889218556987989,0.6071416673741299,0.2191352296296569,0.6417572066890911,0.4479483219902369,0.0629430743961999,0.0829929767650413,0.1376769351747851,0.294477995889611,0.4111560061767928,0.1854760250589867,0.113558028411471,0.4982920127362018,0.1653520237764872,0.6640973486540178,Low_severity,1
83,0.0690773478980884,0.1425984707143993,0.1238932712055899,0.2282157590689089,0.3537263346965424,0.481205253408393,0.2156753686874899,0.4253824545548064,0.3526418590166254,0.1012602510887546,0.092853427051211,0.1097000938844055,0.2191654462280873,0.4155374643597531,0.1370994710084556,0.1353578267796005,0.5822838935923501,0.309392023978262,0.6347164018084195,High_severity,2
84,0.0804194834625696,0.1538865151204144,0.1604753340772461,0.1657596346671632,0.2749997205723585,0.2629872486892776,0.2478451894590664,0.2823900497909707,0.1836356607146661,0.1272140809101806,0.1255630740049705,0.162468039053663,0.168413449919357,0.2937472808220446,0.2472216669284289,0.1533274681123312,0.2877571972027322,0.2711910003725893,0.4010971941927305,High_severity,2
85,0.0858288645367785,0.1635915549952801,0.213615404827267,0.1792755159367273,0.2454717739269065,0.069390674743059,0.1558485705969581,0.2001651410488616,0.0498229511435341,0.1139220930335628,0.1287419176732356,0.1446311215729344,0.2502324030670279,0.3386232557667835,0.2036669832698788,0.1663125452991896,0.4014286125285868,0.1501061446446955,0.4490735510922354,High_severity,2
86,0.0775589018072947,0.1453324863587823,0.1547764106890374,0.1503856493860406,0.2522268617501123,0.2394340725494891,0.2529509380537648,0.2688765234670091,0.1611633397953579,0.058327616660226,0.1346073542608125,0.117075030418176,0.2625488100953748,0.3356591310876807,0.2420858477234077,0.1833247099334851,0.4828089401128104,0.122215564119256,0.4275273341621989,High_severity,2
87,0.0548270176237207,0.1187262333856456,0.1195059299182591,0.2646451646768491,0.382315598831594,0.5237114269849102,0.1818818710374686,0.5260825513899653,0.3934977359310017,0.0773589325385282,0.131040906119345,0.0969229796710246,0.2175126013326983,0.3681822291724927,0.14911158537271,0.1447494789038785,0.5832212676696381,0.2572493728685198,0.4750206997408459,Others,3
88,0.0641616481719605,0.1295119783487207,0.1371289927834175,0.1766600128161131,0.337820209314335,0.4225530133422812,0.3132485750975265,0.4457391047838621,0.3087718048782945,0.0368540650173652,0.1124285593492183,0.0480951670896333,0.2235619127424062,0.4263139678963165,0.2702585960165857,0.1933159326951424,0.7972418170613104,0.3119858132827423,0.5826260090361182,Others,3
89,0.0538553607687177,0.1160182476148488,0.0874264502047366,0.2651503522839254,0.3880646493452127,0.63226882569417,0.1881682091726848,0.5396858401087908,0.4622874559478472,0.0898961455107366,0.1124006306627311,0.0897335544103024,0.2227088544598811,0.3645112946215522,0.2009179375401404,0.1622169309047325,0.6049110755947847,0.2414808830784968,0.5286314948164483,Healthy,0
90,0.0617531138650762,0.0779761163677114,0.083540682573021,0.2814840662623726,0.4665420951770744,0.6962614139104211,0.2473951292807589,0.7135959286045,0.5471017438615713,0.0350760097230793,0.0852834287850298,0.0404539596505382,0.2442839016247695,0.4285850957607728,0.2645245441450192,0.1871073214646787,0.8275028094832603,0.2739035307795611,0.6680729614237024,Healthy,0
91,0.0390379463360455,0.0840453902243514,0.1013132980167192,0.2738029154209278,0.434666812950459,0.6219512778789534,0.2270582511680792,0.6759459688438159,0.48266396922793,0.0539501316368917,0.0796682152579075,0.039393665375521,0.2499937529106357,0.3920948498725863,0.150715921274689,0.1466561963348833,0.8174057293141648,0.2213107293074409,0.6622532743809835,Others,3
92,0.0489806099977423,0.1048661736434016,0.1145336689230685,0.2135837754128487,0.382672659131905,0.5392911857292166,0.2835841660109831,0.5698140677473723,0.4033352717463723,0.0756385697252947,0.0804788374219163,0.0990627521798139,0.2280405025985699,0.3609767023677539,0.2535924252658704,0.1566877353357351,0.5693293207764599,0.2256915394802166,0.6353932381944503,Low_severity,1
93,0.0574796709693345,0.1342069622126759,0.1598474625973784,0.1689134275733464,0.2375499129733652,0.1955283430455228,0.1688626711272402,0.2779853115264449,0.1298796706306972,0.0943576351897491,0.1443083274220878,0.0814504225729274,0.1662982764489807,0.3836300066412063,0.1641171794870268,0.1485510745571207,0.649736185585974,0.3952001322263027,0.4533136993049388,High_severity,2
94,0.0823214346403955,0.1341316528529479,0.1562140693080361,0.196837494852455,0.2820100331095264,0.2870585234986126,0.1778698505964381,0.3553558445233805,0.201118203226734,0.0753948878492577,0.1157071032994565,0.1050910640291228,0.2103027214193897,0.3531022815565175,0.2237083403061725,0.1791287458036058,0.5412807058784297,0.2534580974305517,0.5063788949745379,Others,3
95,0.0656959301601711,0.1221006855686954,0.1159165702873396,0.2401865754498831,0.377404391829144,0.5300561736114944,0.222182356364137,0.5111133356050105,0.3948690778426466,0.1097081674751133,0.0718372238145212,0.0987797235139174,0.2585289097326414,0.3556434000518319,0.1790850743611428,0.1222007604652528,0.5652522136689848,0.1581225476499748,0.6639041874469597,Healthy,0
96,0.0895205234372356,0.1589053630670913,0.1683969180570446,0.1376808591102073,0.3145927576084707,0.3026893677385166,0.3911612173661362,0.3288025606506165,0.2230885682280134,0.1031013602624023,0.1294971641305352,0.1233898662246774,0.209352834813778,0.3741859260894987,0.2197760881222074,0.1258037071507098,0.5040358951113626,0.2824715380012986,0.4857990405277875,High_severity,2
97,0.0357400523669164,0.1227002669514388,0.0976794953137438,0.2636322410466503,0.4129061264758716,0.617382506889345,0.2206436361855737,0.5418267277719079,0.4678870711675609,0.0853283109837335,0.0815158854417147,0.0585653857335089,0.2378880483845069,0.4285771292576835,0.1669477768981997,0.1744466439242579,0.7595554322144606,0.2861200963984244,0.680388152385295,Healthy,0
98,0.097546336142954,0.120266573777664,0.1574210911707488,0.2050731032045024,0.3265093735509918,0.3494061537900254,0.2284429522351334,0.4616246711723989,0.2577747439114945,0.0562948334572434,0.1681856456753597,0.135180935211415,0.195393397047265,0.3813809634427897,0.191344415315551,0.1225459463633496,0.4766128296972695,0.3224615709989273,0.3879335356810149,Low_severity,1
99,0.0565132726682929,0.1221620219300017,0.1287921008744787,0.2276447023976761,0.359377228551525,0.4723466096245158,0.2244081851266449,0.4926186315742988,0.350018646820863,0.1142663226181684,0.1048211470999516,0.0936733323907416,0.2179380011797324,0.2017898333814408,0.1589630571511872,0.1565718565020182,0.3659220962726115,-0.0384729495368697,0.3162596660081909,Low_severity,1
100,0.0553523239556112,0.0932831519085038,0.0831936649355158,0.2731716274042876,0.4293781684227301,0.6753872939507769,0.2223423050526425,0.6430455123429216,0.512829547616996,0.0537078403177677,0.1300379622076437,0.0967257050988532,0.2895178962136688,0.3953560492024978,0.1702659213033543,0.102840762079872,0.6068714019434324,0.1545366905796306,0.5049887917122396,Others,3
101,0.0766140139481317,0.118809972048686,0.1109473744897594,0.2306625687105485,0.3880155469143705,0.5552880996546085,0.2543373916578279,0.5311602608654507,0.416033718301327,0.1164406674862114,0.1480409144966194,0.0655312635819742,0.1993772143749459,0.3608299615838158,0.211307300638026,0.1806379160107432,0.6926021424368853,0.2882018548451346,0.4181592169828984,Others,3
102,0.0322525623409839,0.0997424538283716,0.0883150676693246,0.2776972204625189,0.4692310844289374,0.6832008710419367,0.2564287130533261,0.6493951049679054,0.5402828273789888,0.1110138589428944,0.083584580332396,0.0689901877465663,0.2785735575194932,0.3943676469860336,0.2112382295092964,0.1546685307773456,0.7022163754439158,0.1720716292764763,0.6502387663246147,Healthy,0
103,0.0374454328236688,0.0436709090039096,0.0852031465389161,0.2500725024425118,0.4611402216192641,0.6880967116846282,0.2967715734489853,0.8269811961158651,0.5389297909090145,0.0777541394030589,0.1093019730143602,0.1046007362981118,0.2584602652449939,0.4203386013635565,0.1806894503393412,0.1325271231425537,0.6014749560813876,0.2384776169815183,0.5872598199534105,Healthy,0
104,0.0446977096601944,0.129225838632576,0.0708997195138813,0.2955348462094613,0.5216944626822057,0.7607140885145549,0.27673948304603,0.6029442056990535,0.6188867978349997,0.0884168035405638,0.120365286553694,0.0994060781012506,0.2659192891104089,0.4092043605884623,0.208782526847527,0.1520802665770143,0.6091072044948921,0.2122353016991236,0.5454222604968011,Healthy,0
105,0.1067489406398721,0.1374472466421169,0.141560630922273,0.1900525542393724,0.3258589213626431,0.3942887915994383,0.2632357944060046,0.4066677452880151,0.2857575443949041,0.0135918786732541,0.1273642125508301,0.0835674765791996,0.205197084648551,0.3675667324112106,0.1655715946430894,0.1552901183162328,0.6295227676650162,0.2834844711318733,0.4853253212502262,Others,3
106,0.0871454609448469,0.1333028077055461,0.176091122494452,0.1665436482170255,0.2922075214992916,0.2479537374154576,0.273926000799026,0.3734450209250968,0.1798769414659892,0.0829392279752886,0.140146697401119,0.1030728301983548,0.2049881167864086,0.308144197830086,0.2204238114507214,0.2370433918661221,0.4986937642512895,0.2010321277871073,0.3747510873320828,High_severity,2
107,0.0926985255835578,0.1590171764596404,0.1710014870164146,0.2160003473864918,0.302388942075041,0.2775456515054368,0.1666481087568065,0.3107279246116543,0.2024687902180129,0.1061692947606242,0.0918125802266147,0.0792917373062009,0.2259850932300525,0.3985039512438807,0.2437817886001571,0.1787549159023727,0.6680935420458916,0.2762560200862406,0.625496697199819,Others,3
108,0.0890839236283626,0.1263275475059781,0.1485400870946664,0.2314222991877212,0.3482412874393047,0.4019901119118592,0.2015289401415317,0.4676112791075144,0.300519058812679,0.1028875449930909,0.1396204130244986,0.0899382649105119,0.2092833528813619,0.3674068681930976,0.2328778221646952,0.1309648451574691,0.6066941204766825,0.2741914281416598,0.4492587748366974,High_severity,2
109,0.0587695866516416,0.1092119502438697,0.0835720580959127,0.2590490921327791,0.4293319643093453,0.6741220405954219,0.2473671676217643,0.5944176610575063,0.5120325794427969,0.045076656323999,0.1014579748739067,0.046348758350638,0.2561218235967037,0.3974618045038641,0.157292090239546,0.1327153806508291,0.7911326938568928,0.2162538577013013,0.5932894262061916,Healthy,0
110,0.0370361048100158,0.0933810077275363,0.1048028823432987,0.2861432253340821,0.4627748386796129,0.6307012116176132,0.2358490492256316,0.6641912214686162,0.5029684714570278,0.0625890035094383,0.1190801530238539,0.0755258364008447,0.265621393710629,0.4061306239125857,0.2111380604406201,0.1186986522074863,0.6863912658756931,0.2091683039510694,0.5465433755245854,Healthy,0
111,0.0680502553858135,0.1331797320288437,0.095284470943776,0.2281774194201569,0.420491387683358,0.6305198494656209,0.2964748206745687,0.518921152694146,0.4802342672020874,0.016624895214972,0.1371996483723834,0.1043527387121137,0.3103313260498032,0.4201414887905528,0.1704552385240544,0.124437114522463,0.602082412960081,0.1503275146040151,0.5076636579500367,Others,3
112,0.0250000987562724,0.0919981368326706,0.0854586484958547,0.2965736876229634,0.4712850420274228,0.6930054172126024,0.2275305960043031,0.6733503137130931,0.5476631613582401,0.0750239894832263,0.1235066664015862,0.0507431205266249,0.2664694068820197,0.4388115369081239,0.1414550230637006,0.06555534401869,0.7926968122721278,0.2443595442972646,0.5607232144552786,Healthy,0
113,0.0827592946057786,0.1205008132570768,0.0996705007046106,0.2328652605058268,0.3727944468806966,0.5780829828159292,0.2310359838508605,0.5114454851099848,0.4212860528098266,0.0353048915618779,0.1278472690102289,0.0933304163473472,0.1791564875566986,0.353318971270924,0.2196486802681166,0.154646807047536,0.5820864466196825,0.3270807711921361,0.4685941850969187,Others,3
114,0.0488949020669838,0.1158505383374193,0.0772572883468617,0.3063990041811024,0.4538631168610963,0.7090780636958884,0.1939648294957061,0.593302574792414,0.5478591442067526,0.092655302684718,0.1249501104256317,0.0705077377507323,0.2893209921383775,0.4306974804146206,0.1746824110945,0.0784454424290758,0.7186472319309689,0.1963511960671771,0.5502541089517486,Healthy,0
115,0.0349173581007199,0.1308411406638737,0.1612263609931433,0.2143747166081903,0.3797004319573103,0.4038884259596625,0.2782909127714365,0.4874417768092065,0.3148262766081466,0.1044229682866394,0.1382423007481984,0.1289783702365854,0.2270778380492012,0.3586080102985006,0.1895361353766904,0.0715598364865308,0.4709517107715673,0.2245746121753898,0.4435253529097416,Others,3
116,0.0440716927852994,0.0989740981338066,0.0749195589469273,0.2723255030648445,0.4508716348246036,0.7150216289872603,0.2468844557112346,0.6399932119095194,0.54974941999952,0.0582217571940398,0.147282188590007,0.0614279152358678,0.3130421066661401,0.4645194281049343,0.1577199153937257,0.1119425747659708,0.7664103982513553,0.1948107187213052,0.518529586810669,Low_severity,1
117,0.051551328553895,0.1111006102287457,0.0571517967244424,0.3108052161747604,0.4425859639099255,0.7712728505770952,0.1749167646485483,0.598687721834048,0.578302904565061,0.0777876466889703,0.1063711053351226,0.0574358980264484,0.3014885811371985,0.4404364007713799,0.1324186372664182,0.0935735292470396,0.7692745783803027,0.1872801469452377,0.6109376548521464,Healthy,0
118,0.0793556668652341,0.1787171924514728,0.1590835812611577,0.1799994547953153,0.2301346585800267,0.1825481697565368,0.122240999101748,0.1257606294280723,0.1198542845874801,0.0817538035750672,0.1344188968410865,0.0931613559172391,0.2017820274798561,0.2964357182411952,0.2195287344017634,0.1423738266322437,0.5217553616465098,0.1899845831953465,0.3760359428183629,High_severity,2
119,0.0678751072636885,0.11791520177011,0.1241202584118256,0.2237970672853108,0.3526388435204549,0.4793166699543962,0.2235144858602646,0.4988239801559969,0.3509338965819117,0.079826879394504,0.1398786927434621,0.0592316506610387,0.2626472941077813,0.4593531043910676,0.2340871421694735,0.0442054221569179,0.7715642425505269,0.2724455702410527,0.5331399521442323,Others,3
120,0.0676632054963221,0.1371875959287321,0.1520385652869987,0.2450148780409674,0.3109863931909523,0.3432813393611537,0.1186535329385368,0.3877931372224448,0.2475758699263132,0.0590136278308072,0.1154584070612339,0.1267886122079935,0.2036746752832502,0.2458345903181109,0.2347840337942207,0.1368404326583825,0.3194808517104556,0.0937909811012649,0.3608599784733347,High_severity,2
121,0.0328135433556855,0.1027418044492504,0.0740338670965607,0.2546692156116821,0.4253916003383248,0.7035238612207407,0.2510398786734287,0.6109248022644012,0.5273395736205646,0.0825246369215748,0.0767095122805325,0.0751378960105255,0.2524211263718471,0.4126977925599447,0.2113015903452829,0.1174959420141537,0.6919540830204286,0.2409744507726656,0.6865207710557732,Healthy,0
122,0.0680336622181602,0.1443256509781506,0.1181554869673055,0.2178111786157611,0.3514907063004138,0.4968319187463248,0.2348130776070341,0.4178261815712377,0.3609593183882347,0.0434367036387969,0.1346653585974082,0.1034120590116254,0.2511939870231505,0.319562643065462,0.2294825604589216,0.1312282413210048,0.5110248508773533,0.1197860041182473,0.4070583138669756,Others,3
123,0.0458098952733902,0.0875293626935996,0.0896467407991952,0.2917266627759607,0.4740863837013646,0.6819532615592958,0.2381256388412851,0.6882944851334587,0.5421091541395828,0.026967867743357,0.1031080722441481,0.1111749480476212,0.2889373435521885,0.4684465525783938,0.1512827097447398,0.1302023050965801,0.6163877705449237,0.2370121809340077,0.6392013369635091,Healthy,0
124,0.0709638743578462,0.127998620489038,0.1727567393726676,0.2069477877829587,0.3086020576460472,0.2822121858263202,0.1971764142000637,0.4136581691270988,0.2076386109026578,0.0801434324828881,0.0958985066489973,0.1462108077178988,0.2512044639674634,0.3453304937991528,0.1640184582240318,0.2004748763245689,0.4050924824968071,0.1577879529207987,0.5653118605005812,High_severity,2
125,0.0834533804889313,0.1014094198381704,0.1357038889494781,0.2157726430780419,0.3558403417467441,0.4478466820482566,0.2450393927136495,0.5564375168325245,0.333020624772374,0.0748087383813949,0.1347490802720309,0.0555970619510036,0.2333375078916985,0.3159827022745263,0.1787078103385884,0.165520970292109,0.7007530156176154,0.1504499431357517,0.4020875141720791,Low_severity,1
126,0.0335025682620872,0.0766880501769075,0.043802936257464,0.2859306336509571,0.4839502819029809,0.8340022012176637,0.2572081529122545,0.7264259477499309,0.6423925576705971,0.0723107928731104,0.1430013594339848,0.0916825597059013,0.3318624074004927,0.3858653508218925,0.1463700902717841,0.1470436554541301,0.6160278050234905,0.075241542218111,0.4592158793099395,Healthy,0
127,0.0585023050025059,0.0999261812169517,0.1172715588821928,0.2540172730735911,0.3526374407720802,0.500875450487336,0.1625639188943604,0.5583994101082499,0.3640020073642748,0.0578266020149225,0.0731030269714835,0.0922804713487458,0.2348178542039437,0.3464413221100667,0.1618777237687462,0.1644286296040524,0.5793212339819214,0.1920373431589857,0.6515122793024491,Healthy,0
128,0.0650424595810657,0.1182331290016163,0.1171914838755994,0.2098462270322863,0.3610845413724358,0.5099420514970467,0.2648978172305112,0.5066606707432714,0.3739635612070719,0.1185792971090116,0.1450942168366733,0.0837056244419037,0.1875958201255637,0.3442766219993475,0.2380599503198088,0.1133903838895866,0.6088359966427067,0.294583417873316,0.4070173156137252,Others,3
129,0.0312220567536588,0.1284194277017019,0.0631298719256126,0.3152769693864375,0.45715327818341,0.7573249415731258,0.1836752370111493,0.5613886152443125,0.5792853771264779,0.0731072000604759,0.047514901013933,0.0896906224384856,0.2084112405554639,0.3712939314148007,0.214059965835571,0.1377920158226298,0.6108736325814911,0.2809750520350572,0.7730950384289312,Others,3
130,0.0379118410437799,0.1145281359712408,0.0647888395563181,0.2571276125518866,0.4668099727307436,0.7562491184749588,0.2896414890476996,0.6059844202302166,0.584560288921536,0.076712005832453,0.1032369561941434,0.0364939980675953,0.2910430184934781,0.3469103689187437,0.263837122768556,0.1596539949854968,0.8096318080336542,0.0875727780863183,0.5413192506775251,Low_severity,1
131,0.0777155867053969,0.1214060077596491,0.1530284865528335,0.2067351872273044,0.3392691060583301,0.3783090193833162,0.242734206417114,0.4729213533873733,0.2815293832600416,0.088439788920922,0.1735564905123125,0.1525982219219542,0.2194991251686618,0.3412858761679989,0.1990146389504486,0.1488942692476036,0.3820484501845171,0.2171719120679973,0.3257878459715748,Others,3
132,0.1015065497941736,0.1243588724914543,0.1413768775918411,0.1876569233785636,0.2621676281867462,0.2993244830873234,0.1656439261683215,0.3565311963176966,0.2005281695960609,0.106248395767071,0.1194311886731363,0.1262421032541847,0.2264029676411962,0.3458212744069056,0.2819187378986391,0.1384696027424968,0.465147650810489,0.2086914499432741,0.4865962110872718,High_severity,2
133,0.0762146062580673,0.1457372724667977,0.1284477929980024,0.2109672947101018,0.3332346775346599,0.4435665150994065,0.2246728035920583,0.3914580072325562,0.3194197005949826,0.092410651589181,0.1248064810046937,0.0780707527243773,0.2142477466612242,0.3068341757441621,0.2677289102484592,0.1666677412721234,0.5943374742692674,0.1776811382278359,0.4217111893733835,Low_severity,1
134,0.0550976741442611,0.149865505684634,0.168582007143456,0.190636309017816,0.2674985526089176,0.2268308991385235,0.1677720907729681,0.2818475730882097,0.1585064625607039,0.0928971721177304,0.1455548302469369,0.0932644673407997,0.2100733689727277,0.2675989299885464,0.2146995003445344,0.1151382781084652,0.4831037559861975,0.1204289240571649,0.295396318484548,Others,3
135,0.0262620850565567,0.1187277788589496,0.115132823054338,0.2029568470938462,0.4106222409526124,0.5620286672015167,0.3384492690582737,0.5514205179355076,0.4321052290163574,0.0929503197719871,0.076240927251277,0.0482233332524091,0.2128697852416329,0.3701917715019046,0.2192445429255898,0.1104535839892961,0.7694952562445132,0.2698205437157137,0.6584438036720595,Healthy,0
136,0.052209348808445,0.0874573498477885,0.0655735178088831,0.2872320012588856,0.5068927944647943,0.7709087280666586,0.2766073977147804,0.705704286657689,0.6172491456449026,0.0260251484734678,0.1088499934364293,0.0644234909085264,0.2718011834228905,0.418372045944616,0.2128066281123899,0.0958544622572268,0.7331230883846265,0.2123682233459663,0.5870810197380275,Healthy,0
137,0.0487190457278171,0.1187223215631162,0.068770802675883,0.264213745849336,0.4554472165476196,0.7376251858806774,0.2657271697235701,0.586455519901792,0.5662999575494048,0.0302479956366645,0.112529491312806,0.0669663131005886,0.2479613145747837,0.413705135808686,0.1779790906196974,0.1380947965499112,0.7213634666567086,0.250494522032733,0.5723219814387994,Others,3
138,0.0676609764191554,0.0918590348411668,0.0928748903505563,0.2843262927856088,0.428737133692338,0.6438928319531267,0.2025217330525862,0.6471006112091472,0.4931357043146153,0.0700337446155095,0.1599374952022371,0.0479834170436945,0.2596360873098195,0.3985636949329547,0.1820198326927886,0.1366711851064617,0.7850913565142318,0.2110720959975831,0.4272617569050396,Others,3
139,0.0594510384558674,0.1319040401761486,0.1688724728445046,0.1920109678359763,0.372409648584951,0.3760278931861469,0.3196174546084245,0.4768968476735781,0.2932017724375701,0.0757864926708106,0.0921182713276973,0.1248947727363291,0.2399125153798994,0.4081203466958902,0.191325618543157,0.1827476586175104,0.5313649906615402,0.2595668231657028,0.6317026794466568,Others,3
140,0.076386854793894,0.16271105064691,0.1413256232883717,0.198341002954046,0.3564878838432082,0.432214589344129,0.2850372153513201,0.3732227096856383,0.3234506132915026,0.0940275765993462,0.114772099980502,0.141332664233486,0.2146801179304418,0.3808733210790466,0.1342527547991203,0.1270427098755462,0.4587091369743666,0.2790567432958052,0.5368781991967081,Others,3
141,0.0657938448497741,0.1118480511858996,0.1026857314446143,0.2382398534432868,0.444496395631828,0.6246743950016883,0.3021028141803685,0.5979179739254453,0.4896149227758859,0.073026247577093,0.0911749632054735,0.0862036399838744,0.2010663297828046,0.4804455894344154,0.1920221160112724,0.1030994913081185,0.6957424963857471,0.409940386622297,0.6809948040377332,Healthy,0
142,0.0421223192100388,0.0873561172532959,0.0489927401935233,0.3078733358483896,0.4709608290045667,0.8115495571303283,0.2093995108534664,0.6870733806709501,0.6205695556457594,0.0811092670639638,0.0836348346288255,0.0692452555073829,0.2070095351080768,0.5131667162797103,0.1512661802721825,0.1370814009349873,0.7622121149230214,0.425114241939616,0.7197231324164467,Healthy,0
143,0.0469470194556444,0.1106275860981737,0.1089817307315046,0.2488437014673384,0.426145042500693,0.5926881771463293,0.262673033613953,0.587804667361881,0.4596006788311177,0.0433034283763207,0.1404210959556648,0.0951221209454095,0.3393864991375139,0.3099088062122979,0.1460118745657994,0.1035710553796521,0.5302969992295342,-0.0453995164947862,0.3763634380943642,High_severity,2
144,0.0824970578379842,0.1335825538525341,0.1694236121602378,0.1931030660730726,0.2913310399304996,0.2645820877056587,0.202768493465038,0.3712483864625753,0.1903307376732041,0.0862904189800306,0.1309826298689026,0.1162932508980428,0.2612916042746555,0.2335863422141991,0.2481466491319769,0.1501066527526522,0.3352384466690759,-0.0559840305211101,0.2814384113903926,High_severity,2
145,0.0589550062846856,0.0840197304948527,0.1030866751264825,0.2845631371154269,0.4532094409511848,0.6293820066430588,0.2285884686548098,0.6872108405107625,0.4971940545301007,0.0414042690810586,0.098576554164914,0.0530722333372336,0.2883904423744767,0.3791907123405061,0.1334848402790983,0.0723449564924958,0.754444678324105,0.136013830415563,0.5873448807577708,Low_severity,1
146,0.0850684254473448,0.1548040606048669,0.1838735960680798,0.170404327967526,0.250935722352167,0.1542334155296807,0.1911315915103193,0.2369293468012722,0.1076082442097659,0.0966371021444519,0.1191981125723292,0.1019955040647304,0.1935093406138309,0.3357004518673117,0.2666095114722764,0.1810499652694161,0.533943584890848,0.2686857145761289,0.4759354199362601,High_severity,2
147,0.0627158705864408,0.1200010134482381,0.0922574340752929,0.2415856192878751,0.4316680385491783,0.6478222995604591,0.2823340312356811,0.564952889730707,0.4972196906146784,0.0288423841980036,0.0975360717963612,0.0734811956610479,0.2499559817529003,0.3792101662997835,0.1988720350141077,0.1723763987744764,0.6753585253194834,0.2054372838509106,0.5908260453785006,Healthy,0
148,0.0677899839970398,0.1253362474408044,0.1600648052128976,0.1793839452736424,0.3483335178904366,0.3703173360768,0.3201515667186931,0.47078637221797,0.2800511093148353,0.0895377554587275,0.1131548443257541,0.1138240816971222,0.2017892496468484,0.3668934656192342,0.2047430279331991,0.1253711609731183,0.5264409117888285,0.2903274735458323,0.5285689294949449,Others,3
149,0.0433157829847282,0.1074492954288985,0.1009829712581658,0.2632770100351221,0.4376176652876983,0.6250172598911635,0.248740162239466,0.6057390993296109,0.4861849909158997,0.0421666894816634,0.0849427816629397,0.0913000192321123,0.2016681854222235,0.3553900923560082,0.193307408143415,0.1678974177094888,0.5912154002804642,0.2759530071914349,0.6141883258106022,Low_severity,1
150,0.077117553936963,0.0916491385566984,0.1065601450952423,0.2372853409691092,0.4089383180712646,0.5865743442155588,0.2656247178524163,0.63383365946058,0.4466449491708032,0.062969159546913,0.1065680711476329,0.0903334233491947,0.2295232523931439,0.3498739629002055,0.1441921134119495,0.127549739421768,0.5895869711826407,0.2077171020681,0.5330488289934147,Others,3
151,0.063099028334705,0.1241765258008437,0.1296791265597467,0.2228475593361979,0.3295005639784428,0.4351704605761023,0.193090191023408,0.4525774891509047,0.3124880135440174,0.099999591627821,0.114232612612625,0.0608287787879164,0.2691631840710122,0.3228428309181901,0.2400969958535919,0.0992663156315385,0.682912275763581,0.09067415784307,0.477286522025476,Others,3
152,0.0611246282557217,0.1150995941685538,0.1455068130814172,0.2240383690674747,0.35786528730556,0.421871760593978,0.2299812293193331,0.5132848180616835,0.3174671801352275,0.0840489747108409,0.1028226422961172,0.1194402717522545,0.2571291310843676,0.3412486953797791,0.2164185383163465,0.122135204232608,0.4814710997060933,0.1405793473205373,0.536909349591205,Low_severity,1
153,0.0731064278541923,0.1155097909479214,0.1458351237086777,0.2126336601064565,0.329126209325599,0.3859073841779318,0.2150261689579654,0.4804298757776477,0.2819974691403643,0.0459659106242711,0.1292137970318595,0.1076037209226792,0.1965576888589278,0.3713931617336418,0.2288432601272807,0.1283156714204159,0.5507122287479077,0.3078355683283155,0.4837714707342412,Others,3
154,0.0531370844368682,0.1331796258012186,0.0922361025925423,0.2749051450180604,0.420353920965457,0.640117449214827,0.2092008332773683,0.5188019711572919,0.4860572552650486,0.0560560637552672,0.1183957836755662,0.1547231285273523,0.2388580618182042,0.3602350954473768,0.2016621666382433,0.1184008964591588,0.3990847361049421,0.202601268529204,0.5052731077755866,Others,3
155,0.0754830965870135,0.1451453526074901,0.163440005855305,0.1689813434803976,0.3304221941554871,0.3381149403548867,0.3232673349478673,0.3895910114327858,0.2520201316113575,0.0524094050953686,0.1151577998208311,0.1036599504690425,0.2415942298463808,0.3139508163044294,0.20746890600363,0.1780018840541796,0.5035570980607804,0.1302443194469714,0.4632696921321406,Others,3
156,0.0489978157924446,0.1096343536874396,0.0783707072880971,0.2547097732633734,0.4608344598371324,0.7093102512131687,0.2880670083533558,0.6156341903772894,0.5520523251540179,0.0319239998504979,0.1069208597643432,0.0887897382383742,0.2344534844607555,0.4086049797779003,0.1257745475948913,0.1791471655676171,0.6429807755398436,0.270817515050253,0.5851968938772005,Low_severity,1
157,0.0477903614776175,0.1131720034396932,0.0586821192388905,0.2911495195686921,0.4686400406360832,0.7774335171015614,0.2336048431878356,0.6109671341731335,0.5985823202437565,0.0713040317086941,0.1639260981253748,0.1578940833284381,0.2549567036774884,0.3796765030014188,0.2108975317422889,0.0794767622963655,0.4125642758603118,0.1965226496366308,0.3968899420805399,Healthy,0
158,0.0732892340824522,0.1389952258412401,0.1472875612449396,0.2000771817457448,0.3755385303835,0.4365714963222857,0.3048237651274505,0.4597235879679417,0.334735744922916,0.0930770496913786,0.1767256727599749,0.1098998930540669,0.2405544511458316,0.3875951878173205,0.2393209580374685,0.1388150710059738,0.5581870161949269,0.2340855228607627,0.3736695376485423,Low_severity,1
159,0.0378201468136763,0.1151353462938782,0.1289928064889663,0.1718890404596293,0.3477794792326547,0.4588913393163001,0.3384666034363154,0.5025635821323289,0.3359841530240381,0.0877760783245453,0.0943137430396711,0.0968550907619862,0.2455624204177235,0.3160552578836254,0.1880939358160321,0.1196190694467363,0.5308662469725891,0.1255174831374828,0.540346649832356,Others,3
160,0.072461315400886,0.1059572490047222,0.0715700958392884,0.2852808667506601,0.4443788846182671,0.7225690967513168,0.2180441192886416,0.6149362452100637,0.5504343170034127,0.0828254597786702,0.0880732906653611,0.0528683366283725,0.2584890231280771,0.3390083902936364,0.1943886765022579,0.08656319577299,0.7301787373614845,0.1347610305196898,0.5875576284724012,Others,3
161,0.0558857131005572,0.1071483501716564,0.1021340990930614,0.229845890222303,0.3733398108144106,0.570390311792557,0.2378934386963752,0.5540021217098687,0.4170368509605872,0.0733808770335722,0.0891068217929832,0.132026277752695,0.2231032532804041,0.3815114742779383,0.236906805579032,0.1379452139632991,0.4858166620442757,0.2619986146173533,0.6213201971240192,Others,3
162,0.0849631392679582,0.1421717557731632,0.1659970706463019,0.2029548476212406,0.2905146318868505,0.2727587497748887,0.1774370815250678,0.3428415599481459,0.1952682244934157,0.0783081408006627,0.1542237492000626,0.0796652819009748,0.2048253111481114,0.3458299862131326,0.2662973800350187,0.1625885513123079,0.6255409266755442,0.2560670454651388,0.3831712942904934,High_severity,2
163,0.0247638670909199,0.0966866631165663,0.0446578937690079,0.3242134040562203,0.4557509626792435,0.8215143749214353,0.1686456000208994,0.6499635122525006,0.6163875893248356,0.0414505434790263,0.0958174174242045,0.0827981042597416,0.2258743671055866,0.3666145080174734,0.1461372279872717,0.058592391893107,0.6315274560711768,0.2375405629053457,0.5855934153651375,Others,3
164,0.040197836813728,0.0912799040254998,0.0656181412102122,0.2839556972888255,0.4871070981317462,0.762565062929519,0.2634693335607159,0.6843639165989293,0.600568326620059,0.0577644131945665,0.1145017600591389,0.0626965209456743,0.2082675702487768,0.4460866281530948,0.1212955993251877,0.1196917997691347,0.7535432489981969,0.3634408680881748,0.5914943567622039,Healthy,0
165,0.0536082083483877,0.0960717176492522,0.0999447171192742,0.2592225201494191,0.3934495255328933,0.5948687338464421,0.2056576595725828,0.6074870335565602,0.4431847837622135,0.0466852348635464,0.1679297825785617,0.0884590832350771,0.2350477390678488,0.4384792748395553,0.1534128680420975,0.1043507185173799,0.6642526326673364,0.3020391633462738,0.4461501505483791,Low_severity,1
166,0.0599194256568527,0.0949328444337828,0.0920342170326657,0.2966842802590234,0.4807464687171853,0.6786406409211236,0.2367570213817136,0.6701884460146049,0.5435112556293153,0.0469797971566516,0.1061080244318885,0.0320729795220123,0.283340910930728,0.3741844875450084,0.1566061113431089,0.114686531225762,0.842105156842711,0.1381597985794501,0.5581524933830632,Healthy,0
167,0.0601702740046811,0.1195760024269446,0.1474868917632581,0.2555884821600299,0.3506092059563102,0.407797441343159,0.1567487399886686,0.4913663794822039,0.3052646653821343,0.0806114107251606,0.1389762404159601,0.1375826041560998,0.1912814890243342,0.4102019542001596,0.259811161188125,0.1860549451332436,0.4976762230430707,0.3639675665920482,0.4938756062115479,Others,3
168,0.0858155281355405,0.1057066982350799,0.1642521164612516,0.1759458666065314,0.3207563916015237,0.3226835664499631,0.2915439231490972,0.504263319596635,0.2383293248624882,0.0810605144275359,0.1400416597078655,0.1029050647630801,0.2308847006168553,0.2368635049500651,0.1988400482572802,0.1747121060268284,0.3942637787246814,0.0127820999889532,0.2568864911418038,High_severity,2
169,0.0578136203646662,0.1283573254894243,0.1444376913023842,0.2281034361607853,0.3332643025253316,0.3952811871475002,0.1873297290127069,0.4438851314595627,0.2896996412225091,0.145248816376976,0.105665765685648,0.0641734885723327,0.25788933731492,0.396838092365069,0.1851493237093011,0.1511607116578179,0.7215970651242857,0.2122238182659659,0.5794429674807259,Others,3
170,0.0500470223032076,0.1230542711785075,0.0667465615869081,0.2701235732794754,0.4215205689594163,0.7265981778776502,0.2188943510601566,0.5480721395526031,0.5384789138586225,0.0428936828838936,0.1407661130409794,0.1218635924935593,0.1898956148773519,0.3392565124757061,0.1676975533712995,0.1162829342096225,0.4714453298379527,0.2822645698232228,0.4135021744466234,Low_severity,1
171,0.0534328482971661,0.1475806874636235,0.060773154771213,0.2503293040769908,0.429038713651767,0.7518510322468054,0.2630524324242285,0.4881175098231206,0.5580841733095612,0.0702220395384773,0.0935851499402399,0.0736860507994766,0.2359341442023603,0.4108529792337155,0.1721655150911943,0.1353682874027686,0.6958509171307461,0.2704426675999572,0.6289529100685126,Healthy,0
172,0.0585599523472342,0.0879166104405293,0.0534720665495994,0.3142137096222619,0.4384125696082925,0.7825828959925666,0.1650206263233393,0.6659253798834629,0.5821349918521423,0.0347086442367914,0.140389281156274,0.0822920413469032,0.3073248046472044,0.3591490294524321,0.1685608483186844,0.1324052712815561,0.6271663567782959,0.077758828859709,0.4379238661987529,Healthy,0
173,0.0628880749231016,0.1365988897495196,0.1660204583403575,0.1637735500816878,0.2710653932526499,0.2403302109401264,0.2467392693677572,0.3298461727205437,0.1681461758285863,0.0797660218151792,0.1176535099686498,0.1441967538851582,0.229963608359685,0.3121562002935752,0.1941326501626026,0.1866895045067274,0.3680472425355104,0.1516133345838698,0.4525320989287563,High_severity,2
174,0.059000523616151,0.1151048680787444,0.1508163759716076,0.243979661450134,0.2702906125094622,0.2837146848804323,0.0511617186362891,0.402666227932582,0.1945608458603773,0.0750029052901741,0.1139238987542641,0.1217850083204556,0.1686083749347149,0.3035078278934102,0.2591036008325262,0.1552378935628433,0.427288691694708,0.2857335803147718,0.454167513000661,Low_severity,1
175,0.0533753347095264,0.1372212246346702,0.1633138397023362,0.239563559331593,0.2986479557355688,0.2929552126814859,0.1097791384054701,0.3703559195531521,0.2110283121560336,0.1022524338434762,0.0998336024280127,0.0492050758710567,0.2424200373396538,0.3235459285279985,0.2193072068210393,0.1673743352602031,0.7359895732520716,0.143340582439396,0.5283966506241636,High_severity,2
176,0.0556556903071213,0.1274816316014858,0.1499233647078855,0.2252654358406213,0.3159043573786219,0.3563141152855487,0.1674870302697773,0.4249631933804509,0.2577804336245844,0.0695528369029416,0.0991169441761391,0.1211389178396691,0.2086768946416784,0.4209708154559131,0.2978841410934137,0.1105058616534869,0.5530834058143765,0.33716301577803,0.6188453108519162,Others,3
177,0.0393446531597861,0.0887311795071084,0.060177601558146,0.2856172330396363,0.4867283541021567,0.7799343710364569,0.260390069433515,0.6916162672617859,0.6111591259526897,0.0649349920301625,0.0997812042062414,0.0767771501412292,0.2724511614399867,0.3817189732767854,0.1376633737780003,0.1014830993516913,0.6650913880411116,0.1670327121920767,0.5855403222161478,Healthy,0
178,0.057554045651566,0.1316894366107233,0.1667779223943533,0.2204355307506706,0.2716617418626773,0.2392206454360318,0.1040977342547806,0.3470234195960942,0.1676460780534482,0.0742951106934528,0.0663729784726251,0.1017059947777387,0.2017733352662935,0.4161528145907645,0.2803262201699455,0.182329350522258,0.6072056980096063,0.3469338194767487,0.7248935521094281,High_severity,2
179,0.0453828996013134,0.077351222069487,0.0927938630793518,0.2365165688507221,0.3821048208731423,0.6092056423191335,0.2353430619128878,0.6632921766614112,0.4451400374562742,0.0410030147251033,0.1076822950070237,0.0822876580594694,0.2447567204789171,0.360641786062942,0.2358649986546646,0.155671096498157,0.628438979835679,0.1914194771407356,0.5401376979761311,Healthy,0
180,0.0364682050492365,0.1286693858020237,0.1171469761103087,0.2159546190112191,0.3918519979095453,0.5396966120181635,0.2893969463337657,0.5056134490208691,0.4083825091092181,0.0608672567012813,0.1046875113612245,0.0475194579426419,0.2234466991816521,0.4231632694524189,0.1834049447441241,0.1419284091327715,0.7980828478426101,0.3088671377780601,0.6033442966595355,Others,3
181,0.0337397953890438,0.0855866031940247,0.060070400961464,0.3084525300692358,0.4574968610984969,0.7678740315901017,0.1945877008950091,0.6848123398287632,0.5858479458141426,0.0590991138071404,0.1283236735098494,0.0814559031940685,0.2550912886041864,0.3271087585946886,0.159749717649607,0.1636591131312001,0.6012582055557993,0.1236988391481555,0.4364754705023091,Healthy,0
182,0.0565540607121575,0.0920589738246874,0.0771940748376371,0.2994625249004016,0.450780183351932,0.7075839450872599,0.2016916083116889,0.6608241221819783,0.5451295675033359,0.0671274027893888,0.1168639280068617,0.0335896844385288,0.2419751280737727,0.3880990567540638,0.1350504526922915,0.1293917539767084,0.8406896786310554,0.2319154350375717,0.5371386357667746,Healthy,0
183,0.060773140589577,0.0877156991759778,0.0962376215121654,0.2508656605910337,0.4271229277493709,0.6322320371760651,0.2599708463969631,0.6592497353983638,0.48499813649643,0.0850351342857031,0.0968671144702398,0.0792928323468935,0.2378172648198517,0.3512419372818883,0.1581908882978518,0.1257617875214831,0.6316542219562807,0.1925522461194764,0.5676627638228474,Healthy,0
184,0.0796958700844744,0.1262002056301613,0.1889515074077689,0.1953729436060917,0.2480027301393758,0.1351428082334037,0.1187024675681637,0.3254985807600125,0.0945369907598645,0.0788731622460195,0.1160039858253948,0.1158774443537745,0.1866632788313553,0.3922380208959976,0.2255151174882467,0.1252098657336288,0.5438932593920828,0.3551119027742077,0.5435088627415021,Low_severity,1
185,0.0380572206466372,0.0979148086836209,0.0684158601607263,0.2240255932511561,0.4196049337466944,0.7196190776505925,0.3038689625363144,0.6215997162782428,0.5331705705257783,0.0641246679364533,0.1051888870301695,0.110799922200888,0.2653746963743338,0.3914833529635691,0.1811237889299005,0.1680342579855493,0.5588150046819295,0.1919876854920933,0.5764253422679891,Healthy,0
186,0.0299183793711398,0.0998523159511994,0.086196606738363,0.2728048368477655,0.4405219892892268,0.6727033851151594,0.2351196482399664,0.6304327760115367,0.5176570054176887,0.030901594925115,0.1471597531897021,0.0558211552635641,0.2577395874356573,0.3039414453987308,0.1214473738085255,0.1456339122022007,0.6896778310986091,0.0822563968911803,0.3475532601102001,Healthy,0
187,0.0486335099475362,0.1239600471575748,0.116015121353435,0.222489593225082,0.3996172923925611,0.5500084235953994,0.2847222933268489,0.5264881124760562,0.4188555335583057,0.0879584353779622,0.0978244127009575,0.1351107521223788,0.1893354827802304,0.3078532172458595,0.2808232680254188,0.1953089095407449,0.3899695620161806,0.2383757604696364,0.5177234065689943,Others,3
188,0.059561142548767,0.1356817188181163,0.105322845164556,0.262138383352048,0.4239565426291253,0.6020141815701615,0.2358538930245895,0.5151092119139987,0.4643545298438044,0.0596070682302466,0.0990537796591451,0.1184765091288832,0.2699538563109627,0.3240881721053615,0.1877983497772994,0.2033629653016683,0.4645912150130442,0.0911287639676224,0.531817730451496,Low_severity,1
189,0.0878902526198128,0.1459572216572517,0.1719011238962916,0.2149786480310202,0.3252200473624882,0.3084135867277021,0.2040756489631328,0.3804572875049418,0.2306423650687979,0.1004845801541787,0.0992686749674269,0.0995076748812444,0.2166156233841176,0.3680413558014558,0.2278754462867047,0.1232291680016924,0.5743433593009637,0.2589992727501073,0.5751485376673964,High_severity,2
190,0.0875177235336467,0.1484596455808211,0.1555803413962247,0.2088035240041342,0.2980458567871208,0.3140592760326305,0.1760726877946821,0.3350153814745905,0.224090187007696,0.1125985689800043,0.0899626017309091,0.0796054993847528,0.2275790916326533,0.3644061360166064,0.2023690588017672,0.1222505622890152,0.6414260661759716,0.2311325316803691,0.6040106008309943,High_severity,2
191,0.053037705961866,0.1182559907836263,0.0264815927788382,0.2925921716621978,0.4097773627749644,0.8785969092819125,0.1668426453130144,0.5520889353422082,0.6140861474100473,0.0631128071590885,0.115957305157877,0.0351022992111225,0.2784429746682062,0.3810668253380264,0.1634307561916948,0.0327389853992171,0.8313075279231725,0.1556062558416119,0.5333936602145205,Healthy,0
192,0.0782664128374376,0.155086132470344,0.1454082637711442,0.1381251984480864,0.255339011416698,0.2743143982551747,0.297902096378455,0.2442659287315638,0.1830659120605647,0.0665986268064331,0.138342840400582,0.1299908399499624,0.2216243173042339,0.2899312726031038,0.22896747319677,0.2024089426393341,0.3808811869437559,0.1335279227644504,0.3539518910899412,High_severity,2
193,0.0632390610321295,0.116982747717653,0.1379197215341057,0.2475683650787488,0.4128642430468944,0.499187592946625,0.2502842469230397,0.5584281886782003,0.3924848457633573,0.0760534736098243,0.1508357241468528,0.074543564736549,0.2721144085583812,0.3876638266996028,0.2015057991175306,0.1619195057330582,0.6774453800709228,0.1751337221605072,0.4397925721209705,Low_severity,1
194,0.0635595383490903,0.1380354570452706,0.1507008229968074,0.2358241425237631,0.3828002571638377,0.4350496049551421,0.2375853825266122,0.4699462679709736,0.3368638484600615,0.0864396595289171,0.1474846144188956,0.1337995953461175,0.2236647031888234,0.3051085613191238,0.2084751735057525,0.1511944957616507,0.3903070912935094,0.1540241604425449,0.3482685010510801,Low_severity,1
195,0.0467931533269631,0.117144055876105,0.1059324056605396,0.2991230477064542,0.4618536006035322,0.6268579905392333,0.2138443449723166,0.5953556821340094,0.4999895009697811,0.0622674609792447,0.1704523761566353,0.0607066920648211,0.282615079573466,0.4041022696646588,0.2071125825056227,0.0868960342287131,0.7387886333389907,0.1769100347122088,0.4066626128730259,Healthy,0
196,0.1079266815741853,0.1519058637422916,0.1801805167077702,0.2206169851787346,0.2354642381139335,0.1330071431549234,0.032553966655346,0.2157068239681934,0.0905652346857952,0.0747937570692553,0.1292418688978732,0.0930725027205458,0.2192825343830186,0.3338624835940075,0.2434465900360587,0.1672785375206581,0.5639968346282461,0.2071426940263027,0.4418455874903956,High_severity,2
197,0.0386698039510971,0.091957154198627,0.0900518983554532,0.2106701275021743,0.3798727682155308,0.6167390019657522,0.2865204914669564,0.6102105872043023,0.4482114124667439,0.0871749572027918,0.1103750449821791,0.0982070704793738,0.2556745056003032,0.3541294930268053,0.2210926869259645,0.1435398040236709,0.5657787656246706,0.1614534959563405,0.5247622533235864,Others,3
198,0.0495699058207452,0.0922413308377551,0.080864325195672,0.2575495861745611,0.4814608108648551,0.7123929911361172,0.3029879222096404,0.6784347690806767,0.5656410717457955,0.0818243865394737,0.0799259579387534,0.064099969062825,0.2603535461915341,0.3955043647587945,0.1838435667963001,0.1514529072823217,0.7210645577258488,0.2060672232670469,0.6637742519860286,Healthy,0
199,0.0881852089247339,0.1262502548855987,0.1511040338455598,0.190950845549383,0.2829029626261445,0.3036792721132492,0.1940516578959308,0.3828705263354053,0.2116669296029907,0.074419844482952,0.1426009874099361,0.107464149607504,0.2631454766189868,0.3422275411481463,0.2273568057920332,0.1648593071857716,0.5220541014359237,0.1306336130091278,0.4117467145176356,Others,3
200,0.0383392222325579,0.1208102195185909,0.0826841871546045,0.2588463672834123,0.3852824003622543,0.6466235438160389,0.1962899957736308,0.5225766400346459,0.4689183755566039,0.036348752455069,0.1175213081399347,0.114903861436219,0.2661659550251704,0.3925834354529888,0.1815886693914701,0.1526694310832315,0.5471655659538438,0.1919052711928236,0.5392267583627112,Healthy,0
201,0.0508481197789363,0.1119675103724992,0.130447887491002,0.248263388294393,0.4232691088156229,0.5288283062968668,0.2606064803630181,0.5816149106451722,0.4168404168543161,0.0841661917414668,0.1324255109545458,0.093552146279122,0.2284598922644667,0.3141683843406401,0.2295045073573344,0.1325997438934558,0.5410967108430054,0.1579506556724227,0.4069533312047791,Others,3
202,0.0446450689060251,0.1202452665539626,0.1165731358251665,0.2645364720832539,0.4298559521449429,0.573327487897045,0.2380778854916774,0.5628249403323785,0.4490741225391925,0.053265405454629,0.0831180130451421,0.0851297271361177,0.2304687812593259,0.4068926940113162,0.1931811109798381,0.1615357235014872,0.65395996817548,0.2768035402156611,0.6607502168904021,Low_severity,1
203,0.0464130655503807,0.1206396000891984,0.0844518371560382,0.2950929690259436,0.4213563939837304,0.6660717166830687,0.1762349601755203,0.5548321337852337,0.5024385559749044,0.0738640883210367,0.1192456300546846,0.0853482178413427,0.2502102062463751,0.4270835958607852,0.1732200747468455,0.1424768343135917,0.6668894648646662,0.2611472141988175,0.5634660406282758,Low_severity,1
204,0.0398494909126893,0.1307887292237148,0.106839974283419,0.2247689806580851,0.4355940045970699,0.6060719702555418,0.3192562706365573,0.5381613124347145,0.4730573402836209,0.0776759719316198,0.1215305765456269,0.0433443272034684,0.2184959310982604,0.379536152008048,0.1885247570568443,0.1012933265967266,0.795004360171525,0.269283581030151,0.5149126069638511,Low_severity,1
205,0.0808523733665089,0.1485338372381472,0.131702317250241,0.1847925368532809,0.329498119984385,0.4288716721955742,0.2813692630950905,0.3785610564567249,0.3086699637328546,0.0405153504423489,0.1287012403828136,0.1182690152208127,0.1942898462856344,0.3620661997868776,0.2155463751164017,0.1984336808969981,0.5075563417980119,0.3015629194391395,0.4755102728970243,High_severity,2
206,0.0585475849046942,0.087107656447563,0.1048529209859504,0.2499695095373368,0.4334734283120731,0.6104484905014275,0.2684992537228757,0.6653445198156493,0.4747358682772882,0.0716986692521863,0.0942496348039588,0.0857242388521787,0.1863286815307953,0.3787765591502632,0.1822265642276814,0.1622625313260784,0.6308973451893701,0.3405522790543082,0.6015035276753403,Healthy,0
207,0.0516023601285435,0.1038417599658304,0.06765017084772,0.2773882508121614,0.4416456054695402,0.7343383786258688,0.2284417530862779,0.6192697886487214,0.5558263148387421,0.0785831900781103,0.1380342299508318,0.1005657134124049,0.2089951682253941,0.4286746830052818,0.1708554242340792,0.1326417480198312,0.619962066036106,0.3445035300883607,0.5128566825222269,Healthy,0
208,0.0327891157432148,0.084767384187318,0.0553633335279641,0.2663741161445813,0.5337237249890765,0.8120368365676374,0.3341461445086364,0.7258897244288687,0.658845940349994,0.0800899930500523,0.1581978493752749,0.0899755022458856,0.3174169110069025,0.400054365441514,0.1495259817948702,0.1240368909264794,0.6327754360341036,0.1151787634533307,0.4332387935901216,Healthy,0
209,0.0567119191562778,0.0840725526298084,0.1042389803306091,0.2551419591568896,0.414750240330451,0.5983000178776923,0.2382596502776229,0.6629161545290237,0.4570871610374846,0.0751857860992048,0.0866456731426578,0.0813534516902297,0.2250975133609348,0.3272684588514963,0.2163832723846592,0.1821679631165707,0.6018155189848909,0.1849696589406637,0.581335033306466,Low_severity,1
210,0.050991820362115,0.1118300569034953,0.1065696367759944,0.2356919070439392,0.4172936440822393,0.5931395054014713,0.2781098857778685,0.5773008969541119,0.4552228990658592,0.0323140862325046,0.1360821614319904,0.1227902421038614,0.2954794505958431,0.3940776948832895,0.2286780800801436,0.0916605033817122,0.5248680240464831,0.1429877783645274,0.4866372479508749,Low_severity,1
211,0.0442239064310441,0.1197291341167715,0.0768483266777341,0.2612675119111719,0.4779794802696036,0.7229831464268036,0.2931523166825911,0.5993729009922707,0.5704217564467788,0.0967836932072647,0.0379827860326716,0.0704232901221839,0.2647188183563499,0.3223647706970995,0.2397398488210249,0.1595770753081976,0.641418377252639,0.098190365759826,0.7891880473542083,Healthy,0
212,0.0800725570966049,0.1139882605164421,0.0710558231489781,0.2776286875635717,0.4101303743174256,0.7046639179464858,0.1926571296515764,0.5650287818803712,0.5183642289975102,0.0808887432204778,0.130253813919394,0.0923052086310493,0.2448147702818348,0.3873108529289543,0.166104014378848,0.1161755707030178,0.6150870830688338,0.2254236775331644,0.4966665143022225,Healthy,0
213,0.0684214620361793,0.1529948815801175,0.1481256603538593,0.2224452604201972,0.3399016375981243,0.3929615782745282,0.2088681872200889,0.3792008033037403,0.2911498158630606,0.0522203614439872,0.0746100050894707,0.0913450731397303,0.1875950731150875,0.3351985068633234,0.2320759992636137,0.1809240320240943,0.5716964107673294,0.2823359723628039,0.6358786949839391,Low_severity,1
214,0.0329646275735071,0.1013163879614455,0.0700786738390246,0.3010510971216469,0.4971971614274404,0.7529291061513073,0.2457206291465171,0.661439952145127,0.6002925487605242,0.0508320600213284,0.0962047841937305,0.0904210333338723,0.2538143730576606,0.3717558243653727,0.1088348556309389,0.1246014531702982,0.6087167419675844,0.1885343192395654,0.5888338358651404,Healthy,0
215,0.0549594918509044,0.1420716026194186,0.1057684161983226,0.2602716932396864,0.467467407395637,0.6309776470870334,0.284711531887,0.5338391791662049,0.505525882446909,0.0761795531800216,0.0798516641139062,0.0732281873194473,0.3045802718579625,0.38567838785932,0.2138790290846129,0.0912361007777184,0.680857972928711,0.1174894582772403,0.6569430318174232,Others,3
216,0.033107456559038,0.103857627588913,0.0749699803477689,0.2733948807543392,0.4027004591692738,0.6861016544227911,0.1912534679347795,0.5899478053797567,0.5028235470380996,0.0842279812802554,0.1052071172293437,0.1260015786811363,0.2981836442651145,0.3571869074072746,0.1281624886332148,0.1089485660558562,0.4784578593700954,0.0900303850876336,0.5449460346637355,Healthy,0
217,0.0486772592321366,0.1180156651730861,0.1171531561951905,0.2241612768678789,0.3891914332360444,0.5372591762981572,0.2690624067515796,0.5346450570457487,0.4054847811045582,0.0657491437300668,0.1398090728245857,0.1518097135774242,0.2452585064414948,0.3792607418775956,0.1673562948797926,0.1730401405171066,0.4282878589156158,0.2145686234599994,0.4613091770524092,Others,3
218,0.0606859026015076,0.1106244049606493,0.1313533792743001,0.2069568045371894,0.3178009766242863,0.4151080689777028,0.2112292110119059,0.4835767920593286,0.2946532292529046,0.0999557335846085,0.0784747965465603,0.1311720738792129,0.1919515997783117,0.3413220738507384,0.2301238638998274,0.1497359268748096,0.4447674134826199,0.2801009715254199,0.6261296732760715,Others,3
219,0.0815199583215193,0.1628804472018325,0.2019513698388747,0.1830599452286118,0.2211678934880526,0.0454163289519865,0.0942734384163774,0.1517711186605193,0.0312254186635454,0.0495312574274265,0.1241240108108295,0.1652394368999437,0.1833407843072645,0.2876974820351703,0.2193027921442005,0.155855194418078,0.2703644591903302,0.2215461145826328,0.3971950810384461,High_severity,2
220,0.0562374471384214,0.088460706095514,0.0518438582637065,0.2777906216188112,0.4795770287346345,0.8048858841189341,0.26643124646485,0.6885393322612097,0.6220542591236314,0.0440626568313959,0.0951620722944091,0.0318950411262165,0.2304287345473076,0.4475392353787183,0.1454474288156272,0.0991464941744732,0.8669471805031101,0.3202371062678667,0.6493022185539824,Healthy,0
221,0.0600078905390254,0.0959748200042571,0.0819050008904817,0.2737803251947878,0.3956976745460939,0.6570161554659946,0.182108074348214,0.6095985800790872,0.4814727110614943,0.0258192256689564,0.1523664843944909,0.0442769243714764,0.2858741800499165,0.3864604356944743,0.1683421742812164,0.1481580240868252,0.7944133549748406,0.1496074325032207,0.4344511058603611,Healthy,0
222,0.0538927119395383,0.1183585800571231,0.0728660117929494,0.2624181103774879,0.4472080689307671,0.7197860285921125,0.2604046523951706,0.5814513452342647,0.5504630460842092,0.0486308900571662,0.1203640859965994,0.0689401681349678,0.3022040066826638,0.4141293397358668,0.2018545769180896,0.174051687704969,0.7145745404679886,0.1562475537580357,0.5496143443423901,Others,3
223,0.050506271406602,0.1358053794643655,0.1228984613364059,0.2488395859681163,0.3520939792348327,0.4825245589651704,0.1718233083416551,0.4433057677040611,0.3526112229610879,0.1099917153116565,0.0897855918843775,0.0971845039951481,0.2422487505456546,0.4142114851020843,0.170192890344965,0.079009543242391,0.6199246530395829,0.2619545331435826,0.6437059023388371,Low_severity,1
224,0.053791117575822,0.13132503831742,0.0852692154198832,0.2315985918988218,0.3779560132544308,0.6318455466516287,0.2401055133014903,0.4842728276966248,0.4557918373421949,0.12029726632743,0.1053897744288699,0.0866479433643904,0.230856352601203,0.4201977062417276,0.1953279479899435,0.2226578347057159,0.6580894265079451,0.2908227835596735,0.5989639087506308,Low_severity,1
225,0.0606331045868707,0.1054100425543022,0.0986451859304971,0.2684001418126181,0.404419944615379,0.6078234012225925,0.2021637069798112,0.5864894368435032,0.4572605746724694,0.0786547632358127,0.1543240607422017,0.0429354407275838,0.2894737690303434,0.3930716901109162,0.1791560306931727,0.1408106601300517,0.8030516581459884,0.1517817160646177,0.4361517768390155,Low_severity,1
226,0.0444642418963208,0.1036402600855993,0.097940698442601,0.2676081020299243,0.4097887921590613,0.6142012616736495,0.209892739911899,0.596282058319472,0.4641842329089807,0.0566317003436072,0.1300615819519396,0.1151241597131666,0.2192885079670205,0.3682357126036933,0.2122529118361354,0.1448622343822902,0.5236503222274168,0.2535167052210841,0.4779759658622076,Low_severity,1
227,0.0595090514357371,0.1165215224977826,0.1128732756401925,0.2664406182536402,0.4159424526373404,0.5731092340697006,0.2190878419485072,0.5623308695458201,0.4418709327634696,0.0714948827589382,0.0957538326714746,0.1553981803432634,0.2388127786726931,0.3020054234957783,0.2311288517798276,0.1290089033567008,0.3205205248100872,0.1168463719780643,0.518533730205834,High_severity,2
228,0.0577862357739217,0.1167256904663608,0.0840988180774873,0.2419468373769411,0.4448864509316163,0.6820372021511245,0.2954714295436205,0.584319205864016,0.5259370231824043,0.0813456916166967,0.1058171954185602,0.1192938279133411,0.2620245519496434,0.3876622616652431,0.1201235240046139,0.1280059537301044,0.5293721473490687,0.1933819604811522,0.5711383973554539,Healthy,0
229,0.0463720547542279,0.1259722623417857,0.0841080715485715,0.2409159491335606,0.4878545102948761,0.7058965945727098,0.3388427151053647,0.5895510982661175,0.5649634309790705,0.035532017901478,0.1054566674469824,0.1116466443207452,0.2242807885096322,0.4269465851218404,0.2177484190890129,0.131277781717602,0.5854138588548788,0.3112058933918463,0.6038466446695863,Healthy,0
230,0.0707209138389454,0.1291320368516414,0.1321351898209583,0.2092526985252695,0.3447537274165555,0.4458449964139191,0.2445838577791418,0.4550077398883044,0.326472949754894,0.066484322482517,0.1083553710829375,0.1072155725600131,0.2127639646500536,0.3633066051747752,0.1885870712439814,0.1175881885690124,0.5442698447236822,0.26132673392862,0.5405380270732999,Low_severity,1
231,0.0713574084103694,0.1343169666061218,0.0712762682785896,0.2380227136125368,0.4201590494766455,0.7099261461135375,0.2767265003047943,0.5155174878255792,0.5278449964663067,0.1023710977804261,0.0695914962548385,0.0595463239250415,0.2269809723393306,0.2420895374799216,0.1922239273988056,0.1036098572187558,0.6051774238799991,0.0322095821935444,0.5534441385736629,Others,3
232,0.0578321162529367,0.1273312224794327,0.1091380736673385,0.2166409209572484,0.4365305124221099,0.5999840326177466,0.3366491249122813,0.548360122356356,0.4696408256546288,0.0518139499411858,0.0999961102197192,0.0937870100446854,0.2828626627468228,0.3997583636035363,0.1637139901238727,0.1736444957117915,0.6199457433815079,0.171245385571695,0.599819049323472,Low_severity,1
233,0.0957243692370638,0.1363647877128038,0.1896280441113886,0.196028531751984,0.26105800269281,0.1584916131482859,0.1422694961246558,0.313754565642154,0.1127027563224553,0.0697219178644735,0.1646733719588944,0.1751003199920496,0.2750300870152576,0.3599439509261845,0.2453340317035575,0.1208022205918084,0.3454735261755243,0.1337280878226359,0.3722152709205629,High_severity,2
234,0.0551124250125293,0.1125106521377438,0.0594323134055166,0.276396468358192,0.4501827847441305,0.7667560728820303,0.2391842536707617,0.6000996465812233,0.580543722139389,0.0690752521391332,0.1005113783463752,0.0689693150802485,0.2558737924920138,0.3753211430515075,0.2669071873147262,0.1358211517759415,0.6895305140233489,0.1892400332024807,0.5775346415957584,Healthy,0
235,0.067829248081466,0.1701124865846002,0.1806912276676344,0.1631851548566545,0.2726459644445738,0.202839604552408,0.2511541850508946,0.231578815992419,0.144683440766438,0.0944581095108399,0.1296803504404614,0.1077518680646502,0.2054954827852438,0.3546839706036918,0.2431704454504331,0.1614732979233892,0.5339813264692503,0.2663226702013035,0.4645338444379757,High_severity,2
236,0.0423302728502789,0.1386414353918495,0.0759432817452975,0.2487041798898558,0.3850549019047853,0.6705267637108882,0.2151459851728193,0.470527381926983,0.4824852305944228,0.0587917675143682,0.1178466914922041,0.1178799093065309,0.2269210546886878,0.3985345780329246,0.1733225932647555,0.1034292737376784,0.5434678453199754,0.2743816097673889,0.5435671336391518,Others,3
237,0.0701167470374069,0.155947247330081,0.1844804221600924,0.1757195333375851,0.3011349198949142,0.2402199593636564,0.2630055894564131,0.3176402033933772,0.1775355345396674,0.087131162689522,0.1845254734483506,0.1473730942594031,0.2191764968875518,0.2980959279219395,0.2218221878828615,0.2245698173653137,0.338346385848531,0.1525684093124687,0.23531997161985,Others,3
238,0.0439671917964793,0.1074553697644772,0.09129025929645,0.2931767931172971,0.4377675383358823,0.6548949483213476,0.1978136213617341,0.6058295857785275,0.505040552391631,0.0852179054120958,0.1137569957652276,0.0616371115879373,0.2298068761172399,0.4268628835893455,0.1358055493161293,0.101818957741715,0.7476474423891512,0.3000838771076569,0.5791608850897673,Low_severity,1
239,0.0478525990449081,0.0974728923869891,0.0640552334904818,0.2602688730522074,0.4834783225607201,0.7660226198648113,0.3001146771714065,0.6644369100914521,0.600586616028753,0.1122183800218499,0.1377102794385017,0.0721065163273158,0.2489562129312439,0.335625574879285,0.2292082404127694,0.0894106426055222,0.6463044342968877,0.1482587445507827,0.4181286788976426,Low_severity,1
240,0.0696236752408152,0.1253385785500208,0.1181278239936477,0.2112630713796006,0.4021122005905534,0.5458718344938543,0.3111457829037477,0.5247382940480363,0.4175258317952831,0.0732777956509473,0.1033942636970201,0.0803505861115723,0.2502866406930927,0.3580767171639675,0.2114100207612063,0.1356755468905589,0.633459935039337,0.1771804219941218,0.5518926737100016,Others,3
241,0.0646677061965565,0.1266365836643855,0.0607634123648679,0.2890247578006468,0.4806281107629998,0.775528763310479,0.2489477539659275,0.582927890172188,0.6047649069636876,0.06850950679046,0.1042785016050976,0.0821328334593229,0.239004516260384,0.3787385873567218,0.1428881518531402,0.1011610779916718,0.6435759313784571,0.2262009406145451,0.5682202390427621,Healthy,0
242,0.0782015837910578,0.1379107161048449,0.1380080152071643,0.1990751358992445,0.310920645764963,0.3851672784343219,0.21930673524543,0.3854675594400707,0.2733281820900933,0.1160932800428865,0.1260159077135712,0.1390946448537932,0.2193337012589024,0.303450682596053,0.1851096063439823,0.1580211213904181,0.3713880308924657,0.160901863052758,0.4131515207144753,Low_severity,1
243,0.0501934527654049,0.1154679070036843,0.0747228193663537,0.2972589729498359,0.3945085618668886,0.6815097099006214,0.1405813138409535,0.5471637847942,0.4949061937516541,0.0604526950224147,0.0949716409165914,0.0643465377762123,0.2393676776378852,0.3855956202017738,0.1899285355429806,0.1368931489409004,0.7139786230951018,0.2339784481254528,0.6047519313089467,Others,3
244,0.0228073647970456,0.1001240794794813,0.0573810905984514,0.2676519600064256,0.5106606328608216,0.7979687469117205,0.3122250302531655,0.672146085333922,0.6366037004541071,0.0393312196325491,0.1045836113172885,0.1086541569283139,0.2435391242515814,0.4409659495277442,0.2092303673058438,0.1288119925918634,0.6046208803061657,0.2884227346718108,0.6165935459455122,Healthy,0
245,0.0661202788797968,0.1154094788302783,0.1461796756843635,0.2461547124657271,0.3253573081480913,0.3799863819958449,0.1385843041364178,0.4763240686919451,0.2766404708911641,0.0831489095512613,0.142365195780205,0.100653589441434,0.2214696995159854,0.4043769271236173,0.1651661397526075,0.141652099948658,0.6013960101816176,0.292255673869694,0.4792236053659668,Low_severity,1
246,0.0573796536494768,0.1080524759905055,0.0902144590061719,0.2738467949016026,0.3721569518724152,0.609774926028629,0.1521820228779618,0.5499776983914195,0.4394496080398629,0.097012816497631,0.0952331327677851,0.1537125925575788,0.2661919661967104,0.3994092665056595,0.2308855056518269,0.1132302041961681,0.4441998990316348,0.2001458136849914,0.614941489416725,Low_severity,1
247,0.0579167758401262,0.1108973467358734,0.1041582692327484,0.2455527171225154,0.4292313947053635,0.6094477404615262,0.2722036194439921,0.5893669852118452,0.4718546209865371,0.0805718931431639,0.1144352042526862,0.0959890994097505,0.191620206793165,0.3052559196693536,0.1864835164976453,0.1517762928572192,0.521543720941111,0.2287002873034202,0.4546694093347409,Low_severity,1
248,0.0976264337209933,0.1545933601218613,0.1345101291463211,0.1945572442258699,0.3659262804022458,0.4624286859237125,0.305752138370312,0.4060037390089545,0.3469728046388495,0.079225219361951,0.1421292688805303,0.103056773967503,0.2745092681140569,0.2872263851752362,0.1845715392698645,0.1515738097054226,0.4718871590879388,0.0226389708161001,0.3379415524730928,High_severity,2
249,0.0746341720183959,0.1101007094789328,0.1206340465786853,0.2595356929191967,0.3981048984418274,0.5348949688984116,0.2107065885879304,0.5667080104472213,0.4085504729441088,0.042877527859675,0.0962365568581288,0.1076824025063367,0.2445815197588069,0.3718900885353966,0.1799634072856762,0.1230399488148573,0.5509233556227229,0.2065116496262602,0.5888439258686989,Healthy,0
250,0.0813376605015267,0.129089496517703,0.130359558433611,0.2221304358072032,0.3526311732869098,0.4601985095273312,0.2270519384295516,0.4640483391752234,0.3391765675108531,0.0798472645824224,0.15153550250489,0.0958414510070009,0.2460377513229421,0.3401425858657308,0.2776123193457093,0.198737665774337,0.5603442195064677,0.1605390501396147,0.3835987159522778,Others,3
251,0.0345317220141773,0.0843113121839461,0.0688183616415358,0.2547731847756792,0.4172910349080039,0.7168605991572412,0.2418189294600686,0.6638320666849239,0.5300720302723962,0.0946946483558535,0.1104680755378049,0.0259435810680649,0.2766218535406779,0.3719773441287461,0.1251890017197234,0.1158141154145557,0.8696043388256934,0.1470175894924074,0.5420494379896631,Low_severity,1
252,0.0673448710777688,0.140950435678853,0.1512951938524235,0.1836290246831422,0.3066070123775708,0.3391811972339297,0.2508546463286591,0.3701347780449256,0.2432061710188658,0.0548123484419052,0.1209724207573956,0.1003288161970552,0.2048323767275466,0.4146363521653402,0.1934100798542989,0.1892356889368729,0.6103471754561426,0.3386837230876122,0.5482806597910355,Others,3
253,0.0500523334583271,0.1239287501705372,0.1184884862708063,0.2179380874249263,0.3927227736174852,0.5364402329608385,0.2862221854110604,0.5202617452401667,0.4067907937115537,0.0648655582655993,0.0615105860998761,0.0747880562802144,0.2220692511360801,0.3861629920809808,0.2155546988856463,0.163162286214265,0.6755054292810221,0.2697879679593707,0.7251989436150003,Healthy,0
254,0.0610589700226523,0.1508040943022832,0.1505479458520323,0.2268889416494014,0.3555454541975227,0.4050586479203594,0.2208944277081033,0.4043478670057862,0.3056339128187201,0.0717913600356738,0.1138780022561291,0.0589494485542289,0.1983998731740697,0.3662369914016183,0.2214263581136586,0.1908713900023222,0.7227124714496989,0.2972478928623875,0.5256219707343375,High_severity,2
255,0.0560615935366096,0.1051176909545815,0.0712744974954255,0.2666066022742781,0.4070167129566183,0.7019619180203526,0.2084400992477704,0.5894917812519851,0.5147887641340273,0.0543049095452834,0.1203234219457055,0.0786430363271409,0.2432791389065147,0.4236565177262008,0.1526490031016687,0.1455603602129971,0.6868679826907056,0.2704569429236869,0.5576181650438181,Healthy,0
256,0.0848099580157155,0.1472477764393411,0.1818568899301391,0.1832812464701383,0.2492084489934972,0.1562444320657604,0.1524364700820997,0.2571801525952549,0.1085072490313412,0.0911060083076098,0.1729498565651379,0.0570888470142049,0.2396727363301473,0.3269205869279004,0.2643873987842285,0.1659425150576487,0.7026695598170547,0.1539867256042781,0.3080212730459363,High_severity,2
257,0.0698821188674813,0.1392269200284146,0.2108980542096911,0.1459340433703774,0.2809648432496916,0.1424518690104826,0.3163062826150886,0.3373172337208974,0.1059624105601798,0.0966721668093044,0.1449623162832729,0.1079493075478014,0.1986482362400307,0.4236559525674263,0.2700343410947485,0.1673001959990551,0.5938741933275716,0.3615719135019573,0.4901243093146718,High_severity,2
258,0.0699957728064675,0.1166810469521947,0.0724573755346778,0.234262830505734,0.4421221583949472,0.7183822101071463,0.3073091971290551,0.5823894858308493,0.5465290356713088,0.0821050273615455,0.1425357891728471,0.0937839066117291,0.2630722782931693,0.3356488619228093,0.2011447276887011,0.1250322590468754,0.5632196074287875,0.1212193436220728,0.4038462387019018,Others,3
259,0.0427999397700172,0.0965961362046613,0.0420794166544019,0.2860386176085779,0.4875358321669904,0.8410943916435727,0.2604755296880234,0.6692660513892558,0.6489653528672561,0.0437105984767305,0.0757157151180381,0.0738596356947203,0.1885615368816375,0.3764413156638287,0.14491027544569,0.048365621181426,0.6719543431037074,0.3325289030590732,0.6650910636638291,Healthy,0
260,0.0349261120591764,0.1096839247928724,0.0934714340735509,0.2426635837008099,0.4296094971742622,0.6426119612100019,0.2780803200242852,0.5932309932771377,0.4928320714922374,0.0363927157802027,0.1112344171007262,0.0754993913067629,0.2332242698296549,0.335470787919537,0.1735730319089351,0.1539754080295485,0.6325797095599515,0.1797914659124314,0.5019784150682531,Low_severity,1
261,0.0439265225023278,0.0975174695471178,0.057371587000273,0.2896373384634437,0.4889144654385031,0.7899577089909217,0.2559587248739545,0.6674210126380345,0.6186781484361065,0.0725324299249714,0.138244243139702,0.0720906151482298,0.2914943523857561,0.4573981896922806,0.1812090130095152,0.1247165266748834,0.7276973016645948,0.2215322332442681,0.5358146581920981,Healthy,0
262,0.0837272226511993,0.1452021284670541,0.1660668850654254,0.1986816760282876,0.2767095045412658,0.2498837383224561,0.1641339421137244,0.3116941221471804,0.1760374263116597,0.074429972306947,0.1070183083480766,0.0928180340782608,0.2137504788898812,0.357145581867503,0.1844145124047371,0.1904919339794269,0.5874420473612311,0.2511754990696301,0.5388770621584877,High_severity,2
263,0.0731496484488123,0.1113590816112166,0.0948649363508516,0.2852590590732703,0.3566612063252932,0.5798031281706179,0.1112321126171174,0.5241271180691924,0.4126995437636832,0.1160928459116905,0.1420162497912776,0.0938385201693623,0.2138257437978524,0.3401054502736686,0.2456581020237716,0.1367327426064787,0.5675085883849991,0.2279700219581993,0.4108697045905765,Others,3
264,0.0577224239335622,0.1124891170441275,0.1363757631164952,0.2386376652403527,0.3965527250082749,0.4882023905445012,0.2486105932838667,0.5580358715087805,0.377824261141424,0.1172645872171466,0.1363962310776573,0.0954950777520364,0.2186839555262363,0.3267392704981994,0.2591813503759391,0.160587144899566,0.5476678856290412,0.1981127862111285,0.4109877968173119,Low_severity,1
265,0.0936854583332449,0.1681106691537274,0.1599114683944861,0.1998074957150792,0.2790763170004333,0.2714536772332853,0.165528295550146,0.2481414962475052,0.1903616593199274,0.131139030016749,0.1381182106855726,0.093386974633121,0.1244716140278812,0.3738327317325411,0.22767940880999,0.1289875569313926,0.6002438537554614,0.5004193116640994,0.4604240397207021,High_severity,2
266,0.0660208036422867,0.1591883212939487,0.1183221072587951,0.2168302650174807,0.3939650711516178,0.5380633666220601,0.2900068085737599,0.4244333544076969,0.4084457994306461,0.0561744875727845,0.1110474942522271,0.1036175648904294,0.205932086096546,0.3718560640015181,0.2154425719068011,0.1082684164535625,0.5641501080432086,0.28717096028503,0.5400841747623801,High_severity,2
267,0.0521259010784659,0.1054223634362896,0.1494071280371611,0.1883627158171255,0.3571062561126212,0.4100565445552784,0.3093549752216316,0.5441477176521332,0.3095325874641599,0.0915520620114574,0.0970865549678392,0.1080905502775342,0.2636653569691147,0.4057489337901656,0.2512988895381393,0.0746375031306963,0.5792828164085072,0.2122505879877364,0.6138436640276069,High_severity,2
268,0.0530339906658375,0.1071271222715123,0.1395952029856953,0.2089091896124399,0.3087011456458272,0.377219094414549,0.1927935924687343,0.4847530553511689,0.2674890759162477,0.0992943511520372,0.1673940775211594,0.0984891133608111,0.2122551254481039,0.3428128416708637,0.2817210160634548,0.1477411132543486,0.5536429773861209,0.2352103237021733,0.3438188655447909,Others,3
269,0.0848607062537928,0.1133106929572786,0.1294790509324606,0.1801535997689131,0.3477525698494257,0.4573743847051675,0.3174787106611801,0.508480930501796,0.3350385634405542,0.0975385367392772,0.1396305556303012,0.1724780533045317,0.2143541819373625,0.3630009366639425,0.2700378266319756,0.1304507159128429,0.3557989891828019,0.2574615690369045,0.4444018818122102,High_severity,2
270,0.0864760786143147,0.1269997959429019,0.1261426705755912,0.2103455116169281,0.3264944232361303,0.4426322000553431,0.2163566904742173,0.4399055574608573,0.3154691654807687,0.0734434861764452,0.1327899642011263,0.1015751352057896,0.1575651524914875,0.3531167826859796,0.1560112300141026,0.1275163061844277,0.5532133683978626,0.3829225526188544,0.4534343675949066,High_severity,2
271,0.0833587243167563,0.1508172839278383,0.1650014527152821,0.1738362395645077,0.2747189707116585,0.2495165385798959,0.2249059398619833,0.2911659945138784,0.1751332341957551,0.1132456299799844,0.1183690444260835,0.1059757313754425,0.1708668619771285,0.3017921101988329,0.2178539132691712,0.1745927196340237,0.4802153550593864,0.276997276956299,0.4365540787236595,High_severity,2
272,0.105984658243415,0.1565122072378297,0.1827530892800072,0.126413275014995,0.2332387450881816,0.1213621317467742,0.2970245239899962,0.1968604243105815,0.0826737541437755,0.0896044429344222,0.1347684972933023,0.111588692730095,0.2465134888892751,0.3043136873485929,0.2605337818241829,0.163333623919565,0.4633899776722475,0.1049334545439302,0.3861354342890672,High_severity,2
273,0.0669048838881823,0.1096511458913267,0.0957551634745938,0.2948889189580909,0.4059255157619519,0.6182625026727622,0.1584393689724974,0.5746465887741589,0.464474895118914,0.0746617567409132,0.1176532711690606,0.0581924631660042,0.2648319784351796,0.3286380131136842,0.1699245780129094,0.0874617834904622,0.6991319622710924,0.1075134978804585,0.4727512039221352,Low_severity,1
274,0.094320729374378,0.1532746547491141,0.1673297866460016,0.1601206488001524,0.273188297520005,0.2403045747245902,0.2609400283102181,0.2811818520995921,0.168830104369347,0.0547541859867291,0.1426672028907122,0.1404619587738144,0.1739037852051645,0.3335857629388779,0.3022401907004381,0.2498512024204018,0.4073931701798384,0.3146507712674907,0.400876369799824,High_severity,2
275,0.0569861782301942,0.1131250069645724,0.1459612843383091,0.1890662488751208,0.3137687847475087,0.3650131059360289,0.2479989012976676,0.4700086571375128,0.2622729647864056,0.0932188352804798,0.1401116568687973,0.0815722405023284,0.2130148163530552,0.3797522134686277,0.2668492926048393,0.1478342681136054,0.6463563125684031,0.2812865573271352,0.4609679000086855,Others,3
276,0.0710916666741342,0.0987155844178061,0.0826768078327054,0.2890827751572565,0.4194644346564102,0.6707029782183345,0.1840126637905205,0.618991158346198,0.5041020355382129,0.0640610661738236,0.0916269248506704,0.0650762887535273,0.249544581965203,0.4232431307638077,0.1522114057978256,0.0926797126552864,0.7334683563563779,0.2581773500203146,0.644077476048526,Healthy,0
277,0.082114533380946,0.1325132812076991,0.1598842944986273,0.1855267474047634,0.2991145304331953,0.3033346239072585,0.2343749660267491,0.3859835829209844,0.2177743585000736,0.093331565968296,0.0897424255794929,0.0944430170516718,0.1879033060311283,0.3608379091476691,0.2169362110241367,0.1393214730345116,0.5851220131707396,0.3151478298567262,0.6016584894507913,High_severity,2
278,0.0378377259874754,0.0691981044563,0.0790195255220448,0.3148935050819316,0.5270176982787748,0.7392255049072186,0.2519555415702922,0.7678756445607067,0.6075720099417842,0.0708430918191794,0.1085876960515263,0.0445728467494084,0.1985345026476363,0.39380940153839,0.1415874608500072,0.1093872291615239,0.7966484869152535,0.3296647395385828,0.5677216426112338,Healthy,0
279,0.0395860305075718,0.0817066716146435,0.0662488792381282,0.2640373557069798,0.48528855264265,0.759766516618046,0.2952669785874213,0.7117906179133306,0.5977528626656132,0.0723483717365015,0.0658827289096222,0.0289005960813876,0.2484881542770197,0.4509985481891703,0.1694692008988225,0.1162597364034518,0.8795555423408131,0.2895128573540524,0.7450759707164633,Healthy,0
280,0.0850481646460571,0.1235366202023041,0.1650130273826742,0.1716751202446496,0.2323584798722087,0.1694773058963628,0.1501938442991069,0.3057694799594624,0.1125711903237522,0.0854018500213756,0.1220885306858935,0.1036252878959198,0.2343631596339118,0.3576071589367946,0.2251050205653514,0.2069700532030289,0.5506591584893249,0.2081928695351677,0.4909750772122879,Others,3
281,0.0386014292545435,0.1238465892823826,0.097745960392612,0.2546650470262468,0.4330513305467449,0.6317013592151908,0.2593893199839708,0.5552269639635846,0.4879310992104546,0.0914736167556476,0.1034627372107689,0.1148142943126248,0.2594188744056633,0.4229162824347043,0.2279283551659384,0.1340501879390506,0.5729672096865929,0.2396145155206932,0.606888825924509,Others,3
282,0.0938212259001322,0.1481905001436637,0.1833875412448448,0.1846739771455681,0.2884397138067434,0.2226496486524766,0.2193251614687147,0.3212082196377948,0.1621463670871044,0.0838475661513749,0.1445487927625804,0.1259937244734119,0.2398107176405716,0.373222432316813,0.2076052286525473,0.2282301930605097,0.495233786969136,0.2176256123922754,0.4416499575061716,High_severity,2
283,0.0665194706787186,0.1447207025471655,0.1625224879432711,0.2090751774726803,0.26565326139218,0.2408608465308293,0.1191798916761454,0.2946886729463389,0.1666668842448445,0.052290875010934,0.1773423181601859,0.1557787180771954,0.1747828456688059,0.3246994889003827,0.1348015925773758,0.1495264442939503,0.3515680177999626,0.3001440348453608,0.2935157364741516,High_severity,2
284,0.0894715322506212,0.1164342570866387,0.1726122387851627,0.17213731938017,0.193832674533548,0.0579089379525076,0.0592817867972338,0.2494575140274906,0.0367370771451102,0.1005297466862096,0.0833997753692488,0.1410540408525181,0.2157116106028418,0.3314679201335063,0.1818809797805854,0.1848257983831819,0.4029736075835424,0.2115508768664817,0.5979451942230342,High_severity,2
285,0.0368651699947669,0.0714960365609037,0.0290275633336985,0.3018234151105102,0.4813215436087689,0.8862442867487142,0.2292016650299353,0.7413394974198907,0.6714916317051174,0.0482173008245529,0.1637293941837989,0.0875612054861211,0.2499156143279083,0.4286396099559227,0.1329150567263214,0.1461276347879724,0.6607475119498255,0.2633890201297107,0.4472047219230256,Others,3
286,0.0745974384358995,0.1452727871901626,0.1548974539526024,0.2091552757703996,0.3241001100940772,0.3532432497401709,0.2155530677619634,0.3809920085684485,0.2592488413996815,0.0550707325300058,0.1218353988151819,0.1645809434964465,0.2189743932970584,0.2841319256708608,0.2031220583162858,0.1980946941759549,0.266430919167238,0.1295104631312674,0.3997773147411489,High_severity,2
287,0.063790984710662,0.0877686391956206,0.1540190945458318,0.2119644538565771,0.3622624720522538,0.4033523390706976,0.2617397607362272,0.6099441260749718,0.3073607517110125,0.0591444458203803,0.1334195589646202,0.1036380644217332,0.2203789526479409,0.2945669618963545,0.2245430442748731,0.1949859358210522,0.479473851046035,0.1440695171143686,0.3765244816765636,Low_severity,1
288,0.0586489142755604,0.133069841303673,0.1137948769429924,0.23951256887547,0.3670775141624266,0.5267148663644289,0.2102984352267872,0.4678774571159654,0.3873327043092591,0.0814147377569605,0.0819793965292451,0.0942977447390849,0.219823703759558,0.3116393826332233,0.1599202645985444,0.1308775988307315,0.5354071437146519,0.1727602183941864,0.583457899525634,Others,3
289,0.0682746345718064,0.069372738870676,0.084799557106182,0.2554082769805024,0.5135482455107437,0.7165542958951169,0.3357016436949204,0.7619823587435524,0.5855367772162299,0.0651926783422023,0.1332830372674169,0.0753563362155641,0.1648341023529537,0.3885019404209878,0.1306049113732394,0.11864813021821,0.675088965698856,0.4042170051796369,0.4891265829158852,Healthy,0
290,0.0604090803478315,0.1071962111667721,0.0906973926292004,0.3013760616305057,0.423844520059044,0.6474635383720313,0.1688706326332092,0.5962787603153223,0.4925579563496288,0.0194448648794024,0.1083098323027418,0.1168629388992932,0.29212708755271,0.3830300062262027,0.1374701423405351,0.0419816155144743,0.5324481369907897,0.1346396557350841,0.559124565893057,Healthy,0
291,0.0854843742488629,0.1261479827753465,0.1850818869386295,0.185397718973854,0.2681533499941133,0.1832855353826142,0.1824615499387215,0.3601442739778779,0.130720298364314,0.0775806483170229,0.1282016907936433,0.1158298839983867,0.2278575468358893,0.2659234526298013,0.1927326441611215,0.1610310450070218,0.39316897648389,0.0770906653660272,0.349436629797026,High_severity,2
292,0.0415326297864248,0.1079369488954188,0.076246292555736,0.286586432228014,0.4796544640143035,0.7256837964165297,0.2519677985514797,0.6326122318196565,0.573076828880663,0.091062071460377,0.0576670687113487,0.0532889146206958,0.2147933373520403,0.4061438152101988,0.1473723845554394,0.1464664426517251,0.7680229937457432,0.308164001893861,0.7513336978047159,Healthy,0
293,0.0684594612862362,0.1601172701062533,0.1164887553777116,0.2742339956776526,0.4298315718343309,0.5735514511342756,0.2209987014512394,0.4571825259303441,0.4492068178941897,0.0640692449133745,0.1178423485449386,0.1064500929356216,0.2561984502419649,0.3641836016853892,0.1730878686902433,0.1628993078428706,0.5476308043717814,0.1740623396630261,0.5110539235963137,Others,3
294,0.0803514312702832,0.0880524793973741,0.1560238484618883,0.1964263250269545,0.3877819143271347,0.4261780248091267,0.3275468855279176,0.6299028377996846,0.3330476906632436,0.074800203758614,0.1422207800200098,0.0766604851490198,0.2196994799219137,0.3987956230481442,0.232073436386721,0.1448242982000375,0.6775286558429072,0.2895676008851127,0.4742459592224461,Others,3
295,0.0736722931449013,0.1527867936955797,0.2086531457085441,0.2107164078594009,0.2882529772363196,0.1601908848617826,0.1553934403451313,0.3071518544790309,0.1197703018805382,0.1102266213301779,0.1252711023517553,0.1333960803010055,0.2028692110895068,0.3991904413890845,0.2011061591793595,0.2211248368252775,0.4990632512528051,0.3260826888022672,0.5222867954884508,High_severity,2
296,0.051879892650646,0.0782485501707728,0.1026949547483811,0.2636888890530598,0.3970667898452975,0.5890243466639278,0.201856609109454,0.6707510000913194,0.4416629812384265,0.0886005721881718,0.1420404790784432,0.0953728501009828,0.2247479449399849,0.3970301534452161,0.1723692304611415,0.1170222062036695,0.6126227930612749,0.2770798922520098,0.4730171873267118,Low_severity,1
297,0.0560834866748798,0.1419379163488987,0.1744366584854591,0.2000988043669069,0.3166517544746103,0.2895916340846648,0.2255497320970466,0.3809807530378312,0.2152407809375948,0.1067756912789284,0.1560905705551021,0.106762083909827,0.2375135794783863,0.3018881575574418,0.2072867321619128,0.1409942356094936,0.4774891920949558,0.119344402620601,0.318350128625431,High_severity,2
298,0.0624781956158318,0.0976995818979628,0.0739244282990426,0.2668964008898316,0.4641208096342515,0.72521110461642,0.2697944807660893,0.6522035035733984,0.5638430297778843,0.0081043299824866,0.0943731976070994,0.0953438155977198,0.2278042740471779,0.4120670830231157,0.2069125751442716,0.1093564578383553,0.624194845412787,0.2879685220160516,0.6273076956293393,Healthy,0
299,0.0806172601850086,0.1109510977480456,0.0968908480633363,0.222315028290258,0.3726995072679793,0.5873388498578689,0.2527408491569569,0.5411931812041484,0.4266884324211288,0.1108269156193405,0.1543800279254938,0.0455334721805392,0.2117161418700537,0.3732400272022521,0.1844812243421676,0.0989559575299243,0.7825389034996307,0.2761298946352895,0.4148060657470053,Low_severity,1
300,0.0712186731910222,0.1126339238897307,0.1357054851163817,0.2124862932831578,0.2849331731240137,0.3547645588065475,0.1456454456117992,0.433384076621226,0.2431372287138946,0.0942610924695756,0.1242869831254541,0.1079778313045879,0.2634317785378574,0.3351425105424269,0.2504495601166214,0.1707697212400921,0.5126478244960968,0.1198025597035814,0.4589507864059746,Low_severity,1
301,0.0481443177434663,0.1420814437332105,0.1602520918903335,0.2124904682594087,0.3442697603420856,0.3647367653898574,0.2366894855505187,0.415724922473046,0.2747839701686879,0.1361908117107401,0.1264302948150773,0.0942675633769218,0.2205568965025806,0.3036792986303175,0.1789303685896309,0.1653244473253667,0.5262303971870146,0.1585590672667398,0.4121019538192261,Others,3
302,0.0749843836746105,0.1014878694012677,0.1222278718666683,0.2360269559961305,0.3460379511068134,0.4779551875448737,0.189001250149627,0.5464490996919581,0.3467179269317368,0.061694618497701,0.12408114905048,0.1806557898241135,0.2277638259507632,0.3312096883535316,0.2076903695396635,0.1669142749833679,0.2941278616120457,0.1850639784454157,0.4549367619257662,Others,3
303,0.0315013199521912,0.1114450268786573,0.0541845766912419,0.2894582441824774,0.4551783419803351,0.7872456957308326,0.2225516458328083,0.606634554790517,0.5959111800196325,0.0268130413973635,0.1081431277411162,0.0763822906391535,0.2795560141650207,0.3920550991543855,0.1474719578148197,0.1019918918691369,0.6738847397607669,0.167506288621913,0.5675989160844874,Healthy,0
304,0.0474722110958817,0.1023801306758735,0.0609696649098911,0.212938470867517,0.4114607180446626,0.7418893148717902,0.3179412316710541,0.6015103472960545,0.5406418689889159,0.0726358183557778,0.0485061087210504,0.0700374775514008,0.2250183743589667,0.4058206671147002,0.1463018538271649,0.1303415565542269,0.7056371595760136,0.2866060609270022,0.7864703939941833,Healthy,0
305,0.0748372962706686,0.1017416953507655,0.1578014872011174,0.192675310247453,0.3615817772246764,0.3923505125812033,0.3047439009712561,0.5608178675463106,0.2998582041735979,0.0726589580317601,0.1167533678011629,0.0615157284328374,0.218521106247758,0.3709201830096202,0.2064624398942643,0.0827772507485212,0.7154920449245665,0.2585483567903189,0.5211822843086147,Others,3
306,0.0694237345255493,0.1455669543733864,0.1258001363193951,0.2672069544209552,0.3555356627285694,0.4772874298225246,0.1418382263798173,0.4190133940419274,0.3511573611683947,0.0925993772747093,0.0867227892200766,0.1355915941570606,0.2427339188213186,0.4253533299293163,0.2679114618202373,0.1581350313155169,0.516560045969213,0.2733466496322261,0.66128946077731,High_severity,2
307,0.0455689329192876,0.1027013460758837,0.0911124212301013,0.2461558132991752,0.399498659765753,0.628575771076515,0.2374998592337753,0.5909942457934997,0.4669636416124578,0.094022198648159,0.1525141354894024,0.0724286018546039,0.2030111217915686,0.4084423584183246,0.1527514849661143,0.1296406652533132,0.6987607577155602,0.3359719803315826,0.4562354223695293,Others,3
308,0.0549462770840102,0.1459043931669066,0.1400914344463616,0.2648646640741396,0.4243345813428597,0.5035968203893804,0.2313843468766902,0.4882693057157644,0.4005583422616911,0.0743938397671469,0.1582970015981681,0.0728013798815222,0.2440043494940547,0.3763757848657955,0.1968126243498079,0.1089352554667568,0.6758455879097225,0.2133714927998628,0.4078733550474532,Low_severity,1
309,0.0579306532231121,0.1280250866122547,0.1037662632430041,0.235340527682354,0.4364340981982016,0.6158230514094246,0.2993467790663515,0.5463796495569643,0.4797169573575472,0.0677002487863626,0.136150830647667,0.0972645761227736,0.2213370046360737,0.3594805752881957,0.1449159172390232,0.1302781117940259,0.5740969517801972,0.237843301282537,0.4505964351044953,Low_severity,1
310,0.0682974652730987,0.1178810767121,0.1712983112411428,0.2033599364763507,0.3122758834306289,0.2915324550872182,0.2112264950366066,0.4519159858625265,0.2149978714669282,0.0933106382785595,0.118964945208476,0.1249295606705113,0.252042573275245,0.2974899295147996,0.1674752636237174,0.1483494410072786,0.4085047514464541,0.082701852954671,0.4286778595759004,Others,3
311,0.0353296551978292,0.0990937539472272,0.0572954352209255,0.2883107629490151,0.4459639292766899,0.772302557039862,0.2147059785620591,0.6363916811112333,0.5811086960305488,0.0632720322753243,0.0849839270655467,0.0968462455310653,0.2685773739643786,0.3641052857637968,0.1504529947947563,0.175844034131663,0.5797985733597028,0.1509886675896263,0.6215276402203803,Low_severity,1
312,0.0592105889090358,0.1196571855990849,0.1555646901042939,0.2186323392254093,0.3836999105992384,0.4230487597318942,0.2740473740562353,0.5245634302056612,0.3292740179072411,0.0690761010008281,0.1024812832201755,0.0960295273182852,0.2493250362681359,0.3305138266703095,0.1862828172861592,0.1107380095233136,0.5497314567425988,0.1400195736979988,0.5266399971764321,Low_severity,1
313,0.0490670147043001,0.1188848318700821,0.0812823626530453,0.3178669736845148,0.4448031876902068,0.6909918449574924,0.1664365808895526,0.5781892545354449,0.53141888351642,0.0898127178441062,0.1565611895957936,0.0794482149612208,0.2077997421568634,0.2915795159935138,0.1577912338890523,0.1279318547200723,0.5717397470168422,0.1677678286978868,0.3012855665949165,Healthy,0
314,0.0521501645464897,0.1137076530784971,0.0960002558322756,0.2615098299460572,0.4309149177124673,0.635614001447526,0.2446548716510544,0.5824350323441145,0.4892049565166923,0.0995910010797494,0.0962675090259962,0.0919453700359256,0.2431463616890438,0.3355442867077987,0.1794133446169639,0.0978149477198883,0.5698358143385631,0.1596672164561957,0.554122837879382,Others,3
315,0.0549988308309891,0.1309975101284077,0.1672589920192837,0.2197264016980847,0.294142645424657,0.274996105580118,0.1448155792672162,0.38374435622063,0.1979666693870779,0.1050017477202209,0.0652866765463288,0.1147501461988217,0.1923730224771059,0.4055145691352025,0.1587938986918282,0.1376610575913478,0.5588778450018508,0.3564910020683371,0.7226571631015127,Others,3
316,0.0741810991981991,0.1137765946835565,0.0994074479352373,0.232173353362878,0.3777500963737306,0.5833349000938387,0.2386803509091491,0.5370481532190244,0.4272739591372646,0.072387916284427,0.1441415319571504,0.1063731496946457,0.2367161429819119,0.374984977222059,0.1786572167710488,0.1496762056620519,0.5580290692254054,0.2260398578214824,0.444676665866852,Low_severity,1
317,0.0240004161358311,0.1094810285171617,0.096269236955911,0.2659491762787186,0.3797084842561624,0.5954884749195313,0.1761913703357943,0.5523983010327042,0.4356235411012962,0.0261543727934843,0.152632269867938,0.1189940995881003,0.1740821486451991,0.3558000466968514,0.2091406996447279,0.1276784173359607,0.4987549845794222,0.3429401849110053,0.3995965051978038,Others,3
318,0.0503496810518651,0.1284161567798225,0.1187819446826548,0.2875988786428193,0.3872351607159176,0.5305220182661834,0.1476456080487254,0.5019263893148749,0.4002713491540056,0.0693601491282657,0.1559040299264869,0.088623936912956,0.198533665890926,0.3890623702067983,0.1421264262538317,0.1322734592450719,0.6289450394870193,0.324251173614427,0.4278398452148365,Low_severity,1
319,0.0403376294095483,0.0993915932989965,0.0453341298791616,0.2755902508277886,0.4991310066738002,0.8334727906871154,0.2885434647384168,0.6678768911866855,0.6517166455535794,0.0517839454248075,0.1356267066247504,0.0552570207789696,0.2887519968578005,0.310442797785644,0.1641569186063449,0.1317346779136228,0.6978012130503337,0.0361999154895041,0.3919032559555082,Healthy,0
320,0.048606321596002,0.0922688510043814,0.0788913918090172,0.3154753656426586,0.4646085020247706,0.7096912337828584,0.1911757729691848,0.6686205660816261,0.5544568511626391,0.0651058414890782,0.1391348969677965,0.0730165292573252,0.2651520114655745,0.4017189672884841,0.1852660204493816,0.105657349197129,0.6923906900217245,0.2047876728389995,0.4854991110801484,Healthy,0
321,0.0868920009274431,0.129714863596367,0.1784388200991082,0.1753423179777488,0.2883640422724536,0.2354853216085211,0.2437355490093376,0.3794718567453042,0.1705495915222564,0.070690831457963,0.1304145873916247,0.1356519295626164,0.2084758623801092,0.3765531750199692,0.2026215554649585,0.191979676010107,0.4703218365105357,0.2872973850782017,0.4855113202020742,Others,3
322,0.0716133667481329,0.1034041495512581,0.1338149543993338,0.2646237914498328,0.3520176826083643,0.4491314736551404,0.1417256133995999,0.5458972660097874,0.3320077668629566,0.073417122430482,0.0639479228421087,0.0397059298453498,0.2149909018179628,0.3636255934708738,0.2055554657964804,0.1265100629190225,0.8031102081043179,0.2568794579192127,0.700879870233595,Others,3
323,0.0444276842537363,0.0845404113401132,0.0651852969060533,0.2734479670697665,0.4150016252735775,0.7285003239564761,0.2056122333110703,0.6615283393838158,0.5353310482703261,0.0483236210922357,0.1134829516778777,0.0341125491052926,0.2150970126017268,0.3075661606188308,0.1319218757325616,0.1258416688442719,0.8003238239055888,0.1769191952961321,0.4609514740033102,Healthy,0
324,0.0495512851413538,0.0817591268871252,0.0816813571355306,0.2715939266849669,0.4979638986635076,0.7181677713451369,0.2941558964409658,0.7179372794121166,0.5783601687110029,0.0375181723662054,0.1220466975664966,0.0979130656290061,0.2646167607046361,0.3822933992768956,0.198991025256658,0.1254809393136609,0.5922043005056479,0.1819056893087272,0.5160142993572268,Healthy,0
325,0.0469770319265967,0.1180289576611778,0.055489572668824,0.2913200025310929,0.479866465779784,0.7927003015427805,0.2444888117158782,0.6051852781146686,0.6148274757930405,0.0937034985343697,0.1043945753490552,0.1171440515528587,0.2460824588766095,0.4458974178188874,0.184187924257111,0.1243067412521709,0.5838883708385791,0.2887583377373352,0.6205847926368238,Healthy,0
326,0.0470009470658,0.119948314573086,0.1259131168053183,0.223036943966611,0.2974363887989643,0.4051576055316664,0.1429457383282752,0.4252385695785025,0.2786430343319345,0.0575007277791109,0.1170027487723088,0.0649312460334533,0.2787330249531197,0.3603933181183092,0.2111383314100292,0.1677550541530838,0.6946743663256431,0.1277686236069652,0.5098294398009074,High_severity,2
327,0.0697913947178919,0.1089480690115606,0.052624669153651,0.2633784038469516,0.4674599249919408,0.7976303480394217,0.2792430460909464,0.621975856875785,0.6100012561003577,0.0680493743732981,0.0850879960161515,0.080045885192589,0.2483729311643727,0.3333970184855261,0.2146437351476308,0.1301885627756627,0.6127838476342139,0.1461472655511336,0.5933522440822769,Healthy,0
328,0.0330723784293837,0.0652238681790069,0.0646952593067946,0.2782145448063372,0.4533404983249049,0.7502285957920684,0.2393886217624636,0.7484444655588773,0.5726398647168824,0.0908016086023021,0.086159139391959,0.069817626789123,0.2521570508132565,0.4782966912526358,0.1692799548545576,0.1392767877876445,0.7452442875838035,0.3095879005285181,0.6947178690897128,Healthy,0
329,0.0471265489159513,0.1010357676123699,0.0623305801565131,0.2970665623071129,0.5207941090544996,0.7862186893823736,0.2735521520736712,0.6750372685405805,0.6349179371471272,0.0855882961423738,0.1522092618580926,0.0644259112114986,0.2173976852276923,0.3495171251361368,0.1455777957834204,0.1043138098001627,0.6887208840136505,0.2330499000787333,0.3932578959222917,Healthy,0
330,0.0904576091104032,0.1425134171704996,0.1706492906183705,0.1703696096697709,0.2364175372143779,0.161566214928792,0.1623648339199301,0.2478132729914182,0.1087597593329709,0.1058951576426536,0.1793255131150217,0.1294302192477137,0.202362028975654,0.3047657416644124,0.2873228980804536,0.1409872882604752,0.4038165671748007,0.2019288207378399,0.2591251697090558,High_severity,2
331,0.0677044776641514,0.1120546031880854,0.1342947738334013,0.2303173090454591,0.3122053661051144,0.3984558488519439,0.1509394184066644,0.4717644307816083,0.2819501837843416,0.0838464023640401,0.1195719234845689,0.0606210743984269,0.2409430640620269,0.3146807292353168,0.2684315829339521,0.1013565618902876,0.6769475989111585,0.1327114966328107,0.4492979018751156,Low_severity,1
332,0.0636260084374441,0.1281875165893771,0.128738302365604,0.215429187956054,0.3154517036786005,0.4203457952055214,0.1884085814702495,0.4221091791120442,0.2966247261426559,0.0958225615750869,0.1297746487413532,0.0716289573875191,0.2190274510890518,0.3046661039078582,0.1882552164744609,0.1010359524522986,0.6192936620483939,0.1635281778850834,0.402566872697877,Others,3
333,0.0923829075261404,0.1335096720477649,0.1591721200496337,0.1737695555802009,0.2433116451810319,0.2090507304889116,0.1667351332879706,0.2913900252267254,0.1398466017445085,0.1168722736663739,0.1059520740015472,0.1087028273347169,0.2021024744946958,0.3028749977313075,0.2298211816267763,0.2214472337436918,0.4717751019881642,0.1995584531571157,0.4816777981337748,Others,3
334,0.0450355778994938,0.0866538613058478,0.1133628255650345,0.2362687166572288,0.3901137889757199,0.5496798767170614,0.2456088267711648,0.63649437517553,0.4136882106674827,0.0861994905509739,0.1353203638005729,0.0920344692941258,0.2461093018023081,0.3828640305995616,0.239530468532389,0.0769427809153711,0.6124036217645283,0.2174253211579355,0.4777134731846807,Low_severity,1
335,0.0468249819739957,0.1129716320432784,0.0778953901905929,0.2657999189260925,0.39096097712447,0.6677217347535831,0.1905732496423501,0.5516399217353581,0.4846934966244656,0.0279543852750814,0.1535601857532046,0.0464150504086863,0.2986990246368428,0.4405221493045226,0.1735795552094595,0.1573418570107248,0.8093591927828748,0.1918547921341457,0.4830339948139237,Low_severity,1
336,0.0609721165701426,0.1269315986467495,0.1290555391373512,0.2754680743008378,0.3390025799788146,0.4485490845408395,0.103397135787483,0.4551522319260688,0.325311626485522,0.0673100411263032,0.0834123981146459,0.1226910741689658,0.236473537786024,0.3342129783755958,0.2303293087423035,0.1240710567909182,0.4629460015262182,0.1712664270516805,0.6005396088923013,Low_severity,1
337,0.0482201462634915,0.1049081290607373,0.0995563164798797,0.2260397146994651,0.4473671903706334,0.6359406197287814,0.3286682598660451,0.6200875709283842,0.498332788806723,0.0882776954012413,0.1264057154335374,0.0760744795172239,0.2784104808574834,0.3314662007744259,0.2180378664997816,0.1689126532807936,0.6266655909648946,0.0869941768801126,0.4478555641480989,Healthy,0
338,0.0855284920583102,0.1239674417495547,0.1815936677541444,0.1752314263504812,0.2821093110829551,0.2167673013032814,0.2336942152414959,0.3894383715155138,0.1564522143276493,0.0717802367280486,0.1427056672314466,0.1029955654651045,0.2374953767862523,0.3441477113791003,0.2107021455601527,0.0996915492845079,0.5393173919911555,0.1833638820144084,0.4137632663093727,High_severity,2
339,0.0895632828028306,0.1119123856066263,0.1761369426448376,0.1873112450959167,0.3245868028373605,0.2964705818965413,0.2681697230448061,0.4872275203737873,0.2225137469696881,0.1192499437204422,0.1401702870463481,0.118502178952906,0.2553153839353314,0.3526331395912883,0.2388699546978299,0.153652462335264,0.4969505605350194,0.1600756509637213,0.4311310373683061,High_severity,2
340,0.0500991770411493,0.1104202860258509,0.0880033089207336,0.3009987789735539,0.3821765122719875,0.6256610558169312,0.1188241646597511,0.551680861883769,0.4548226992439445,0.0704496230265141,0.1546013894061267,0.0817610952262007,0.2280292438072496,0.3856394733649141,0.1869933618944185,0.1740653644380668,0.6501455037906645,0.2568327586974704,0.4276575503262208,Low_severity,1
341,0.0838798891809548,0.155615673725595,0.1378718180718942,0.1769645019152824,0.2735869952198759,0.3298390331275866,0.2144538280728611,0.2748615747989881,0.2233482882092733,0.0843691239233765,0.1766074849653861,0.131650031375939,0.2188048732435301,0.3474817461176704,0.1781039307992634,0.1792371036417589,0.4504642039623643,0.22722923070175,0.3260403973559314,Others,3
342,0.0620717088102853,0.1188172821410557,0.1155658796586881,0.2483889476498618,0.4199670289914002,0.5684079249210149,0.2567166111146072,0.558943051287752,0.4409340545191269,0.1003936533089369,0.1120478005481535,0.0673983423696502,0.2326182310108624,0.3573714415376,0.1645456117361736,0.1301230442929589,0.6826594314233668,0.2114498207873124,0.5226109605124171,Others,3
343,0.0480309109722354,0.0917510128883174,0.1132908362408357,0.2524855283482743,0.4013144177352368,0.5596980972677617,0.227636741603451,0.6278343311463359,0.4258162182272617,0.0701927434378186,0.1330755602937638,0.0513348349507007,0.2579574347396731,0.3711258240902066,0.1718425084932281,0.0782646725563191,0.7569722346821889,0.1798941360497039,0.4721333006399631,Low_severity,1
344,0.0625526566555372,0.124154449034892,0.1050333657337108,0.2348574171250868,0.3640822174733064,0.5522068782466328,0.2157559675189447,0.4914169395640534,0.4009565879887294,0.0817183377175958,0.1224946917078095,0.0895550402098728,0.2580918988032044,0.3464701953949186,0.2385675297059007,0.1062002547309526,0.5892208390844399,0.1461856398868955,0.4775954657732116,Low_severity,1
345,0.0607200944171214,0.1183765656942441,0.1095826508647488,0.2566478729536803,0.3407509837215724,0.513326820611958,0.1407821756405045,0.4843412648843932,0.364874488985309,0.0969205273289564,0.1037854727404801,0.0984147785871288,0.2394720643714048,0.3991475951235742,0.2375155121068909,0.1857482117907195,0.6044122956759186,0.2500322819351363,0.5872791853546048,Low_severity,1
346,0.0515935813213632,0.1269048547168278,0.0990726973748417,0.2684467864349416,0.3947706417580413,0.5987687206683845,0.1904712541515751,0.5134720508271322,0.446294601080477,0.0424606340941589,0.1237424540848825,0.0570815213706266,0.2666000220362758,0.4539790544989492,0.2229202275891138,0.1277399893288168,0.7766154383029773,0.2600395134475063,0.5716190162688859,Others,3
347,0.088265946520298,0.1508499793128895,0.1762551212984784,0.1702332396155991,0.2384811433587861,0.1500375717366574,0.1669818988177478,0.2250813226657872,0.1020392835583423,0.0807386199000986,0.147661979038363,0.0790325705708742,0.1990696967453094,0.326844030884253,0.2503087243854029,0.1673128812557746,0.6105586265011046,0.2429568338420402,0.3776180872295201,Others,3
348,0.0621899750815533,0.0684617269832665,0.0967071539328867,0.2496325306684105,0.4250509687455219,0.6293027373049895,0.2600010793646052,0.7225533301340239,0.4820277042945208,0.0927878384336161,0.1220477496328823,0.0962753363381968,0.2674683947164227,0.365707379464408,0.210166385118484,0.1459112512603587,0.583208059327773,0.1551527849830983,0.4995531882616532,Others,3
349,0.0397381784624801,0.1207698028764827,0.1170835354015931,0.2100052298001601,0.4665355036014529,0.5987672520019279,0.3791793474303777,0.5887324648887031,0.4837289983221827,0.0757018400554365,0.094266054667875,0.0693363658121084,0.2719570096817771,0.3772738036862619,0.2045274742232458,0.0975798986436861,0.6894993865008197,0.1622177996422086,0.6001777877403563,Low_severity,1
350,0.0516895096276751,0.1127571947420957,0.1204464666897661,0.2137599597729056,0.3419562898606769,0.4790408794778595,0.2306866681913636,0.5040516784295597,0.3452449948785563,0.1131979501902419,0.1123156769459365,0.0641509711906721,0.2484916777286651,0.3159928758981007,0.2300038025311605,0.1660042645154444,0.6624910718300205,0.119580239593353,0.4755384817784165,High_severity,2
351,0.0733630652078474,0.1025942910015236,0.1111047748502189,0.204973026489102,0.3314853408088179,0.4979337724938622,0.2358287651601821,0.5273019810966426,0.3507047691740022,0.0445447832988114,0.1105624255572606,0.1282047644253444,0.235594899146589,0.3792287738939048,0.2270279958477215,0.1368217854685907,0.4946933746240279,0.2336179965826652,0.5485324126642082,Others,3
352,0.0462191648418438,0.1063760212292504,0.0929994737894629,0.2514650659161305,0.3502444910057908,0.5803689111371346,0.1641646271915173,0.5340725246504283,0.4090856026926719,0.0355963271485586,0.0935404623191593,0.0696876763938419,0.2658469678854018,0.3901919824878574,0.1409995174787158,0.1416645962502269,0.6969308163648585,0.1895390731475751,0.6132553715454131,Low_severity,1
353,0.0508440238711121,0.1048280026473401,0.0690237979676269,0.2460778786759229,0.4189029350829367,0.7170731042503709,0.2598948012200619,0.5996875681943126,0.5312324164489469,0.0850983566209016,0.1171702075460866,0.1096916961693768,0.2268493595324416,0.3728531081589712,0.1480035744083003,0.1036548378972651,0.5453616112515968,0.2434603098909679,0.5217770102326692,Healthy,0
354,0.0601161459251484,0.0782829412311034,0.0604152428706429,0.2780115381684346,0.4808487240413523,0.7767623689590039,0.2672918796436377,0.7199838746640922,0.6056583554181174,0.0890638663971361,0.1218997826000298,0.0822602700123819,0.2559186525935761,0.4188799871354147,0.1454669386730614,0.0785622236317468,0.6717075954721328,0.2414962404300136,0.5491703298750819,Healthy,0
355,0.0417601300011491,0.1209825231158822,0.091933459510334,0.2184362467484435,0.3824077580481376,0.6123741471022325,0.2729019678830074,0.5193291263544975,0.447185688088329,0.0690545709759579,0.1396948784521894,0.0967662576938163,0.252403172052237,0.3713370408362846,0.2305691559504164,0.1213944355131608,0.5865602400253377,0.1906785330278265,0.4532831583330801,Healthy,0
356,0.0672624645042433,0.1544911765839631,0.1765870774161865,0.1792031397701904,0.252044205538386,0.1760420462129373,0.1689078589366727,0.2399619645530969,0.1218844273942429,0.0963891553695636,0.1100799882314788,0.1131790326133404,0.1749535729683399,0.2787559569206675,0.2945750076980365,0.1901445591181028,0.4224601751024836,0.2287859899652562,0.4337972628101244,High_severity,2
357,0.086573149973994,0.122480606686793,0.1235404401504192,0.2013259727408476,0.3733913125241268,0.5027870950668383,0.2993912732308862,0.5059990213533517,0.3759297540229006,0.0946715376451474,0.1064510147154304,0.0248204231611272,0.2476835593136726,0.3661782367356799,0.1315252729312371,0.1588197618823992,0.8730408786174464,0.1930315230310906,0.5495369176216045,High_severity,2
358,0.0520363379335823,0.0863666317922337,0.0757306878634379,0.2611182113907903,0.4948428068786673,0.7345453703640137,0.3091754598972818,0.7028037535325121,0.5872256146919519,0.0505741909537288,0.1485547294211006,0.0463396528557832,0.215577075264611,0.3979855974868089,0.2314173675032624,0.1227315355463862,0.7914156225870413,0.2972940342087909,0.4563814521736775,Healthy,0
359,0.0688273300355847,0.1159391914359574,0.1416509704806385,0.228291631887044,0.3121759502263185,0.37574892974626,0.1552069376876702,0.4583737870807777,0.2681696899778583,0.066599900154639,0.1212025341475754,0.1039456302829977,0.2128613222512699,0.3761432009088802,0.2226513076344491,0.1839025497764566,0.566973345224715,0.2772166804111519,0.5126024992098615,Others,3
360,0.0731892884277434,0.1586648706051017,0.2053572660786199,0.1874479521116763,0.2501418294170566,0.0983197634886669,0.1432708896591628,0.2237658013114671,0.0703055035052714,0.0918571772186067,0.13239122004699,0.1295335614361316,0.2158264262258154,0.3504385589769716,0.2724495405387273,0.1650775543339963,0.4602454770721079,0.2377193297638734,0.4516029217807636,High_severity,2
361,0.0712157168826002,0.1121408681859465,0.1693460908044663,0.2184292429588456,0.3001490875375341,0.2786034932136945,0.1575843797801324,0.4560097007982486,0.2023779998938667,0.1038689858291428,0.1230270112068013,0.0612727603263061,0.2001198510380538,0.3265659829893487,0.2430890120751259,0.1633486489642647,0.6840297088295926,0.24007885494926,0.4527182905651476,High_severity,2
362,0.0438736088151551,0.1277596291305055,0.0923747277359249,0.280345207474184,0.386242479602039,0.6139932859927589,0.1588647287986071,0.5028828599729191,0.4504331463762429,0.0482581979655946,0.14422205657715,0.0883046886344863,0.2446581204676689,0.3494535926888546,0.2441286136760468,0.1213736373546833,0.5965595973762426,0.1763901803322576,0.4157214082097064,Low_severity,1
363,0.0550785000099574,0.0928950773180878,0.0648503341631246,0.2720060748787676,0.4614757287449761,0.7535735403076634,0.2583154114118982,0.664863025606293,0.5796774664252574,0.0623708679058865,0.1369817493703979,0.0429888537189862,0.2585452780961727,0.3950885198566147,0.1784789491369484,0.1459932370957786,0.8037385342771303,0.208898686371638,0.4850990281061788,Healthy,0
364,0.0648424536741673,0.1295586435262889,0.1543506323314135,0.2343217241999766,0.3258142783441538,0.3570932448426931,0.1633398919701987,0.4309778324362053,0.262400200433457,0.07693761454916,0.1533282830251871,0.1143782655796338,0.2007729099259194,0.3516635935277321,0.1723988153453291,0.1661165375802012,0.5091502475820155,0.2731367001610024,0.3927495068958024,High_severity,2
365,0.0557704168077898,0.0675562865178337,0.0761648273650506,0.2632754819786769,0.4903330785002111,0.731102881135218,0.3012938127683265,0.7578147541290786,0.5825162649510423,0.074960301229268,0.1072529913334555,0.0718107799682489,0.2755088319280755,0.4179365716996723,0.1644205819541088,0.0981160590562116,0.7067435700318354,0.2053914252318761,0.5915646506223879,Healthy,0
366,0.0786564203649805,0.139956011430736,0.1713861657729169,0.19322289796468,0.3185847086919726,0.3004230467368395,0.2449393269986937,0.3895590716860092,0.2230346569518337,0.0870022187459715,0.1092674810041074,0.1390900081955264,0.1926881391284813,0.3310517518911142,0.2535135078274024,0.1252554635971638,0.4083060897636745,0.2641838346383589,0.5036897194535733,High_severity,2
367,0.0649688023998189,0.1441905882640427,0.1739770942754888,0.1851640328189657,0.3085305955584614,0.2788629157999072,0.249884352894321,0.3630048983059086,0.2054235849884996,0.0720472885730311,0.1756237297059174,0.1414211722238806,0.2905257764086528,0.3270159632848371,0.2180482190416215,0.1950089944613059,0.3961999956715697,0.0590894259136165,0.3011943459501205,High_severity,2
368,0.0767539582333618,0.1201973414296532,0.1762365490053196,0.1641591807365366,0.3026829213388972,0.2640242883478842,0.2967250382656734,0.431530142160173,0.1937539953451664,0.1138249752536648,0.1515294707976044,0.1293299916303912,0.214002579146078,0.3619770050863503,0.2558554128030638,0.1454519778053229,0.473526766381651,0.2569091509336542,0.4098244991486807,High_severity,2
369,0.0423383102465703,0.1380735119006825,0.1738584324764936,0.2175701249316442,0.29054498806835,0.251261188935599,0.1436187613193599,0.3557277069904436,0.1814902660640718,0.0702711989820503,0.1138805124111426,0.1315228710148368,0.1905914484948823,0.3108127166619235,0.2172673054989536,0.1590801512030793,0.405325392398913,0.2397691852628388,0.4637046008023351,Others,3
370,0.0722734632162809,0.1318024071688282,0.1705314301986983,0.2244755093215508,0.3310264271143638,0.3199929870014734,0.1918101644729463,0.430448591765214,0.2403680362703681,0.0756532902351217,0.1608290828554317,0.0975034325775477,0.1963109265703993,0.4371669001202732,0.1985496059559885,0.2273536167784353,0.6352764437646341,0.380212161186636,0.4621064775213856,High_severity,2
371,0.0471592232723357,0.0913844500715925,0.0805566502665819,0.2925435377484175,0.4322419370791263,0.6858156311094755,0.1927444798254942,0.6509555197595924,0.520861637061852,0.0341923951318645,0.0971301692580612,0.1587730227771149,0.2860167276967565,0.4163315407526499,0.1409218349678271,0.1477161685659611,0.4478464166494219,0.1855415879982063,0.6216653847234879,Healthy,0
372,0.0567126227439672,0.1109989480398395,0.066512890040934,0.2852132103787992,0.4730814987412991,0.7534707868588421,0.2477510209460599,0.6199189729717761,0.5866258221775524,0.0522534783467209,0.1443570109509514,0.0429157388067089,0.2418189552337852,0.3453599497916859,0.1612823827572291,0.1687856958750884,0.7789419215937676,0.1763363664323213,0.4104471663303658,Healthy,0
373,0.0221062580726511,0.0626564491154637,0.0718248402705469,0.2893617778429199,0.4916065120272317,0.7450449288005297,0.2589666402690155,0.7739107481175066,0.5921139209169264,0.0782181802138962,0.1448022650596833,0.0599324950780471,0.2153580726962266,0.4019124346809757,0.1787341711334567,0.1015078438551753,0.7404648564213178,0.3022246482784722,0.4702821594942588,Healthy,0
374,0.0970864421075454,0.146973066163775,0.176725386924641,0.189734003537886,0.2682688739032495,0.2057183542284257,0.171472438784966,0.2921087588597048,0.1453080046725506,0.0940788670728279,0.1078493581742833,0.1431500918162437,0.241560134347791,0.3505264514557787,0.1663589623833934,0.201623753703803,0.420065248117871,0.1840378075110424,0.5294282293765699,High_severity,2
375,0.0736584939997329,0.1428650903228127,0.1466385139689583,0.2394036346230127,0.4316021097541599,0.4928114423203379,0.2864334273465062,0.5026170674194446,0.3964285747293142,0.0900653075728213,0.1338307390513806,0.117238911803339,0.2237809157839083,0.3433431959826774,0.17573597468358,0.1441953281092342,0.4909098298807235,0.2108220717795506,0.4390693655895996,Low_severity,1
376,0.0787203899732464,0.1400341877371448,0.1222646527992425,0.2444786886069047,0.407741811299854,0.5386295787653546,0.25031890705105,0.4887173297722874,0.4157408255932251,0.0889369405754575,0.1387722879243507,0.109679743145956,0.255971924764275,0.2977372970396499,0.1329639593275191,0.1542199283550218,0.4615849003468804,0.0754283487266255,0.3641730092327966,Low_severity,1
377,0.0445199777622503,0.1020302619372377,0.0593732633352072,0.2896526132541744,0.5016069082395077,0.788323130321908,0.2678695032765247,0.6619483789993806,0.6252241890363518,0.1130098417925008,0.1734643105542382,0.0940806359823944,0.2839067147816688,0.3521398055011592,0.1506542266633635,0.1788313076614917,0.5783221599189692,0.1072768870571754,0.3399431044944271,Healthy,0
378,0.0569407869968478,0.091203618343175,0.0574278486717354,0.3034884065248059,0.4933274198761306,0.7914578327206893,0.2382470416141091,0.6879425988361049,0.622266075058759,0.0504284689146657,0.0893068870517224,0.0164061777820974,0.2644711799272609,0.4161243690479732,0.2135331569296171,0.1093355590087887,0.9241386399072388,0.2228242446619802,0.6466111425680934,Healthy,0
379,0.0408248377592815,0.1026386810655827,0.0872437647565124,0.2157124985701312,0.4442932830811635,0.6717302580829493,0.3463314880956603,0.6246747756799822,0.519200234843388,0.0384495548879709,0.1519014416317443,0.1346651003974943,0.3137234673834874,0.2975297970498446,0.1527275408334619,0.136775317950818,0.3768316044781502,-0.0264925707164203,0.3240281112752698,Low_severity,1
380,0.0823807153381195,0.1260450865582136,0.1598208205883953,0.2026669257424098,0.2814253869626777,0.275593453934008,0.1626930631890619,0.3813289808752184,0.1937929184713617,0.0590205099781506,0.1257281371842379,0.1017182157768581,0.1739923734285549,0.279819135242612,0.244170429621994,0.1298161556049091,0.4667981234074912,0.2331954121743957,0.3799581664950491,Low_severity,1
381,0.0499244700816269,0.1211712165909601,0.0952351016408862,0.2186234850879747,0.4306935925249026,0.6378402521203179,0.3266048510791888,0.5608663042490883,0.4904704773221889,0.0589633318057887,0.0854729493465815,0.1258357632337634,0.2165741533536782,0.3878254645850458,0.2951032777801946,0.1637949280334577,0.5100437548377657,0.2833411970302232,0.6388200474344757,Others,3
382,0.0479477166257129,0.1112087892558545,0.1497658396271806,0.2277933322306908,0.3252903836801559,0.369481622261414,0.1762790128234057,0.4904513174316716,0.2700221892706952,0.0575161901671917,0.1186590439230157,0.0436713617305339,0.2244187343163537,0.3407071810272899,0.2604353233084077,0.1319133201813649,0.7727689926851672,0.2057744009849966,0.4833793279605949,Others,3
383,0.0616157234315032,0.1434878488501264,0.1359222031384031,0.2345434564985423,0.2963223099161636,0.3710865075978686,0.1163737753045472,0.3475009797289646,0.2580869683837525,0.0848658787141614,0.126124864817178,0.1160525039531333,0.2922245257262943,0.3074632355993307,0.2263468942353271,0.1893236155013584,0.4519565951632969,0.0254110736549814,0.4182272774736145,Others,3
384,0.0700870401938684,0.1580222076064305,0.1419706213255504,0.2064604380761724,0.3519232118378287,0.425096602578608,0.2605068643826866,0.3802387409278279,0.3168637084366017,0.107694257850671,0.0965401450903081,0.0873701860305511,0.2836683742462332,0.32542041437298,0.2433293057279003,0.1022805025635827,0.5766851961011672,0.0685483642235435,0.542421001559472,Others,3
385,0.0776995513555577,0.1461811216980918,0.2100267819399687,0.1692898434142711,0.2738383381252556,0.1318788098978599,0.2359328498308537,0.3039316713584035,0.0972870491349311,0.1232328490787768,0.1413590255837896,0.1389343988302166,0.24994002707494,0.2521147208705977,0.1943364859740911,0.1919571836581363,0.2894273796779638,0.004331586952532,0.2814817920759224,High_severity,2
386,0.0757875041894466,0.1073636241216668,0.1115401594579366,0.227560793232961,0.3022776264388269,0.4609213849219961,0.1410181489899311,0.4758163443024059,0.3130888946208994,0.0918889634904012,0.1477100044729227,0.1134369222043618,0.2045879288780708,0.3621426246904585,0.1602836131156407,0.1341599402603893,0.5229528984372002,0.2780063556134637,0.420577649210908,Others,3
387,0.0222334571136027,0.074547598133635,0.0920709064778357,0.2476350795984466,0.4659519160803413,0.6700102477681839,0.3059428462176841,0.7241529504719494,0.5300656114844069,0.1135474503211551,0.1133144010157409,0.0840481845753343,0.2367956346445536,0.3638202576406827,0.1712427416443029,0.1384741446743351,0.6246746738418509,0.211490612599049,0.5250212955192733,Healthy,0
388,0.0445486225745667,0.1377370349932221,0.1338421013358995,0.2053511696828365,0.3400398190835647,0.4351246773988463,0.2469579662571528,0.4234252504367428,0.3175914555311587,0.0723235341319662,0.1094981736242773,0.0735576499647199,0.2048157161929314,0.3236760160756289,0.2273231283330235,0.1514428454966151,0.6296504739996114,0.2249047480317003,0.4944381441556557,Others,3
389,0.0978108574392069,0.1387144571909742,0.1761430554208843,0.1915321301429015,0.2720929254433931,0.2140610618484946,0.1737628161588793,0.3246739807768504,0.1517816323554625,0.0501642403964257,0.1260935232275163,0.1142898488752484,0.1943378747178188,0.3370040994159931,0.2702687935273721,0.1510018136637547,0.4935015224201865,0.2685017025631135,0.4554343746887141,Others,3
390,0.0947277063683194,0.1558109892195634,0.1902180528292517,0.1191902120034483,0.2843874355271678,0.1984161266740275,0.4093319452514707,0.2920874748281551,0.1449346178883989,0.1105830225216784,0.131215678969465,0.1136976905754184,0.2599549281620019,0.307914794191602,0.2162487979965326,0.1588940529946481,0.4606531130678122,0.0844557548002817,0.4023840886062265,Others,3
391,0.060396017914203,0.1215805821968121,0.1598546756772393,0.1880986062920282,0.4077652586957021,0.436754539447832,0.368652414269486,0.5406383773911635,0.3483129740792136,0.0412444028527341,0.1302255886541274,0.1203547086061228,0.2193000273556976,0.3112380867215476,0.2249483488621859,0.1302715839242185,0.4422765629590822,0.1732920914188345,0.4100280683645893,Others,3
392,0.050713008357407,0.1153581581079616,0.0863552713110556,0.291919948046276,0.4524383956862581,0.6794495681721285,0.2156467365369659,0.593663760947131,0.5286176687523294,0.0534081606421073,0.1391951715034328,0.1091679454610722,0.2466186007776755,0.3032119050568885,0.1870547612097923,0.150894788166348,0.4705466558370677,0.1029286365137423,0.3707371383583469,Healthy,0
393,0.0834899562934857,0.1251325582835379,0.1587283834688051,0.2325434976100188,0.3128383825621648,0.3268041986725557,0.1472269026004236,0.4285805444447413,0.2379301214515512,0.0922268016881132,0.1305520167772941,0.1087511813336948,0.2516629384580796,0.3574980842711263,0.2107233943970889,0.1219863061381818,0.5335062621809294,0.1737391951620225,0.4650056766842393,High_severity,2
394,0.0643842712330664,0.1022370758904357,0.1158476524945647,0.2532955455333802,0.3630764264926975,0.5162170474304096,0.1781081651043546,0.5605669065401201,0.3788272951471905,0.0722833860040559,0.0815449026444047,0.0554152728503958,0.1910226036487226,0.3691696840338566,0.1931472548257156,0.129365357148348,0.7389673282018667,0.3180105908314061,0.6381528130900506,Low_severity,1
395,0.0863664415076284,0.1374903400420763,0.2101765101607647,0.1927982126092687,0.2510947246518555,0.0887074922582431,0.1313301184792073,0.2923539655319986,0.0638501595739524,0.0835826155023759,0.1176946318123387,0.1225484415654745,0.2160122220669761,0.2961083612034829,0.2074051535907695,0.1818006692682003,0.4145637154110457,0.1564009371093892,0.4311562081531938,High_severity,2
396,0.0682938173696523,0.0902265467413328,0.1032908183245224,0.261876573185506,0.3946731235222139,0.585147398659185,0.2022642779406016,0.6278547820323573,0.4379651803728809,0.0463524026847579,0.1182417073087566,0.1595310988385981,0.2124342813262161,0.3327076974132188,0.1985405071434106,0.1801099930952221,0.3518142005329215,0.2206276910927282,0.4755876997701931,Others,3
397,0.0743420797914644,0.1715731487713791,0.2088014212798837,0.1903981355659847,0.2788913455324383,0.143717374999591,0.1885684924352567,0.2382389691487604,0.106444928940954,0.0867704279167531,0.1589694898201803,0.163962607336272,0.2071513914146773,0.3201947716330766,0.2417092879717283,0.1691703917899824,0.3226888013756688,0.2143627623363642,0.3364718422945739,High_severity,2
398,0.065255158029672,0.1184114927714584,0.1381592325406543,0.2240200792152375,0.3769430510078446,0.4635658316678921,0.254463151068587,0.5219121566220468,0.3528469332653932,0.099518108491222,0.1523747710258317,0.0140829559691929,0.2175323117032423,0.3744508879619226,0.189403265656938,0.137564054875537,0.9275071853370396,0.2650726850820022,0.4215362580531654,Others,3
399,0.0607471822383099,0.1248213504076153,0.0857978458069319,0.2436244291445496,0.3752294190386554,0.6277970855555868,0.212659241403223,0.5007652901090994,0.4517534264934112,0.0758190112601472,0.1619439530783775,0.0947301449385016,0.2201011434263527,0.3667856917522258,0.2216383530422256,0.147756889915536,0.5894825814959737,0.2499366820542835,0.3874224581061201,Others,3
400,0.0393119582947407,0.0850490864470899,0.0969218487761973,0.2801143042446624,0.535664319863911,0.6935694974660812,0.3132590240379196,0.7259634298780488,0.5810716436893848,0.0474672096529631,0.1098164216595585,0.098382587432292,0.2653030961910581,0.4642316702294393,0.2039895253253392,0.052535962399938,0.6502662842524548,0.2726786757736512,0.617396440433449,Healthy,0
401,0.0400702190682315,0.0799185449166392,0.0556284939886833,0.3119755883088608,0.4559752369104878,0.7825328838360376,0.1875115487511802,0.701737368012902,0.5936317710581497,0.0394217935996309,0.1269314605107306,0.0696112145040371,0.2629011226062308,0.422682603953904,0.195292180947854,0.0817002740064071,0.7171964713183399,0.2330590344513643,0.5381069418797666,Healthy,0
402,0.0751536425408654,0.1276268607605392,0.1752708312887968,0.2344493618666579,0.3119064153931582,0.2804638045700059,0.1417703568816954,0.4192618958119098,0.2076155795176802,0.0645605116106121,0.0892059958520799,0.0950565808837603,0.2186621974517107,0.3326141902235373,0.1838252028812985,0.1462659570109933,0.5554684242851299,0.2067057383908028,0.5770425465788948,Low_severity,1
403,0.0471910121735999,0.1146516346668163,0.0707362683121124,0.3086195137929753,0.4793772066496679,0.7428302649120642,0.2166984816393302,0.6139863027097274,0.5837096867351811,0.076564856719547,0.1198139126621012,0.0695253894771576,0.2652535019568724,0.4200638119114039,0.1784215035060962,0.0990113904774148,0.7159847918215053,0.2258958103374101,0.5561442630115834,Healthy,0
404,0.0644137706718116,0.1265829059876968,0.1769010610107164,0.1882520980962101,0.3225288994802258,0.2915881104256471,0.2628852718114709,0.4362966885013764,0.218566349158635,0.0913565735225822,0.100315338892814,0.1264555707721744,0.1963469162730563,0.3335564314903026,0.1928914842304519,0.1131681195387026,0.4502075156725129,0.2589330975099264,0.5375807059111785,High_severity,2
405,0.0770136982152396,0.1098125971647798,0.1218492582263157,0.2042265067826824,0.3840218176378351,0.5182596355477823,0.3056452579482803,0.5552655146212447,0.390963462966094,0.0611447211175232,0.1198718084839918,0.0680340064259882,0.2529358214099269,0.3521430229528594,0.2123264591596106,0.1739627583852137,0.676165036786691,0.1639574783802075,0.4920845681094707,Others,3
406,0.0430968054947343,0.1101080772510525,0.1038264521101322,0.2840618748488007,0.4307199008400119,0.6115343354711248,0.205178742630758,0.5928166377793695,0.4739663638043385,0.0235153424100576,0.1896340165145612,0.119323388731483,0.2395099299479459,0.4267183673159784,0.1564283717843866,0.1390408296704244,0.5629514138434807,0.2809974270634596,0.3846571490937907,Healthy,0
407,0.0593886666241813,0.123894300561263,0.1122245456953261,0.2492572337673355,0.4074324905424639,0.5680822624559894,0.2408675679239162,0.5336418090121261,0.4342753509597126,0.08516920147913,0.1257933366800092,0.0925655976860449,0.2236322517791783,0.3249131223548218,0.2447630389393507,0.1451680391627842,0.5565493844716985,0.1846353562556929,0.4417948349380643,Others,3
408,0.0466498991169242,0.1268746402802756,0.104264841042543,0.2780305454196911,0.428328665835651,0.6084637169022461,0.2127785948297467,0.5429615101975486,0.4707522698445578,0.049976901237066,0.0895206283942307,0.0546617432131371,0.2267043076198674,0.3848055195825468,0.2079854883184765,0.1041911729312814,0.7512363361702764,0.2585423895572927,0.6225355537489213,Healthy,0
409,0.0776003543083387,0.1352699903233012,0.1564893553805396,0.1940786476230982,0.3431152498440475,0.3735471861385544,0.2774353970208015,0.4344725590781979,0.2800495718328211,0.097018507790461,0.1351765917228045,0.1383228043451451,0.2190398096817499,0.3863973337409492,0.2590547587650901,0.1585909887310879,0.4727749354172887,0.2764242760414105,0.4816589360650526,Others,3
410,0.0516707651486385,0.1441799050954643,0.175339176913263,0.204633241445245,0.3222781616251789,0.2952850982714795,0.2232726782802422,0.381809790067101,0.2209348901160669,0.0672180943995939,0.114333127794014,0.0678488486420263,0.2784141646525688,0.3437645980860649,0.2617752936683991,0.1767685005654145,0.670327346293685,0.1050348185236091,0.5008352090185043,High_severity,2
411,0.0834742945549229,0.1401291806847281,0.1158889772552123,0.1865009838346067,0.3607919322796832,0.5137670716946189,0.3184600847431389,0.4405139769196199,0.3761253332080012,0.0598524628265431,0.1006514232365229,0.0907104161566963,0.2249280412823643,0.3250602958724983,0.2083715817749413,0.1475606770301903,0.5636517266260602,0.1820625053762536,0.5271381138053804,Others,3
412,0.0739221578033943,0.1231600196406988,0.1748545357273914,0.1949523295923078,0.2312404735306888,0.1388491277110553,0.0851449007877979,0.3049669963007709,0.0933444129376677,0.0898189539964495,0.1828061135196067,0.1006698953935982,0.1827695498422195,0.2535138275342896,0.2182296282348615,0.1813493238431103,0.4315385554062025,0.1621521271735695,0.1620547386486485,High_severity,2
413,0.0933311091148146,0.1219798784359447,0.1722329232583442,0.2192413951751523,0.2683860543915277,0.2182228546896347,0.1007832091077864,0.3750485471289553,0.1533348785500072,0.1365574465887623,0.1548852304031628,0.1729333675452878,0.2481884449471869,0.2374876006361462,0.2885513908073637,0.1396017774748579,0.1572878534371591,-0.0220328846941343,0.2105201066398709,High_severity,2
414,0.0750302834505584,0.1226634707096179,0.1756590112308524,0.2184697757528526,0.3004299064925201,0.2620747734652474,0.1579498572537397,0.4201588712128955,0.1917410796231807,0.1022569976405595,0.138099373151745,0.0960587138409419,0.2042854712542575,0.4072991356281629,0.2252384454428067,0.169211713825107,0.6183283366207332,0.3319469818064529,0.4935836056439454,High_severity,2
415,0.0433570896801687,0.0747496689153976,0.0762469963326984,0.303129485497061,0.4124225393744898,0.6879404556195382,0.1527394935358447,0.6931283532047523,0.5100423309816975,0.0694420112547416,0.0975703453691976,0.013472088123596,0.2656223967861483,0.4084012080675275,0.1228459784832919,0.1508482856449018,0.9361320650288673,0.2118305801951477,0.6143247789071629,Healthy,0
416,0.06875293613183,0.1088769025042668,0.0618739472759651,0.2561545587847524,0.4810476346292603,0.7720704081836774,0.3050629499663031,0.6308785424206793,0.6028838044384058,0.075308173217161,0.1007027651163004,0.0595951183795691,0.2370033046536432,0.369101442317082,0.2085607167024686,0.1560237210361433,0.7219706251772843,0.2179460535883562,0.5712990070205791,Healthy,0
417,0.0622756289509223,0.1250751763226919,0.1275428689448584,0.2322562777408707,0.388235198358474,0.5054350813647542,0.2513796347343054,0.5126723226648976,0.3849644983559692,0.0392923869619511,0.1589242591449715,0.1109345581158359,0.2727893276550265,0.3678010850251232,0.2110282326923666,0.1856426422146924,0.5365519166778552,0.1483190436344176,0.3965573864862278,Others,3
418,0.1004846498878801,0.1459345824725301,0.2045737552816209,0.2150619713201179,0.2392509819435261,0.0781327036404323,0.0532430573454747,0.2422634908773494,0.0551117574495713,0.063633198761138,0.1400355092046934,0.1426501249851144,0.1956278334652324,0.2768870544878585,0.2917284889377322,0.1814019616799157,0.3199643227600804,0.1719717687089959,0.3282421178434529,High_severity,2
419,0.07889879542489,0.0972255575467043,0.1311104281426655,0.1750230558764314,0.2817218762473795,0.3648247642035683,0.2336070153527723,0.4868652014699449,0.2474903342821865,0.0293104485279734,0.0509880240651488,0.1763521476142773,0.262833972239305,0.3155629528278245,0.2356638584862199,0.164079262083188,0.2829976251764448,0.0911640057256522,0.7217957267644304,High_severity,2
420,0.0861092157308408,0.170181180600062,0.1822128268265319,0.1836686371933026,0.2510759415754802,0.1589312250186369,0.1550503621530559,0.1920317941632534,0.1106781476651484,0.1240224253085281,0.1901979767518622,0.1550328454758384,0.1865917832084515,0.2859202142340095,0.2309048610589412,0.1533039887010981,0.2968283491315296,0.2102135640220509,0.2010472174649333,High_severity,2
421,0.0509110872810603,0.0886718209874453,0.0752064802344683,0.3000700512532727,0.432574767282846,0.7037839400246702,0.1808580538306789,0.6597701625954251,0.5319134801259109,0.1032650743506915,0.1156195094491814,0.0859673648637636,0.2418876450100055,0.3275794674115782,0.2337823422505185,0.0706220959854447,0.5842436302037682,0.1504772102416582,0.4782501066761001,Healthy,0
422,0.0549998336300475,0.1265679282764195,0.0507920704750336,0.2988309589210228,0.4616274712329477,0.8017559193557097,0.2140768066427553,0.5696398564762869,0.6086934079692239,0.0755504549868121,0.116479593612038,0.0498441827866579,0.2981829787570351,0.3101406546433133,0.1178659412125413,0.0774175881624873,0.7230762098620097,0.0196567669407127,0.4539424976269773,Others,3
423,0.0812392759805383,0.1276201641919602,0.2034451293684646,0.2110992915523321,0.2158144293305771,0.0295027261882692,0.0110447089132986,0.2568007614900601,0.0201835811959645,0.0933170013186093,0.1618467635367349,0.1704966303293479,0.2143562886419264,0.2433856764080354,0.2248806506412734,0.1729869855429884,0.176110563056606,0.063418672489293,0.20121516649164,High_severity,2
424,0.0584013728400391,0.1140659287611751,0.1590416348009378,0.200754738009874,0.3184242879275331,0.3338094836502798,0.2266454229448118,0.4725155651635194,0.2445854879754258,0.0461002463810946,0.1347610437525513,0.0930414200966685,0.2976735253820862,0.3856920980807732,0.1825387219269121,0.1487847859331107,0.6113018346787957,0.1288015809935906,0.4821395706139916,High_severity,2
425,0.0665256370186879,0.0979835208262102,0.1681528113818993,0.1844769406361893,0.3086067033404442,0.2946011303840318,0.2517417971992944,0.5180232332096188,0.2156936633452769,0.0774993903086712,0.1441858462248475,0.0894087176021048,0.2172778076544866,0.2976070465103348,0.1433333174002352,0.1997712351235312,0.537958264789809,0.1560139868284681,0.347269507518878,High_severity,2
426,0.0747379496026455,0.1356815847432481,0.1485975797966698,0.2305665184737855,0.3117986966401123,0.3544796628385676,0.1497739454940301,0.3935751344224775,0.2548965268518279,0.1214168694954327,0.1145317683679307,0.095431036762287,0.2337427892477259,0.3597399055529401,0.2496545263737292,0.1959748977483899,0.5806804525927027,0.2123012472124953,0.5170204139704131,High_severity,2
427,0.0746548504256993,0.1182467587105954,0.175050142013324,0.1716293350481201,0.3454080478940888,0.3273229419467311,0.3361047355165661,0.4899362326187916,0.2504138448282064,0.0868511067827649,0.0966379224122223,0.0762786896447305,0.2792345685165461,0.3692717776818172,0.2057930706668975,0.1410167281560118,0.6575979816498533,0.1388378227801193,0.585164582781956,Others,3
428,0.0531763124708852,0.079488614432402,0.0769800603363809,0.2830362011546021,0.4650190960746268,0.7159402946450137,0.2432746557561761,0.708034935415755,0.5585979125090392,0.0543956100687846,0.1147976279087685,0.0615890781445976,0.2109466388468393,0.3953398101994976,0.2031153544804614,0.1420813402895325,0.7304216051307425,0.3041353994348727,0.5499345104547879,Healthy,0
429,0.0632783992311928,0.0785582293423855,0.0715542874426061,0.2773465363694717,0.4674470137047898,0.7344930808505086,0.2552391562955448,0.7122436813831182,0.5715479747113729,0.0296987953674211,0.1453633376068654,0.0714222879481057,0.2041147992295526,0.3769451547821547,0.1899436982682131,0.1072271194877843,0.6814118013868652,0.2974397983536134,0.4433812977385115,Healthy,0
430,0.0373806235030576,0.1125691462009212,0.06687584236981,0.2952658755280608,0.4364882346687528,0.7342844059780347,0.1929915488998191,0.5899548931566372,0.5525597349316961,0.0995143348737635,0.0942593461703486,0.1000604039563517,0.2278395369563461,0.3913440838988449,0.1999996141892671,0.1440009130824489,0.5927574679137372,0.264064715918475,0.6117846772337762,Healthy,0
431,0.0460177622867499,0.1184621321168537,0.0849469328915164,0.270774945559377,0.4052043075589311,0.6533848090909636,0.1988661062886595,0.5475664539809095,0.4851643288176671,0.070616358965103,0.0956944888011758,0.0751868178765532,0.2700847755087768,0.358176147156107,0.1722725120176706,0.1554444813544604,0.6530076451231277,0.1402146281415602,0.5783182201274533,Healthy,0
432,0.0350092148050937,0.1318734137559993,0.099300063707566,0.2748578523739629,0.3912726623025053,0.5951667981414546,0.1747627639984091,0.4958447753271434,0.4421269497863764,0.0321550013340629,0.1428719342044072,0.0476607400314755,0.2000981722839514,0.4280303992238116,0.1572040598715225,0.1650423029279769,0.7996147663961524,0.3628751139161373,0.4994872998802661,Healthy,0
433,0.1073938870560616,0.1313496940842482,0.1784560312951668,0.1714690311745,0.2283570235031798,0.1226632027154303,0.1422818539790763,0.2696845087285688,0.082543461318678,0.066631595857076,0.1193865165716441,0.0728774672156338,0.2339805899715606,0.3949040031902225,0.2378901590581616,0.1545604044319048,0.6884123385545653,0.2558870339144463,0.5357234404129246,High_severity,2
434,0.0525080314069666,0.1039046874667077,0.0608632589565553,0.2995144876126255,0.4220242569541494,0.747919517688214,0.1697895924010026,0.6048717661617746,0.5511734437835796,0.0409164622623111,0.1000472006046428,0.08520145002534,0.2677566035462868,0.4444810782507039,0.2105266821546687,0.1536293071290591,0.6782923903393795,0.2481257018844292,0.6325362538931786,Healthy,0
435,0.059234193567454,0.0868318509111728,0.0651567546478684,0.3427820968194069,0.4318189659440922,0.7377869704771151,0.1149454518007419,0.6651625791793396,0.5516616960519096,0.068551839440925,0.103757332612445,0.0865696603398277,0.3075313129828819,0.2914081674417288,0.1842229632573469,0.0732589426475892,0.5419326003965572,-0.0269194903126485,0.474866441537934,Healthy,0
436,0.0378475161356941,0.1016904347662503,0.1042675220496458,0.2748215950614714,0.4516822508993543,0.624903086131089,0.243440770232921,0.6324703499091735,0.493510303827426,0.076249716128417,0.111733485528878,0.0695255129366063,0.2779880301715011,0.3591053969712653,0.1621667563553798,0.1689419930668559,0.6755926307248821,0.1273241307221752,0.525385478210398,High_severity,2
437,0.0455440171276376,0.0888869886956465,0.058472494653197,0.2864308845629203,0.4253198790507233,0.7582744258429256,0.1951371204473979,0.6542753733134129,0.5593365951034477,0.0562222045086255,0.0689938817998811,0.0625390332264071,0.2663355472794271,0.393078154409592,0.1309551608439956,0.1180028752596667,0.7254755311102496,0.1922049948393958,0.7013717498861851,Healthy,0
438,0.078909795866276,0.1363253334264141,0.1533522764947968,0.1822060444308635,0.3091594516783568,0.3368718363077474,0.2583685835752581,0.3879686221186989,0.2428134182000283,0.0986894056507038,0.1111957892184507,0.1171513066783606,0.2675852269986038,0.3583146193129295,0.2250137586243103,0.1554165671324097,0.5072147118256096,0.1449583233627547,0.5263330175521812,Others,3
439,0.0662866652437885,0.1404390361325148,0.1565548761966417,0.2051550499290923,0.3075010416031525,0.3252758118508315,0.1996386922237962,0.372956146980941,0.2348611153453722,0.0815015219937495,0.128351054996614,0.1412950223247785,0.2466313728267343,0.2774838913080248,0.1927352362023338,0.0897085774950586,0.3252046952456168,0.0588659033470886,0.367471647450155,Others,3
440,0.0643861986682486,0.1186392777668708,0.0647993263581935,0.2635881480441245,0.4314133243268688,0.7388243678643308,0.241474562219573,0.5686257011955653,0.5520116579275022,0.0937716813404111,0.1174675871065699,0.0604433992105917,0.2353962806323354,0.311630677803094,0.1801773358724068,0.1150849604625267,0.6751001859859831,0.1393613166502785,0.4524909713568765,Healthy,0
441,0.0953921756325401,0.1105380584665273,0.1322735456667859,0.2118874292451439,0.3775831458686172,0.4811344134036878,0.2810924304262276,0.5470876598483856,0.3643728891307216,0.0710330863977579,0.1505399475893854,0.1029707568044616,0.1978791144574666,0.4021036958416045,0.2010155761272601,0.1892421548569219,0.5922551367823033,0.3403840541403826,0.4552006546034443,Low_severity,1
442,0.0530425740043506,0.1342658120847187,0.1206615715951512,0.2313379251069244,0.357028369140619,0.4948121728948273,0.2136261802597631,0.4534198970163005,0.3626407325530846,0.1441860101872212,0.1656292023125569,0.1236648152328119,0.2185413375632555,0.3337909377931265,0.1884670069696797,0.131398835953711,0.4593364957602798,0.208659905227353,0.3367139648092374,High_severity,2
443,0.0334499919153193,0.0961967695838307,0.0728412597355386,0.3195582127084344,0.467950865812993,0.730612720510104,0.1884329427454606,0.6589659743369639,0.5694359080626479,0.0549566434887688,0.1462411094868339,0.0540732185998967,0.2540469929531948,0.3331094206711432,0.1834629387571985,0.1403691852997599,0.7206836613247849,0.1346530939344086,0.3898364545935185,Others,3
444,0.0396368294251001,0.0973349292152764,0.0990971066106356,0.296467612155344,0.4814632379680154,0.6586156545619505,0.2378047171973394,0.6636653855040535,0.5307886782202033,0.0498409388423784,0.1339682509287142,0.0803784407801008,0.2558221548384729,0.3397730583787676,0.1999379815939247,0.1260160218168714,0.61738353455353,0.1409529520675881,0.4344244493918003,Low_severity,1
445,0.0878862097398466,0.1137065114812947,0.1158936822390102,0.2167102501756183,0.3569436962365943,0.5097947517912245,0.2444565176236195,0.5168109580461453,0.3716705679657879,0.0568175933032089,0.1184487271226091,0.1004994204106502,0.167151721246766,0.3635759370841734,0.2797442657651979,0.1817560309445168,0.5668831848639099,0.3701035978700125,0.5085366541667415,Low_severity,1
446,0.0774946188034622,0.111584589083504,0.1335060342279047,0.2058726071091858,0.3460713866094071,0.4432346961005312,0.2540090681224104,0.5123647673798641,0.3254954859001471,0.0728521403903359,0.1044150862505416,0.0607683827927758,0.2284275172032188,0.3221247002932033,0.2315063557624829,0.1507266082049169,0.6825830213332416,0.1701876409036412,0.5104086908439757,Others,3
447,0.0496686221096757,0.1296886548007829,0.0993577243945042,0.2951214762730894,0.4429801201606155,0.6335947218435127,0.2003228886130806,0.5470727217158826,0.4944976298631459,0.0324750578606325,0.1122239343666298,0.0867997916670369,0.2502477493671238,0.3913898616371228,0.2381655588048742,0.0985438445633763,0.6369649946740833,0.2199716940674553,0.5543254165904797,Healthy,0
448,0.0685465311225389,0.1283405396770844,0.1315277894898335,0.220317032111533,0.3275290729064092,0.4269651528428602,0.1956973679522004,0.436941896829859,0.3065531739070066,0.0856119855178192,0.1365041583341595,0.1018795430443685,0.2481629174391803,0.3097906659481694,0.1814768819979911,0.1508890708476017,0.5050429163009205,0.1104531816694239,0.3882781026929134,High_severity,2
449,0.0532755443770423,0.1203080591822017,0.1171604987808122,0.2008626013920243,0.3859120837048235,0.5342202979858973,0.3153671878026853,0.5246808690935428,0.4018925294389549,0.0345722027125608,0.1393928856909835,0.110875685366518,0.2858262551892173,0.2889875625164032,0.1457891450453692,0.1904364987644305,0.4454319772894852,0.0054997065655176,0.3492098611209216,Low_severity,1
450,0.0893292251649968,0.1324449762484401,0.1722234383510097,0.2060316844080405,0.3041794477825943,0.2769840680490302,0.1923669578771205,0.3933230989431494,0.2027175635778416,0.0882224324471003,0.1437664829011434,0.0796221903905885,0.2262382618276755,0.3853598529482996,0.2270156248487242,0.1783553663583922,0.6575257409131462,0.2601734493228603,0.4565891993625863,High_severity,2
451,0.0370825459105972,0.1286593205314503,0.0600963595680466,0.3159179038449495,0.4569576213680791,0.7675431897488065,0.1824869761327409,0.5606024644228151,0.5853100266636044,0.0355091797248277,0.1029554338955386,0.0715007095622017,0.2322396775226735,0.4164769292417541,0.1964892104150533,0.1099724573110549,0.7069508769399698,0.2840026751249545,0.6035848314352098,Healthy,0
452,0.0658492543814756,0.1443393647586191,0.1456458076753138,0.1703653479074867,0.3479398020179918,0.4098458106758328,0.3426059998362674,0.4135873524620707,0.3053999459670934,0.0711958857864791,0.1420536597090179,0.1406549982441652,0.1762889369942734,0.3339081284833508,0.2360914453462238,0.2180320479281623,0.4072232319687731,0.3089378637282463,0.4030879653237863,Low_severity,1
453,0.0810866644648674,0.1197214929258377,0.1597627695155672,0.1889215829790961,0.3146422576349137,0.3264710094866232,0.249661839306259,0.4487500728535444,0.2384216272553587,0.0954100120643329,0.1567905249509973,0.1655488309008749,0.2463900821765293,0.3170222160800287,0.2618873139221821,0.1916310738056337,0.3138882577535737,0.1253649132652338,0.3381751423154302,High_severity,2
454,0.0641443367150703,0.1175761053459134,0.1144712433319723,0.2238701470520524,0.37105544468013,0.5284657006161565,0.2474011870955721,0.5187535256794336,0.3905285434720873,0.128923973930616,0.1428441751849299,0.1349189299997827,0.2074570894450051,0.4108654766174748,0.1185313677894316,0.171392390024247,0.5055962450961067,0.3289680796672004,0.484046648925293,Low_severity,1
455,0.0632829370015166,0.1181093665576252,0.1431615842360465,0.2416031372403981,0.379830020088628,0.4525281742489639,0.2224324228889573,0.5256074545413189,0.347024014936297,0.0543628162276472,0.1198611909750095,0.0657823428807203,0.2598474539451751,0.3765112704203419,0.2506733640447071,0.1560086880040438,0.7025399377135325,0.1833302695605953,0.5170514067679419,Others,3
456,0.0699081278619313,0.1279255501489378,0.1568454236196008,0.2062976371998858,0.3511176229669701,0.3824534100518666,0.2598062810905716,0.4659122295101141,0.2891061334122289,0.0767031594453001,0.1020225179246992,0.1155083536672517,0.2719023178995155,0.3915491317440446,0.2246302138277484,0.1733628693265695,0.5443974026985997,0.1803399689740815,0.5865949027130275,Others,3
457,0.0798125268524602,0.1158035243748605,0.1435960290661845,0.1986060286770798,0.328971551976012,0.3922730427275646,0.247102090914386,0.4792715215746223,0.2859063881882331,0.0643431466455833,0.1017217713974633,0.0898986905239001,0.1831460820393342,0.3213791822208924,0.1596521650340811,0.1749941157428587,0.5628323501873181,0.2739864779303887,0.5191607557130768,High_severity,2
458,0.0624386838574523,0.099799168192401,0.0356299712566939,0.3070372375289959,0.5088571089827099,0.8691246402356219,0.2473603013877709,0.672067234217684,0.6796069764944564,0.0466452555532768,0.0895780195811832,0.0803400794282398,0.2750519714635402,0.4005491660514728,0.1934967751057246,0.0493845750181583,0.6658686789799327,0.1857563399752917,0.6344703080872531,Healthy,0
459,0.0827232398332596,0.1546182080361577,0.1553710295489187,0.190680818404058,0.2854074433421875,0.295015346235827,0.198968621050814,0.2972309339156545,0.2073332100069008,0.067386724389981,0.1328453229946573,0.0879125129153411,0.2625463970115583,0.3502280167995631,0.2285826085155597,0.1712895831973975,0.5987017545601391,0.1430895576117044,0.4499993601334044,High_severity,2
460,0.0739918089889983,0.0995180243315461,0.1259722030706299,0.2426553857555539,0.335485943316024,0.4540254449638503,0.1605672400372141,0.5424500384687376,0.3268687373955705,0.0952892825744039,0.1326063168221951,0.0487937867218311,0.266251539537626,0.3342607609317074,0.2172738886543185,0.1393010759323648,0.7452384417795054,0.1132520038988851,0.4319311721007868,Healthy,0
461,0.0866125923323427,0.1318908082366864,0.1798635196658665,0.1405393318833507,0.1554592910671762,-0.0727783133671718,0.0504055020091065,0.082020096347929,-0.0438229896606214,0.0793684625526486,0.099043196697933,0.1148657135286554,0.1468972337612523,0.3043575755386197,0.2795867080390055,0.1624213472606036,0.4520070018809364,0.3489388667605986,0.5089588145862327,Others,3
462,0.0330786104590282,0.0846392434510037,0.0493144834975031,0.2685512221275242,0.4897566781944861,0.817039059026199,0.2917092858626799,0.7052930208538559,0.6358210259340389,0.1146852763909115,0.0933434331811429,0.0913765834242648,0.2339896445982834,0.377339826011417,0.1814037428432121,0.1075093311016941,0.6100986371086132,0.2344892374813296,0.6033704987032248,Healthy,0
463,0.0618046020479846,0.1001961873117784,0.0707297609701115,0.2760264348201509,0.4040947958023827,0.7020804422969188,0.1883022543863354,0.6026255052468544,0.5129615875742741,0.0808538464417948,0.1194561969893328,0.0931403563220753,0.2081899792032659,0.3924966717408203,0.1352297875344803,0.0834161751979043,0.6164198735273845,0.3068266828435151,0.533331272132016,Others,3
464,0.0884000502597447,0.1755911805586344,0.1981448644684104,0.175283949185638,0.2596799959333789,0.1344075798133044,0.1940299827026995,0.1931871897708516,0.0963669883852601,0.0664859746455527,0.1103150984662827,0.1327958454877071,0.2282917642716467,0.2605211707351277,0.2352135951590858,0.1196776634910108,0.3247388746970904,0.0659340294729197,0.4050468757878275,High_severity,2
465,0.0654782743702648,0.1560854200865368,0.1801387841893164,0.1993096238299908,0.2209502971104766,0.101751742502947,0.0514935453089547,0.1720390776400787,0.0679369783212068,0.0786461405243207,0.1413774947196472,0.1233013544680922,0.2289724896415399,0.3436566553671216,0.1773396189764008,0.2060873270330584,0.4718953230436956,0.2002765083217113,0.4170410693995219,High_severity,2
466,0.0655423371929764,0.1395398424906742,0.1137507705500371,0.2068064564941371,0.324633003787461,0.4810447958666283,0.2217120784197888,0.3987591320365125,0.3370937973426289,0.0622109318730141,0.115001796331536,0.1138658385540239,0.1493601123539934,0.3586941413552534,0.2351078007317991,0.1649116177012806,0.5180893711063554,0.4120308559035492,0.5144488808870644,High_severity,2
467,0.079648680628062,0.1348066484891077,0.1772023076532516,0.1702962482028513,0.2922821451334726,0.2451195919207554,0.2637085922902798,0.3687184000044882,0.1780531453847934,0.103314318942494,0.1113005601541729,0.1299252047779983,0.2095494342048321,0.3163629412855178,0.2797406425566784,0.0937282868119165,0.4177519348250523,0.2031013379008147,0.4794946972117581,Others,3
468,0.0369038134910131,0.0893404683726236,0.0582402894752102,0.3187323156438245,0.4578958337063591,0.7743219787981314,0.179189381918457,0.6734848619025675,0.5899635911670114,0.0299122342006257,0.1081477205484353,0.0650918913715449,0.2820908216201106,0.4158235354301413,0.1252975393380041,0.0980480294166768,0.7293000484328955,0.19161765689311,0.5871997964985425,Healthy,0
469,0.0687252450877025,0.0813577203373555,0.0905794681009072,0.2388964544511588,0.4511315617680574,0.6655801225874333,0.3075746235345222,0.694424946862124,0.5191729039950315,0.0406198890558406,0.1213736590113957,0.0840084059170959,0.2541976408858667,0.3678107664419466,0.1583070580041408,0.1524415162387119,0.6281326200547425,0.1826552892494957,0.503771368440788,Healthy,0
470,0.0714708184070746,0.1325814033778148,0.1212652633864126,0.253033514283718,0.3472255853163598,0.4823153377608548,0.1569190222945343,0.4473552636711539,0.3499676670656294,0.064860179118749,0.0992144271218006,0.1471130782061303,0.2386396201225354,0.3268049079166249,0.1752931112017333,0.1375617812401159,0.3791622917302624,0.1559220815166921,0.5342257077939817,Others,3
471,0.0967841910670755,0.1457331295350259,0.15889608514609,0.2135530364028946,0.2815268951724763,0.2784387180198568,0.1372987560883052,0.3178246449112888,0.1955994471522463,0.1005605277765593,0.1231183457360959,0.1186962223709951,0.2079787927434062,0.3469021666893441,0.2143683673686376,0.2030133728847067,0.4901347377487908,0.2503660858861653,0.4761150099566077,Others,3
472,0.0824302307751608,0.1564129136325762,0.1562447135091377,0.2072482329063836,0.3028256609296127,0.3192995139354868,0.1873795722114725,0.3188163090102303,0.2292547314469822,0.1121186180546518,0.1402534360138786,0.1147445464904615,0.1882491877506579,0.3506557613172717,0.242978871135263,0.1957558762860012,0.5068995676820011,0.3013640417433654,0.4285972364079846,High_severity,2
473,0.0828170653031431,0.1370460478189081,0.1674486805499006,0.1690906981148727,0.2978817047412547,0.2803019710602878,0.2758000383719934,0.3697985607393457,0.2026762435619601,0.1167131441116747,0.1110519921767061,0.1193262288766367,0.2168058934539411,0.3018703884788563,0.2172792593154291,0.1270332189298356,0.4333941728885039,0.1640030554470901,0.4621168656424086,High_severity,2
474,0.0435690069733238,0.1056431297485702,0.0947069188026562,0.2422066170684816,0.4223481340459222,0.633667949743868,0.271070994038276,0.5998300085901072,0.4832204721744487,0.0838049283507852,0.0724409874601905,0.0799327648698735,0.2472642137131745,0.3511519557802163,0.2110220543391331,0.1269413210938083,0.6291551936736133,0.1736045036266172,0.6579688655527142,Others,3
475,0.078664948558758,0.1387768359208886,0.1677847594625696,0.1879378608909181,0.2716320541618755,0.2363298159729972,0.1821141692039238,0.3237142797130806,0.165816642612522,0.0827753721343331,0.0896987303539956,0.1005220514462666,0.2392597517415695,0.3213135620368031,0.2645992523173179,0.1498117393722778,0.5234065202970299,0.1463748064319635,0.5635228823340968,High_severity,2
476,0.0597411686501336,0.1268798894830404,0.1058927664589634,0.2192625461456926,0.3827926121135558,0.566621916259157,0.2716197406906796,0.5021120853662797,0.4201030757444575,0.0921386416804727,0.1062994413237927,0.0972505854170139,0.2615812501097341,0.343479956880484,0.2346260346908714,0.0960119552511752,0.5586846107371941,0.1353560694762472,0.5273263215336749,Others,3
477,0.0344903477547469,0.0810216229043271,0.0763373498545254,0.2502581198080864,0.4570870265161221,0.71378379678141,0.2924016765829855,0.6988651901745546,0.552652451452873,0.0449162364571602,0.0785769717102662,0.0674726530036962,0.2523853424935816,0.4435081213871331,0.1425915903612726,0.0823309846446048,0.7359092303066219,0.274643733291785,0.6989878747769303,Low_severity,1
478,0.0550395784911744,0.1268575317601787,0.1092706753651754,0.252655743070607,0.358293556519471,0.5325960887780918,0.1729076594731225,0.4770390716425404,0.3860563561799546,0.0350873428830631,0.1092152974976453,0.0895037286191096,0.2715076474027048,0.3744569077173507,0.247755461468437,0.1161131295861141,0.6141753346755812,0.1593729245647423,0.548391260361557,Low_severity,1
479,0.0462854472953502,0.1018903727404635,0.1181103872152439,0.2845254345473526,0.4406582073052431,0.5772475820098603,0.2153010130772183,0.6244009237591964,0.456966453896491,0.0793175669098147,0.1527224743658449,0.0586760315045039,0.2393291795545029,0.3845125743106726,0.2318345134586203,0.1057447696593088,0.7352096568611981,0.2327247156136117,0.4314500710924281,Healthy,0
480,0.0882707984227171,0.1260912936535527,0.1683662544096722,0.1577431805659652,0.2564840605131015,0.2074090638709935,0.2383736996386697,0.340828977714932,0.1429168666782374,0.0649873228671007,0.096520466644212,0.1211220049077654,0.1724547668148571,0.2819883654590443,0.2895537200184808,0.1782141025742663,0.3990628184655701,0.2410281746279515,0.4899962248813181,Others,3
481,0.0619925801957568,0.078478568332503,0.0909995564275922,0.267444577920602,0.4085515096166126,0.6356746582558997,0.2087392727524365,0.6777259890683697,0.4765418656083601,0.0715778507896218,0.1078087060242145,0.1042458846453482,0.2582824122880214,0.4012196391202052,0.1853795064155624,0.1647925156465359,0.5875252425971595,0.2167350753905492,0.5764137417784568,Healthy,0
482,0.0674181371460534,0.1292256450373877,0.2025896884144298,0.2127829811118156,0.2890405585487318,0.1758453037995846,0.1519609412673222,0.3820889953362888,0.1307708247086884,0.0850636227872607,0.1789439892145661,0.1021345877183347,0.2289277297555599,0.3122175840894334,0.1941855456680394,0.1730911932293795,0.5070155550398882,0.1539140267926835,0.2713436924194777,Others,3
483,0.0933010910638248,0.1689252817490977,0.199339167036875,0.1967086887582398,0.1962582496947571,-0.007788011781199,-0.0011462518074825,0.0748472085737024,-0.0051601042241076,0.0948628246144167,0.1438080455743861,0.0667743915795866,0.2260995568454075,0.28467452868178,0.2079647404231787,0.1981219525834097,0.6200051402637534,0.1146788247409131,0.3287566206208835,High_severity,2
484,0.0610406378475365,0.1429909720007834,0.0989770450106009,0.2463510908381378,0.3876004064005097,0.5931704409090056,0.2228077639655757,0.4610128327692593,0.4388251945811575,0.0971998459724035,0.1097422688129413,0.1120341863582368,0.1989295953018074,0.3893646957736117,0.1635099192194173,0.1346060051055093,0.5531135375416487,0.3237072046435865,0.5602454920505913,Others,3
485,0.0535707012441879,0.1529380130109883,0.2066587326870012,0.1867544247558348,0.2648701212580002,0.1234524421654772,0.1729660116830151,0.2679031331997693,0.0898759542775675,0.1078838784522029,0.1298816190624875,0.1267470568325266,0.2645674340387616,0.3256309328319035,0.2433692977783086,0.1941482969806907,0.439640920962815,0.10346266987642,0.4297341817592762,Others,3
486,0.0498884049518036,0.1382758801599003,0.0834639046676493,0.2655680296799821,0.3703895476523463,0.6321988772322834,0.1648247016916794,0.4563189373627361,0.4512102602661232,0.0769100368786808,0.1251569603109652,0.0592324524017481,0.2660750016079259,0.2729876784308944,0.2193377833802814,0.1280002701548421,0.6434144297439536,0.0128235121423553,0.3712990298879206,Healthy,0
487,0.0866374378386219,0.1297833727439449,0.1647046450878167,0.2252677745545862,0.327299453575823,0.3304744999678647,0.1846502539907356,0.4321231721221986,0.2458580695992732,0.0723376902620526,0.167608042759834,0.1289273377115792,0.2172360404052671,0.3317444998434464,0.2650673427934641,0.1434867536142496,0.440263861598966,0.2085838222722825,0.3286985507832158,High_severity,2
488,0.0486685557538363,0.1389198230746839,0.1333862403095452,0.1934770273352127,0.3712883587709396,0.4713970524667797,0.3148410575613883,0.4554386698693999,0.3551927937848699,0.0818921339883975,0.10903879471309,0.0626755973174958,0.2028936695460237,0.3525128463968363,0.1943583719023757,0.2071108319919162,0.6980860220636613,0.2693867870758025,0.5275120484855103,Low_severity,1
489,0.0595682512343882,0.1050906848616856,0.0980509327458641,0.2465604317354568,0.4165316092902886,0.6189107684925098,0.2563311984440368,0.5970621423206747,0.4708547555508934,0.0608217481685876,0.0969893170254339,0.119139364662162,0.2744378476420956,0.3546450379514201,0.1924522394207027,0.0659272630232674,0.4970735042988237,0.1274986049471876,0.5704962833024313,Healthy,0
490,0.1059809533286593,0.1386303999208608,0.2150109308077213,0.167738452111829,0.2360110242375447,0.0465611334324417,0.1690963731842413,0.2599302106953062,0.0331224110838069,0.084706418564043,0.0987044729355558,0.1205962807531183,0.1788911968417266,0.3185968000486422,0.2375838365823686,0.1184439264046675,0.4508279568841744,0.2808220581806367,0.5269390278649188,Others,3
491,0.0591541911283115,0.1137752191241152,0.1433406599832006,0.2159366706808698,0.3236922393082695,0.3861646140960906,0.1996845732923546,0.4798460231450546,0.2797499125270863,0.1368226272650987,0.1245463287514075,0.0376635177744267,0.2993953208511029,0.2762134640829867,0.1881797430860417,0.1609110804859985,0.7600109600165817,-0.0402736326735712,0.3784489812685689,Others,3
492,0.04534242654917,0.0654720308939807,0.0805447543138515,0.2939911473710286,0.4733146090299455,0.7091508796472038,0.2337053516971233,0.7569649057993532,0.559044975607379,0.0711744081510577,0.0730477983049748,0.0803494457254132,0.2372713823397803,0.2801417327374972,0.198273685555284,0.1104779902824775,0.5542224025119658,0.0828551676571128,0.5863535474034723,Healthy,0
493,0.0429916113283448,0.1316741515972995,0.1124432144380389,0.2604961351276912,0.4055396718297405,0.5658419711576741,0.2177713798371195,0.5097886694079738,0.431878268307061,0.084066288742743,0.104589318228503,0.0789713959104187,0.2932933597023344,0.3283836479557833,0.2072053692166947,0.0933042081553502,0.6122724041371768,0.0564445649769731,0.5168782977365532,Low_severity,1
494,0.0964452573102395,0.1246776937452617,0.1540887829739335,0.2044733874326482,0.3030353762834035,0.3258340000044076,0.1942074618161669,0.4170031150233222,0.2334283256809268,0.0682366296167272,0.1044340041384072,0.0953165138905134,0.216951378657028,0.3430488418306465,0.2296293090861427,0.1294516243389604,0.5651275236670693,0.2251739527241736,0.5332379550226178,High_severity,2
495,0.0572189109089798,0.0998411012231991,0.1138270236026909,0.2454481955633433,0.3971145611091889,0.5544421240761682,0.2360335453166311,0.5981890989847678,0.4203322058226078,0.0963815389387502,0.1427844292156162,0.0692149439162825,0.289542553710023,0.2392248911149327,0.2063518793862071,0.1081133443786145,0.5511932243818136,-0.0951602884926992,0.2524557825339642,Others,3
496,0.0502495734776327,0.0839284864127352,0.0972083849825804,0.2581532545836049,0.4206074295307668,0.6245445494014561,0.2393394000996502,0.6673042145838688,0.476607417476827,0.0861882702647502,0.0981041211342925,0.0767142656405411,0.2290293908628948,0.3511125571504159,0.2012793784292843,0.1511016654554685,0.6413770172702569,0.2104367158858163,0.5632213767801592,Healthy,0
497,0.0809922984384128,0.1166234398747702,0.1262431492097994,0.2526697814965576,0.3769674658800563,0.4982492601541927,0.1974115808767437,0.5274489926169803,0.3748828704047354,0.0942456199498931,0.1297676739115476,0.0836229963862085,0.2358373638614384,0.278595210169951,0.2257624388759334,0.1810222482825994,0.5382728152664332,0.0831165219057524,0.3644492241089698,Others,3
498,0.0948843697336875,0.1727883394559263,0.217864526059023,0.1755440951380396,0.2582595657714523,0.0848414108959057,0.190674902235715,0.1982870703673638,0.0620746481679576,0.0937495876524956,0.093065677356551,0.0702026308134097,0.2360985194572781,0.3024991065527596,0.211864789382339,0.2238148261041399,0.6232771475146758,0.1232842179186359,0.5294541822616455,High_severity,2
499,0.0352209933868957,0.1282809285745686,0.0799429225785983,0.2635878159368134,0.4740864469815163,0.7114126904785896,0.2853544465709628,0.5740774358633082,0.560909689690253,0.0901346646497186,0.1117247967674351,0.1114375062759253,0.2750973490151753,0.4708953208733636,0.2045735871978165,0.0713131898724762,0.6172721128518595,0.2624663482114953,0.6164746345531565,Healthy,0
500,0.0460773960351214,0.0817006742119718,0.0947139316190819,0.2573610020193336,0.4280132930562675,0.637616228319059,0.2489913792551992,0.679425405390249,0.4888390864088714,0.0996205581661529,0.0832278310279828,0.0781083081477598,0.2797358873293588,0.3680657345213059,0.1955316204736988,0.0889266810422825,0.6498751577724838,0.1363532356396437,0.6311587960414073,Low_severity,1
501,0.0579794769729965,0.099131641642816,0.089893201921418,0.2314211627534453,0.4769636100725812,0.6828363000341974,0.3466229890001305,0.6558498222381144,0.5442207479948213,0.0769243344180108,0.1015829682929836,0.0624261585389651,0.2339835201713003,0.3759712986152672,0.1684049303515737,0.0844356125452521,0.7152074788745727,0.2327840916585177,0.5745699480369209,Others,3
502,0.0382811729516075,0.0814093841834298,0.0693704337716027,0.284549660572333,0.4532291520789059,0.7345178387054963,0.2286315201983317,0.6954600962640524,0.5630630849337424,0.0648831065484833,0.1637424397238233,0.0442710907026388,0.2577350942925134,0.4260665176874218,0.1814695714610146,0.15770605474979,0.8117476046443475,0.2461699715908943,0.4447610953807416,Healthy,0
503,0.0404683999699505,0.135875449776649,0.1088573773622657,0.2235815059449168,0.3923091509732732,0.5655840076798425,0.2739571434199705,0.4855001467906046,0.4246822565306676,0.0976401046331081,0.1438295512602602,0.1200652325685033,0.2715325715787754,0.3541453888673989,0.2185009892157817,0.1586984152483716,0.493620652338205,0.1320372819744391,0.4223422117450786,Others,3
504,0.0705767705996327,0.1317576954293709,0.1422958976127759,0.2011068124796485,0.313084823279625,0.3750464563632761,0.2177748586567842,0.4076209449953085,0.2681479570374606,0.060872464851919,0.1205190815391983,0.0681365225715116,0.2073158917559647,0.3342797918349881,0.2531182676531921,0.1557971177415489,0.6613630206717526,0.2344256129170234,0.470011521158536,Low_severity,1
505,0.0424277848114869,0.104679864183284,0.1138888075150714,0.2751590609101135,0.4186959459009936,0.5723166809242118,0.2068687025125929,0.5999820313956513,0.4427827411418855,0.0591798006175797,0.1970877497915707,0.0958407732901308,0.2572263782513181,0.40144468031308,0.1604486086322433,0.1453958154211527,0.6145442317055865,0.2189534520859195,0.3414300048633595,Low_severity,1
506,0.1021197986042914,0.1423578972826973,0.1719319758655822,0.1572485484368829,0.3001223339197693,0.271558495276691,0.3123805886957952,0.3565457290788734,0.1978135739388274,0.0856327116763337,0.1077552832775831,0.1010977977042573,0.2098145543670644,0.3393128717754951,0.2806197413544158,0.1672246153938988,0.5408930586369219,0.2358256230582288,0.5179469525634638,High_severity,2
507,0.0527538816376199,0.0955976366602389,0.0869624452339569,0.2843570550771526,0.4352585979988573,0.6669515854986804,0.2096974159423482,0.6398360594874446,0.5110873353722989,0.0316471702362034,0.1405098675425613,0.0666247332367746,0.2562621717137929,0.3945617919929568,0.1821043319452065,0.0919695190568287,0.7110725071441028,0.2124992747523958,0.4747998140490778,Low_severity,1
508,0.0568482489282129,0.1474661109465864,0.1334506611827342,0.266145184313057,0.3918881884621872,0.4919444420570303,0.1910890987470912,0.4531753576147069,0.3780762730812612,0.0971300295631916,0.0833093483443036,0.0696494764429526,0.2346906394028408,0.3441636121594864,0.1917567130788732,0.1640541556658805,0.6633771218876711,0.1891200979541536,0.6102240092747807,Others,3
509,0.0457605063463234,0.115177307111968,0.1040376643333001,0.2819418911719697,0.4353477824283788,0.6142362944424494,0.2138688132597904,0.5815729044860292,0.4781336689781143,0.0506165445199451,0.107388388252165,0.0679181631269504,0.2227502053880646,0.3623264259324853,0.1683012237867505,0.1247603735154578,0.6842811514472389,0.2385605800549401,0.5427506861218586,Others,3
510,0.0637180490847551,0.1557163354808372,0.1991191461337127,0.1694749279681663,0.2275577602195777,0.0666514021790475,0.146292317936164,0.1874413782320814,0.0460332191687686,0.0783573781000635,0.0991397483290313,0.1218114196188395,0.2047188430901222,0.3499747361377441,0.2052469816877594,0.1378679617835982,0.4836159640017596,0.2618669090235696,0.5585101271149694,High_severity,2
511,0.0303419215052462,0.0542387948054413,0.0631136917536095,0.267419327601019,0.4715545787485633,0.7639145794294782,0.2762414875458067,0.793687796257971,0.5921331000080611,0.0615389675720164,0.1135531763652392,0.0799411395027106,0.2618857302083582,0.383397340118939,0.1086514949104243,0.1332514399586683,0.6549341657615464,0.1883074506339493,0.5430000670142999,Healthy,0
512,0.073030128240311,0.113999269589355,0.0919945560599381,0.2144228570008073,0.4158141086796236,0.6376802427854629,0.3195484597787527,0.5696625481152752,0.4819658194296736,0.076177291224709,0.1188998062253625,0.0708169415601271,0.2362923177383223,0.4123733280450862,0.2218355079987796,0.126602608155083,0.7068776173080323,0.2714511111407892,0.5523966918122546,Low_severity,1
513,0.0997003066538332,0.1607508118753949,0.1756174598039912,0.1995961219586608,0.3453147038441236,0.3257568948166569,0.2674173001991369,0.3647035536620543,0.2493269142884337,0.0740970361953534,0.1170597037651652,0.1038625687531675,0.2738672619405064,0.2976723431779758,0.2873971643128443,0.1625149830309394,0.4826722874299993,0.0416507990422369,0.4354923636696256,Low_severity,1
514,0.0774908159965805,0.1444208054563819,0.134193808536012,0.2056926233747812,0.3181690776392752,0.4066984156431749,0.2147063891992287,0.3755989452691178,0.289766545568747,0.0779992173259836,0.1495658603310735,0.126622539135139,0.2613359059743881,0.4049919453957546,0.154610658223765,0.1463456032426199,0.5236302139251413,0.2155936287609356,0.4605941570507845,Healthy,0
515,0.0787219175464246,0.1100853698230478,0.168265987224204,0.1740950633931817,0.2814558559419017,0.2516886169478114,0.2356724308786874,0.4376818450829778,0.1787731895378248,0.0839720667925963,0.1147183824808564,0.0676261319165376,0.228131665544434,0.3449700687042765,0.1961986291587345,0.1917570409800782,0.6721921732929982,0.2038702662678347,0.5008863843105109,Others,3
516,0.0692452680967986,0.1266131492353208,0.1481485290834462,0.1970731451975672,0.3191726593043261,0.3659669933026191,0.2365142981153488,0.4319552268830907,0.2652027045524424,0.0726154287496422,0.1338285620579705,0.1079318469196543,0.2022053948835369,0.2978724808988607,0.246862899617752,0.1643337430431399,0.4680596557465798,0.1913043760747216,0.3799942611148476,High_severity,2
517,0.0698406430863903,0.1215595194303871,0.1666296037069369,0.1822629981642276,0.2641894838868538,0.2264520839241547,0.1835054995018539,0.3697481088218584,0.1572161789764865,0.0690569831778331,0.1503050292163674,0.0892364664842091,0.1931447847512894,0.3435378893259442,0.2303283863978562,0.1405190951008598,0.5876074204204705,0.2802272401158451,0.391284055828819,High_severity,2
518,0.0745509385862226,0.1274670207584179,0.1026621141024451,0.2821697451292978,0.5058427549959809,0.6625758664690667,0.2838444946382492,0.5974575929873206,0.5455735722948862,0.0933301439277497,0.0738197184540828,0.0509628094491511,0.3101388958745592,0.3585620758687245,0.2091803573399707,0.1341856562282527,0.7511125146419687,0.0724138023426637,0.6585438174162781,Healthy,0
519,0.0823408497581194,0.1471911752507289,0.204608167347267,0.1503477399053739,0.2649700890104766,0.1285449674169399,0.2759870661086567,0.285759298537831,0.0933837799075054,0.0414961374948908,0.1130531419664356,0.1268648858170002,0.1841173110283176,0.3181057455219397,0.2337894080876024,0.182108537877856,0.4297831053017716,0.2667906874168249,0.4755847774587104,High_severity,2
520,0.0832995248813154,0.0999774269087069,0.1104018018153611,0.2362016166997559,0.4017300738563708,0.5688540117892333,0.2594767740920863,0.6014513366603189,0.4317544171519064,0.0692530491350882,0.117093704335235,0.0742589216629443,0.2458582232779221,0.3493565790190874,0.1729827829446096,0.1507711445639294,0.6494041339687258,0.1738840421000151,0.497937042751075,Others,3
521,0.086307862090027,0.1260151227227594,0.1371443816076581,0.2139668000143725,0.3700088850430379,0.4591600187715366,0.2672064762650605,0.4918990986329083,0.3468158886230508,0.0695916663052681,0.1385052122705317,0.0685883439369618,0.2410135520570187,0.3407415388839995,0.2046618122847059,0.1822668254078109,0.664874973386871,0.1714260663635375,0.4219878927217962,Low_severity,1
522,0.0241285939514117,0.0569112984170531,0.0743412231579073,0.2820394729743469,0.4637716455401672,0.7236965421853947,0.2436705059154782,0.7813974931288357,0.5626995398929816,0.0762229420499553,0.1435418348245785,0.1121003493964725,0.2466412317715554,0.4316218370536389,0.0886568195815268,0.0995450204669002,0.5876557838172447,0.2727269311632794,0.5008661296154621,Healthy,0
523,0.049028588430618,0.0941496010638268,0.1021670062657293,0.2890724260450256,0.4332775974948933,0.6183844022400332,0.1996333726732391,0.6429854155375156,0.4796643731976673,0.0413160674959398,0.1098150153396397,0.1142850257284869,0.2133128690239631,0.3913014325853947,0.1518110762488575,0.1542650932080508,0.547911049241213,0.2943836477034415,0.5617185754155578,Low_severity,1
524,0.0673175084104814,0.1329619157680754,0.1531848059268554,0.2056759921328887,0.2674380206473619,0.2716286599351898,0.1305436466604088,0.3358544611249889,0.1861563901456701,0.0719363986904385,0.1182958538740933,0.0550347393600814,0.2005897484342097,0.2898105870231305,0.2552607604335906,0.1072226502305417,0.6808149326697055,0.1819347013817084,0.420269606066401,Low_severity,1
525,0.0420436079160678,0.1062872476692038,0.0640768816786049,0.2593232637618687,0.4724491217030428,0.7611415615469244,0.2912461062680991,0.6326920052234032,0.5909724966264194,0.0636990121020271,0.0849861578158604,0.0314679972369458,0.2417029974312756,0.3551727019772559,0.210419405617065,0.1117028373265553,0.8372235654399519,0.1901060885179644,0.6138387042541612,Healthy,0
526,0.0630573930164875,0.0894176850556629,0.114726125957376,0.241776367880948,0.3978084745686273,0.5523185133661803,0.2439584185423856,0.6329520355614129,0.4193669260253314,0.1004017305564227,0.1275183007367374,0.1127456075575072,0.2149949916705214,0.3682077545056008,0.2522047326170878,0.1351147749284717,0.5311578358705251,0.2627092616412517,0.4855291571293366,High_severity,2
527,0.0921799218250657,0.1037527336008091,0.1024591220009154,0.2654831269500731,0.4516396585411866,0.6301774138514629,0.259588086388286,0.6263804291568943,0.4968896791067738,0.0802012219266505,0.1073070922657205,0.0796517169402748,0.2840453064811255,0.3858386323492694,0.2059517640481563,0.1765891777237972,0.6577728536720753,0.1519566599042114,0.5648057484448534,Others,3
528,0.0591341678010364,0.1436183688314626,0.1492460207685252,0.2077269130098512,0.3075387347832888,0.3465367705267215,0.1937094432763512,0.3633332261388924,0.2481635181208601,0.0551702330656201,0.1173857348061972,0.147459605123514,0.2273122727863508,0.3142534413497855,0.1376880781862909,0.1498421552285957,0.361249996075034,0.1605366925823886,0.4560932311492636,High_severity,2
529,0.081617459644199,0.1148719846338726,0.1756535015675481,0.166896569346382,0.2678574288469111,0.20789550145517,0.2322252582382038,0.3997222027481294,0.1465864214824627,0.0740571679066643,0.1259746796025231,0.130360967127403,0.2047226555285339,0.39160646950764,0.2056599751652236,0.1819639209070539,0.5005015333224677,0.3133903848277903,0.5132176671461022,High_severity,2
530,0.0854374610750152,0.1390849843202445,0.1548310501340706,0.2286508630431448,0.308773572666093,0.3320556244720173,0.1490864655553117,0.3788887935684236,0.2396354047441317,0.103838798045371,0.1416143224514994,0.1205543238539887,0.2245174047423445,0.3621130295682507,0.2728779061521147,0.1097497883371154,0.5004662196470235,0.2345524827528047,0.4377342350631498,High_severity,2
531,0.0670135546728552,0.1234285200183727,0.1417493014726048,0.2029115492942152,0.338449091504035,0.4096219248301377,0.2503646035477684,0.4655358175446671,0.3010101701464194,0.0521499727810974,0.1071261874064098,0.071174315696184,0.2529046374960376,0.3260137288679613,0.2651603892526256,0.1371910263400981,0.641608972524401,0.1262856658549262,0.5053506574602971,Others,3
532,0.0461156767307136,0.1214679165621537,0.0507858569977543,0.2997936166957742,0.4674005991504937,0.8039861660018955,0.2184674740669642,0.5874531807320228,0.6137599940124525,0.0651614187394099,0.0885721536556797,0.0885280267782096,0.2458782235310684,0.3655124432625525,0.2193519621708601,0.0923304422033979,0.6100434537464823,0.1956755741118753,0.6098869934950508,Healthy,0
533,0.0708896844262976,0.1386608264928975,0.1716936736996115,0.1824043153389439,0.2874022133653547,0.2520356703813585,0.2234917814275365,0.3491065240532066,0.1809650232467926,0.0869737304023597,0.1418495393481386,0.0825094243197107,0.2427106781394019,0.3099540586934155,0.2271363591437186,0.2441423117621343,0.5795306932189095,0.1216711978755302,0.3720743262646963,Others,3
534,0.0803028336112901,0.1342559901556435,0.1591411219409876,0.2027462130076331,0.2756624493689368,0.2679861323974585,0.1524141222675209,0.3449624256408062,0.1869718906796694,0.0763758973016736,0.0527718770185701,0.1498249711210471,0.1821393475294423,0.3143770749687206,0.1824110934753858,0.1439298463090375,0.3544837969452902,0.2663310244078934,0.7125315121673186,High_severity,2
535,0.0946306818331174,0.1610170689523002,0.1794009050514696,0.1983542556220767,0.1889973292648732,0.0260490505097348,-0.0241561586999428,0.0799403123274147,0.0165760773701223,0.1491408335080642,0.1190043819858728,0.1357505111064138,0.2454705203905162,0.3594332066851724,0.2423428192518442,0.1789151289165272,0.4517165802145831,0.1883980560767756,0.5025291289656778,Others,3
536,0.0603621431639406,0.0898218933624843,0.1145277427088463,0.2652261562152967,0.3787458338853425,0.5356420933811051,0.1762804584906014,0.6166108413395817,0.399011054057937,0.0639211493723146,0.0860758242064281,0.0647645470225604,0.2437289468465119,0.4110905934220555,0.1913792902899929,0.1372290378743827,0.7277972159256384,0.2555843805560567,0.6537343587404174,Healthy,0
537,0.0843850325121743,0.1317378979000122,0.1480920778528409,0.1837073747964873,0.2975187326507689,0.3353299589591477,0.2365028748294909,0.386204482241876,0.2370319582932014,0.0939797098803369,0.1576070285745573,0.1341414173610877,0.2203898766989574,0.3319446682928585,0.2804900944508292,0.1142481905199599,0.4243920962674548,0.201969608103281,0.3561169143807843,High_severity,2
538,0.0917198337702454,0.1248863715925251,0.1438218718267319,0.2247679364072493,0.2656643108900802,0.2975495736021224,0.0833884286936725,0.3604601031617072,0.2009526500436453,0.0657698583105463,0.114837804313994,0.1712523032287544,0.2039526043553132,0.3630675714584777,0.229090784792585,0.142406465283231,0.358989581553566,0.2806160589873221,0.5194119583678102,Others,3
539,0.0593895089458156,0.0976914153408357,0.0932688469858303,0.2645694617591556,0.4485830731762117,0.6557404578064868,0.2580284054290478,0.6423357949369546,0.511561507899009,0.0802620588064797,0.0958696433840253,0.0724458704535344,0.2158612901196118,0.420784483690237,0.1777745934915189,0.1343899744773165,0.7062392050898911,0.3218794532229643,0.6288826959462366,Low_severity,1
540,0.0533749445912751,0.1177493878096096,0.0789994871601129,0.2682168143858488,0.3975927772556484,0.6684818740943865,0.194313756506322,0.5430244377744678,0.4893443789760071,0.0901050169761281,0.1112960834062516,0.0988709046943253,0.1981044622347671,0.3816675811335149,0.1869793554133758,0.1307228707168015,0.5884995370391739,0.3166125738528325,0.5484613109967921,Low_severity,1
541,0.0570960642326876,0.1357010196225769,0.1406493530887894,0.1868982673648806,0.3727497871130903,0.4520857474226268,0.3320864215664404,0.4662177035619297,0.3435474111090087,0.0677973025306115,0.1088099879615493,0.0923355890608498,0.2056516772534551,0.359098276486954,0.2291543803929175,0.0842998428543993,0.5909230737538803,0.2717071479461008,0.534908886083483,Others,3
542,0.0595987609158829,0.1109283544269695,0.1152160376235012,0.204297667658499,0.4094149141220932,0.5607730072343421,0.3342236293550936,0.5736339407780379,0.4306900098968101,0.0772409427767109,0.1110130905736114,0.1019135393322821,0.2507414311950333,0.3752597949494792,0.2298934629626419,0.1304186693516241,0.5728447840209603,0.1989107346024603,0.5434123765539874,Others,3
543,0.0536153389274047,0.1115515833504047,0.1112470063655815,0.2555251777075652,0.385790143589214,0.5523593905377124,0.20312155589585,0.5514087103174112,0.413038476905419,0.053210574256368,0.1171783079108273,0.0454547091633349,0.2153481889429257,0.3915649490826485,0.1652051958475528,0.1638133820564653,0.7919786521925747,0.2903492264362505,0.5393420696981148,Low_severity,1
544,0.0855624201974698,0.1633977484771548,0.1903038543269834,0.1882657775517745,0.2767339078055366,0.1850600968193852,0.1902541722921428,0.2575051299095543,0.1340641340953794,0.0615286080011229,0.1199695512701668,0.1172112276208798,0.1701355706958296,0.289656019929292,0.1969148320533696,0.1863179526182409,0.4238355221432455,0.2599448351610025,0.4142477437681736,High_severity,2
545,0.0575635423045709,0.1054937570491169,0.1309947948895428,0.2007022883070009,0.3501508153102345,0.4554879349926844,0.2713037759465526,0.5369471581638087,0.3350512168770768,0.0994188556223504,0.1082516849587373,0.0968116426081413,0.2095093284601745,0.3311997155931582,0.2501703817293946,0.1792507734022171,0.5476211518545288,0.2250570588217881,0.5073326205228298,High_severity,2
546,0.0628621091069719,0.1330865907025761,0.1603356699144615,0.2144912063678976,0.3081762094638429,0.3155534492435058,0.1792440092077687,0.3967921580863671,0.2289706652503033,0.0700847056265814,0.1002006026555277,0.1580992086859851,0.2139095476028272,0.3257289439130488,0.1625635520651049,0.1277033049984998,0.3464654430020004,0.2072116760909964,0.5294968218909649,High_severity,2
547,0.0543003862110089,0.1213731144224642,0.1367801481066512,0.2036468631227655,0.3908693726044487,0.4815492377504063,0.3149157217761631,0.5261107092973827,0.3708792045005421,0.0262688832750602,0.0932906687752585,0.0512435296348158,0.2208982543156537,0.319793826401241,0.2681931323649145,0.1882322262069833,0.7237823696122064,0.1829055309159758,0.5483216152404945,Others,3
548,0.0287039160511375,0.0992765837542131,0.0676884974753421,0.3017432226659722,0.4423353208438964,0.7345673082547137,0.1889479268072182,0.6334032434982056,0.5563930521836559,0.1076848112517567,0.1116267519356394,0.0710930684497616,0.2484392611349229,0.3282157812329561,0.110931026709797,0.1214171849170599,0.6439193946928515,0.1383435749914756,0.4924240221540745,Healthy,0
549,0.0642446218653508,0.0980169720390338,0.1189675513319468,0.2171814265537018,0.3467032997665853,0.4890487517039186,0.2296956579372127,0.5591971931431285,0.3537474723021356,0.0609375188057116,0.128903430931033,0.1358893161987454,0.2638109585553783,0.3780132193322025,0.1879467103634797,0.1955531159475398,0.4711475161010877,0.1779338714734852,0.4914215942045105,Low_severity,1
550,0.0567210380833145,0.1523898708804729,0.1724196530658997,0.1813278891221572,0.2909088420232531,0.2557347329448275,0.2320466530320656,0.3124732084951105,0.1844996637617175,0.0769922303163263,0.0899102979382962,0.1012570494293128,0.2626527585851785,0.3506101294678515,0.2544539775608817,0.1577311145965268,0.5518282621170109,0.143425230184591,0.5917996426739983,Others,3
551,0.0687237842992295,0.1272608324976191,0.1836623416032536,0.1874718321336539,0.308712234892383,0.2539730913385971,0.2443456185229886,0.4161986507126265,0.1890161682658935,0.121858241688162,0.1484365908899921,0.1103987911491781,0.2786472780271055,0.2707516565555176,0.2309666187577846,0.1048113601058802,0.4207075352317996,-0.0143713811123171,0.2917903028314865,High_severity,2
552,0.0731944908436039,0.1508966555335856,0.1533643765452004,0.1754956226887658,0.2136432405211271,0.1642441768859333,0.0980308610599638,0.1721254262335227,0.1042877757750691,0.0811653634196831,0.14685397898626,0.0887052247857516,0.1726854015154206,0.3201667705613141,0.1802434788425992,0.1879214101181573,0.566097821346481,0.2992405784161409,0.3711029793493129,High_severity,2
553,0.0458282003579386,0.1069104005640503,0.1161751007352546,0.264173120230882,0.3708903433802757,0.522958969317896,0.1680418245801264,0.5524896019144427,0.3870795662489144,0.0722576789886428,0.1424827532993471,0.0678536584321081,0.2126213139157423,0.3537531115721549,0.2147426787109591,0.1274545205561192,0.6781187435324055,0.2491846229370899,0.4257458463376388,Low_severity,1
554,0.0846508481757166,0.1287300165180423,0.1657797393464216,0.1877479027922116,0.2823462093124592,0.2601198844094821,0.2012326980585206,0.3736927196022211,0.1844161160195861,0.0584044495245977,0.1365535202667543,0.0633566442096205,0.2401060417023737,0.3328448244086196,0.2322499581206751,0.154089771242484,0.6801796599564458,0.1618616677128476,0.4181763876428159,High_severity,2
555,0.0504409568819771,0.1100667848994327,0.0377516797705404,0.2926032832057493,0.475058354112699,0.852765440314547,0.2376764215342209,0.623783776970312,0.6476634211434553,0.0292267556705157,0.1218620205784502,0.0535100381995112,0.2459928694096049,0.3574344558226112,0.1587594721004004,0.0697607852281639,0.7395753490901834,0.184681040703817,0.4914962801584228,Healthy,0
556,0.0776966999107295,0.15805605802981,0.1855342430934225,0.187824512764124,0.2824235872938938,0.2070471694431923,0.2011684353814473,0.2823456897144189,0.1501449874552421,0.0839666598566031,0.1861995406032786,0.0914991106233991,0.2405692787400409,0.2632250734715565,0.2149909296668548,0.2197072475700276,0.4841112350044571,0.0449703229741646,0.1713869922919978,High_severity,2
557,0.0634255887967334,0.1275338882701239,0.1297773595005726,0.1996252850494443,0.3752331330637729,0.486040938113629,0.3054801712580001,0.4926720215985434,0.3663480760338705,0.0874085211858757,0.1146639098708997,0.1049337433914582,0.2373599905909886,0.368632642689652,0.2098441522217173,0.1343213520447868,0.5568361840044715,0.2166241714655793,0.5254925396699012,High_severity,2
558,0.0817998032099733,0.1438380334090601,0.141763887910478,0.1752351181821773,0.2738055239491682,0.3177366578733802,0.2195133280122088,0.3111923750535201,0.2163270763444832,0.0896556481139968,0.1000681000587437,0.087089767046478,0.2715079480343843,0.2734577598710614,0.2017113094293698,0.2062244453045865,0.5169027074403079,0.0035778615211792,0.464197204030002,Others,3
559,0.0575455560646613,0.1170079049739269,0.1061535033823059,0.2350492393406958,0.4113242812942919,0.5897273022120266,0.2727138973459587,0.55706690595403,0.4498930333043835,0.0674968422762029,0.0823166012583499,0.0853241368040539,0.2651123113249293,0.3435221406764324,0.2920459138416583,0.133565926414709,0.6020758892657688,0.1288291011027546,0.6133907362005272,Healthy,0
560,0.0496222651207755,0.1126925720561483,0.083588163676744,0.2247643840719833,0.3617371402674697,0.6245972868084981,0.2335420293233711,0.5249345935598636,0.4413543815502372,0.0748035844171028,0.1603008914917737,0.0781052050618214,0.2731146731338292,0.353627522052782,0.1867242685853189,0.1090879912164447,0.6381779737486131,0.1284624675620893,0.3761742403531217,Low_severity,1
561,0.059507770537823,0.0862553806725478,0.0598779744833431,0.2635803882861656,0.5044069075241231,0.7877739546367968,0.3135813841606142,0.7079367266331125,0.6265177781191973,0.0266600192225682,0.152309554747219,0.0738198872954056,0.2434865734996221,0.3887765391117327,0.1591656581356506,0.1577880901003376,0.6808454061405327,0.229793519049432,0.4370228454367837,Healthy,0
562,0.0990010364188129,0.1616299145046153,0.1938959261064048,0.1812409266724911,0.242435461270391,0.111244656167881,0.1444369720366616,0.1999813683881942,0.0777601858995244,0.0999038358212867,0.1109194765841999,0.1090160083192064,0.2075158518889794,0.319496676916308,0.2246375277724556,0.1743775153282434,0.4911888862319665,0.2124822825012982,0.4845942668177807,High_severity,2
563,0.0912988622233001,0.1324951146666974,0.1691112744330845,0.1870765480531941,0.2493740567182199,0.1917935380538253,0.1427366762331636,0.3060706409675334,0.1310790377858198,0.0910680662374068,0.1132651370001399,0.08923528445133,0.2058081209680476,0.3817363134318687,0.2986757121213724,0.168851193742829,0.621058743871598,0.2994295957266687,0.5423644237757741,High_severity,2
564,0.0797439325049302,0.1466407816319091,0.1456696825594617,0.1947420574159786,0.335130362697818,0.3940529582042247,0.26494737214609,0.3912429859786402,0.2897542894515125,0.1228295431223284,0.1140819422906413,0.1039921821097657,0.1860052287898916,0.2839297277323718,0.153632384403187,0.1114600878065779,0.4638499168449406,0.2083788353757866,0.4267407170043776,High_severity,2
565,0.0560259505626112,0.1329664417956261,0.1682766876743143,0.1763080523935184,0.2844943857915864,0.2566809253684019,0.2347781270953462,0.3629752397889458,0.1829679259066498,0.0854100322366243,0.1594583989638613,0.1439869872308061,0.2636621176344954,0.3612943375386218,0.2419230719570619,0.1511882479695887,0.4300720007947616,0.1562224361329007,0.3875849792558853,Others,3
566,0.0844823164727463,0.1241911763537199,0.1433621493926671,0.2028637571296321,0.3527344810259574,0.4220394148950664,0.2697465787397899,0.4792011105628055,0.3152891876744405,0.0584603264561815,0.0897592189847297,0.1047378796322744,0.2539635148585058,0.2482029184278481,0.2019647293378538,0.1622298660890892,0.4064847124053218,-0.0114714884325468,0.4688208586208972,High_severity,2
567,0.0691947618927971,0.1307689401023657,0.1207263876285612,0.2669543397781932,0.3447500521492336,0.481278203097916,0.1271786068527527,0.4499948804014319,0.3480514727613109,0.0761163497092869,0.0705285217740535,0.0798512962848349,0.22518466895909,0.4117429137897977,0.1543395235522868,0.105336122453854,0.6751332922626894,0.2929033847545889,0.7075152431883321,Low_severity,1
568,0.0921096397896987,0.1383342821357996,0.1581340250167831,0.2061754716428484,0.2782580798772388,0.2752663339077315,0.1487977205711802,0.3358770119195317,0.1924258879896006,0.0781530425700072,0.183176019823032,0.1109046967367121,0.2584084988830878,0.2440737131743354,0.2010497627744802,0.1490507244700459,0.3751468053254096,-0.0285279465914989,0.1425341870293893,High_severity,2
569,0.0555487125560106,0.0986147007336575,0.0844200771869221,0.2610553437013744,0.4218582149110929,0.6665072214055013,0.2354659227098011,0.621057320104752,0.5029992304921496,0.0796625279964212,0.1193509948969704,0.024222900037458,0.2308910608306403,0.4799453816684937,0.1928329622776177,0.1133553480067056,0.9039094646910548,0.3503679692648239,0.601696257264345,Low_severity,1
570,0.0470303757140139,0.0972815816642954,0.0503897157732814,0.293482715896884,0.4348300616067519,0.7923014760636384,0.1940750596115447,0.6343565005784244,0.5853115538176695,0.0683493462123264,0.1202262993386752,0.0727204105579954,0.199340524237597,0.3755948950761022,0.1441276457114929,0.1219416491955202,0.6755836365874702,0.3065637720648696,0.5150417098221082,Healthy,0
571,0.0430389064795442,0.1110184157368305,0.0771194288932165,0.2551169486032943,0.4453170754879523,0.7047701366711913,0.2715460990511224,0.6008940019540318,0.5401767909552309,0.0399860465164835,0.1036779200867335,0.0653005218218418,0.284811344707525,0.4429972192265379,0.1833000555837182,0.164199322356798,0.7430619239536359,0.2173454426861401,0.6206964149971304,Healthy,0
572,0.0865679736150505,0.1306519059788486,0.1624294851795511,0.1684928019174452,0.2435745322835673,0.1998626703524858,0.1822074310056718,0.3017494617136985,0.1343455087504389,0.05052382423325,0.1419419677484002,0.0906706312047857,0.1786228398594832,0.3648998708062232,0.2938380608065088,0.1591704314852721,0.6019468740643148,0.3427217065476214,0.4398964057380088,Others,3
573,0.0585710864125218,0.1148809184741528,0.1307096718561312,0.2396234936245835,0.3690109960566039,0.476869058059625,0.2125865435259767,0.5251794253038677,0.3575518620086293,0.081872812650599,0.0805320897081012,0.0734173151190034,0.2319490716459351,0.3427819167750395,0.2065359248795779,0.1206562629087814,0.6472011022947095,0.1928429950046861,0.6195160638451088,Others,3
574,0.0633822502201571,0.105715585333313,0.0838263748644986,0.272734951328666,0.4407860927320812,0.6804255329709015,0.2355237351473375,0.6131188994421964,0.5225776512922466,0.1016115818386955,0.0917576280401197,0.0724771381036876,0.2538175673531682,0.3640729440847132,0.1342738293336127,0.2111475639368974,0.6679549904544108,0.1784383716703655,0.5974046777406973,Others,3
575,0.0343055699419751,0.1189804375448366,0.1059671517744533,0.2606902783952468,0.4309652906008008,0.6052868353207295,0.2461846905284254,0.5673011664404526,0.4701340109706988,0.0731257545293536,0.115634776919026,0.1121747626143584,0.2588037581817312,0.3442446946053359,0.1561281628017513,0.1162675564577091,0.5084575784841534,0.1416817106962604,0.4971083334694998,Healthy,0
576,0.0711494984045459,0.1336804098872211,0.146105878409407,0.1995447257252681,0.3460572121876991,0.40627047740558,0.2685336621472963,0.4426936569659138,0.3022960675617707,0.1020329563779351,0.0708167729251403,0.1423071515091795,0.2471712025027327,0.3618304096029208,0.2158806735749433,0.1563556069721284,0.4354431707280148,0.188274061711837,0.672634997822748,Others,3
577,0.1086799994966621,0.1700950310353367,0.1722598160338949,0.1779687917572237,0.206371223876313,0.0900914194739753,0.0738992323562025,0.0963597463721939,0.058235037734219,0.1098314146628239,0.1239223319636097,0.0930473810556915,0.2323263162473358,0.3007341408271236,0.2242562696848419,0.1601064716194412,0.5274162149061866,0.128330330400464,0.4163643325663967,High_severity,2
578,0.0491614570441767,0.1076612284627281,0.105737292023865,0.2500400686598262,0.4216916420773089,0.5990462972834099,0.2555359091639699,0.5932345531520629,0.4612791302152449,0.0789984924761816,0.1059005443058671,0.0736275589821111,0.260238632059463,0.3384755347942318,0.1965832818806822,0.1254573974862226,0.6426740779477362,0.1306748813810635,0.5233742350833773,Others,3
579,0.0690397474079938,0.1247194879256274,0.163269312655668,0.2047460223188665,0.3278791647054287,0.3351529316230336,0.2311815989673533,0.4488737993336681,0.2491198682280624,0.0632057621115456,0.1165751154520943,0.0914744272912698,0.2040282968493119,0.3630283339129727,0.227327023912579,0.1566529812048988,0.5974747125896407,0.2803953404969795,0.5138687363219564,Others,3
580,0.0547219239883824,0.117809992402034,0.1509378191904738,0.2205985960184109,0.3837021245409492,0.4353664706118643,0.269904573953783,0.5301808733150596,0.3374569676543884,0.0819610478450086,0.1064106919176254,0.1205192815225597,0.2434987667700172,0.3185027967260325,0.2660847554903225,0.1730463028323857,0.4509648261729707,0.1334587567504915,0.4991418499926046,Low_severity,1
581,0.0637723994706633,0.0939410802453699,0.1098472466433134,0.2493604462636781,0.4113034725691796,0.5784434613875127,0.2451216445898746,0.6281361977202705,0.4428184110152924,0.1012952855101281,0.0919480526907576,0.0956592162942229,0.1953541369326617,0.3520933181076546,0.1961945265253789,0.1500216710828473,0.5727139035761903,0.2863090872592512,0.5858581711635125,Low_severity,1
582,0.0468867066978439,0.09331535975408,0.1247318406004522,0.2641950327212483,0.4109770251970489,0.5343297504895089,0.2173993884290199,0.6299156499730874,0.4145641609085576,0.084286581915462,0.0688823349709571,0.0896602372059432,0.291606151305057,0.3773765581047646,0.1493643052356011,0.1647874121633855,0.6160463667694768,0.1282101997454828,0.6912898049103118,Healthy,0
583,0.061993324416113,0.1111047834144708,0.1183169986540116,0.2361493475717431,0.3735247416989113,0.5188818315049357,0.2253259512660423,0.5414857013159603,0.3859603795572621,0.0935522417499742,0.1231510695594639,0.1116385907638157,0.1937413668699657,0.3308225419436438,0.244097296354466,0.1752687453438499,0.4953744746767287,0.2613240689465473,0.4574527398114157,Low_severity,1
584,0.0626641729006437,0.1220107770946194,0.1039148377401132,0.2414902904889547,0.4140182875486343,0.598732605943361,0.2631971614714495,0.5447605917570091,0.4569604457864906,0.0607498142785968,0.1049835650110276,0.0667129208412446,0.2377551416456756,0.3597563925501679,0.2285441880599036,0.1343515587005772,0.6871384704764647,0.2041822524291296,0.5482051271771539,Others,3
585,0.0474349048277147,0.1084871881337608,0.083327482606088,0.2357252585873571,0.4299136438750017,0.6752891445882282,0.2917323259943114,0.5970021527307178,0.5130854130535265,0.0682287518586829,0.0801100008478785,0.1253613981670926,0.2050727036830293,0.4343001996312678,0.1979886169484715,0.1438964480041281,0.5520100051164886,0.3585192534122092,0.6885364995746187,Others,3
586,0.0575878616840201,0.0924797710591694,0.0806765923614613,0.2852289570110163,0.4091556461316099,0.6705950077534453,0.1784698113404728,0.6312869151980233,0.4977798878377023,0.0660283764929316,0.1114380522725467,0.0784662438766765,0.230814256758551,0.3797377618955609,0.1685316677848682,0.1554802134293893,0.6575052034107258,0.2439161620745989,0.5462396597793129,Healthy,0
587,0.0725532037478001,0.1356217635373899,0.0829339602703808,0.2659114005224052,0.3969138203764235,0.6543322127755136,0.1976424790782275,0.4906565208632548,0.4806560768532574,0.0751559512237552,0.1112381162998278,0.0709317099628367,0.2378320779038319,0.3451263402845576,0.2229717698249922,0.1085404123073779,0.6590297439472222,0.1840513131522398,0.5125031553404552,Others,3
588,0.0574946375607541,0.1190698543023311,0.0476816280975711,0.2895098488436316,0.4733107760038348,0.8169584518998462,0.2409490792110609,0.5979954501861715,0.6253168185137493,0.0926085442749363,0.0963754998629207,0.0683846331507985,0.2403103343991911,0.3873164238502119,0.1643402278210188,0.1927238080397146,0.6998706406307639,0.2342253377804588,0.6015004793833235,Healthy,0
589,0.082401773586138,0.1576890748901622,0.179145996912576,0.1777638431385198,0.2679609281597665,0.1986436046205727,0.2023604942541667,0.259066962244728,0.1406624672928136,0.0341127008412991,0.0755067968180866,0.1496736849308321,0.252826342014891,0.3425334003280756,0.1589804022105386,0.1508380763077858,0.3918263697805093,0.1506770645259843,0.6387581991705612,Others,3
590,0.1196584885272942,0.12611970556576,0.1526035560277107,0.1903493462188515,0.2740644201545384,0.2846730265853052,0.1802596735868069,0.3696916121360139,0.1966090345981804,0.0864476169926761,0.146527215569841,0.1033298222464738,0.2252554818951324,0.2829068624660784,0.2507311762499315,0.155751614817754,0.4649404039734098,0.1134507135577254,0.3175799357144405,Others,3
591,0.0807764794276898,0.1163177607801169,0.1407704693693923,0.1985217613560138,0.3441608887616922,0.4194210499732628,0.2683688659921038,0.4947962912249815,0.3097531889606523,0.0773901691460352,0.0910469690387826,0.1275999528260882,0.2178345293004981,0.3660005696334249,0.2413802255582652,0.1128577721031866,0.4829829101870351,0.2537806319001315,0.6015864375802661,Others,3
592,0.088300145520919,0.1704879778883653,0.1968017138962969,0.2018543438522252,0.2926638782606119,0.195850670405417,0.1836323321320729,0.2637923150910304,0.1453241504164097,0.0575128222529482,0.1332227247878533,0.1018171335839392,0.2106208473713396,0.3273996602476971,0.2874507162095378,0.1357276546992182,0.525567801413298,0.2170527168065619,0.4215534063652972,High_severity,2
593,0.0682571039507031,0.140138931683621,0.1587847878682777,0.1951809315150454,0.3714890782149194,0.4011215787754275,0.3111301880681669,0.4521842863473733,0.3096811886852207,0.0995071821477583,0.108054207065993,0.0915506380248799,0.2571344069460099,0.2566058006436515,0.2021409794141387,0.1928080879082654,0.4740833265930646,-0.0010289369890638,0.4073701267947666,Others,3
594,0.0656353349499427,0.1181456473790777,0.1158658390461843,0.2115707312465781,0.3857765305174243,0.5380540158640148,0.2916323726945796,0.5310956629364979,0.4042021878360139,0.0625060191189387,0.1113618637375598,0.1179937775146266,0.2603760798150799,0.4232601374385072,0.2158858594148581,0.2155358583508513,0.56399843306503,0.2382613055197561,0.5833996225647846,Low_severity,1
595,0.0714922407092817,0.1180267998037401,0.0860161517216228,0.2564104031159948,0.4082347436257569,0.6519332487555042,0.2284291719484316,0.5514519300247821,0.4861226578904229,0.0640678481321331,0.1424331024856365,0.0610771249117107,0.2119917403437323,0.4341487243068896,0.1961439075525486,0.1136408246074993,0.7533362807774182,0.3438215003037784,0.505939674588846,Low_severity,1
596,0.0749882986309178,0.1224781459024547,0.0789344649424449,0.2489324022772004,0.4375855760927581,0.694360494573471,0.2747971353401237,0.5626278186127484,0.5292337042146315,0.1126469906733753,0.1269747849661259,0.1086892456533553,0.2256328711702391,0.3435034103655714,0.1906202969412477,0.141209238222419,0.5192790320380343,0.2071042437801705,0.4602309470405704,Others,3
597,0.0889651113477087,0.1188984510069871,0.1421572830570392,0.2388029455375439,0.3482173535823368,0.4202094788944707,0.186389479561163,0.4909251631444172,0.3120941251451848,0.1029876304146328,0.1519860959426923,0.114348835382883,0.2427072743109838,0.297963872314378,0.2192914788750204,0.16000896676364,0.445329560558472,0.1022000126107749,0.3244311293923328,Others,3
598,0.0737128132761002,0.1224402060937127,0.1244028761593557,0.2279417825440933,0.3457022517239574,0.4707444408467109,0.2052849191225745,0.4769104829137281,0.3421784441766505,0.0897662280987485,0.1278339407227462,0.0722411886296703,0.2463459667056991,0.3655055739700873,0.2051290947705127,0.1740495194262182,0.6699407291986204,0.1947524838015069,0.4817607877919972,Healthy,0
599,0.033101556673773,0.1137017760174397,0.0699182856015075,0.2802327733042161,0.4243648301631556,0.7170921547933398,0.2045593912747588,0.5773691408781567,0.5347267879869269,0.0770410691155698,0.1198052770981114,0.0765652672111435,0.2211606006512512,0.3307849841455746,0.1846408696517764,0.1888402307871038,0.6240814043632685,0.198614476705483,0.4682296205540096,Healthy,0
600,0.0659649965900053,0.096738558541919,0.1354725529310943,0.2551411757599532,0.3897750809861546,0.4841573985940597,0.2087618412745398,0.602319233492582,0.3720601535310431,0.0713145432636535,0.0725429578600039,0.0766432564874424,0.2625987901642965,0.4190891613347004,0.222870276570398,0.1840399264871789,0.690787797077494,0.2295630586198415,0.7048892656613662,Others,3
601,0.0440930321241665,0.1129730146543551,0.0961785246871028,0.2320130580744621,0.4176474424992024,0.6256377418456548,0.285740604917216,0.574185227383114,0.4756273683307003,0.1183309766850635,0.1084557915498176,0.1005099368301364,0.2145844221005655,0.3479816222813394,0.2377933334507751,0.1297265334626609,0.5517867179963849,0.2371227369887534,0.5247725613048142,Low_severity,1
602,0.0272704098244518,0.0794282321782643,0.0862316901238924,0.2895380097166444,0.4320564469268512,0.6672442066122387,0.1975048947481287,0.6894208744737746,0.5094207781962878,0.0847107215678212,0.1024493151907973,0.1279934230219002,0.2949887358634182,0.4586381520495618,0.1457264711150072,0.1340251156670673,0.5636326837459834,0.2171491208857185,0.6348187362135108,Healthy,0
603,0.0673046837298165,0.1045680279639654,0.1076857499999872,0.2370713287461932,0.3500297439282357,0.529464257039662,0.1924002875134969,0.539953627450855,0.3795657407622737,0.0607131611380815,0.1502524882177331,0.086484398073403,0.2514769561968545,0.3231260451305144,0.1980368387819815,0.1630786876273678,0.5777236664332396,0.1246932034259237,0.3651909512880348,Healthy,0
604,0.0515551042313199,0.0878855518746949,0.0669217961413719,0.2541436331601554,0.4858220540587124,0.7578560263776888,0.3130934648730961,0.6936224970149824,0.5968692068413284,0.0363430230828551,0.0955102933207765,0.0902570353901314,0.2217517200733413,0.3889723303923694,0.1576652887296687,0.1177708407314833,0.6233242708624213,0.2738071477478465,0.6057225227655365,Healthy,0
605,0.0896556096198072,0.1437348943938371,0.1841918344423337,0.1963716933490469,0.2914416343663616,0.2254883370437601,0.1948900032366043,0.3394179837624408,0.1648925595823184,0.0972233553737336,0.1349105383892256,0.1137263079594827,0.2046218602961582,0.3787490896089213,0.2079963568207599,0.1307722799864488,0.538144205696341,0.2984845737366515,0.4747084215475377,High_severity,2
606,0.0744518995345488,0.1193531781503268,0.152429151233547,0.2193232176813731,0.3815810114054299,0.4291151670961801,0.2700227188792475,0.5234776118748341,0.3324220618688797,0.0781011680838799,0.1277356923670682,0.1020956634169242,0.2149456036817297,0.335272204747111,0.15419123713665,0.1257431707204956,0.5331359670041734,0.2186890340917473,0.4482353620177315,Low_severity,1
607,0.0680609255243723,0.1062920005600251,0.1087418126208745,0.2418900234950337,0.3476335876926108,0.523454539634785,0.179371211247244,0.531676542099374,0.3746830611600285,0.0443213545173004,0.1469510152242938,0.0891413870269091,0.2432803132588376,0.3723539770208838,0.2003729105523616,0.1749651360167466,0.6136845828957121,0.2096596401467499,0.4340473616902402,Others,3
608,0.0740336287923649,0.1457926702246025,0.1958744252378906,0.1723341067954455,0.3112170403499595,0.2274591921565017,0.2872145674235191,0.3619712367104454,0.1717956398003166,0.0978748620470983,0.1291660738297108,0.0969479537909641,0.2069887602567381,0.3580499035915872,0.2561778216243363,0.2106860106212307,0.573853141425004,0.2673465605097048,0.4697789899528674,High_severity,2
609,0.0482839121378188,0.0842479179008453,0.0849485833170679,0.278461226867704,0.4100145741989722,0.656747852735625,0.1910791158199731,0.6590964548293853,0.4900673785149634,0.0634668094590148,0.1314208531297496,0.0894955049781979,0.2168645186268099,0.3628980188762653,0.174068502067697,0.1179068827327714,0.604346657239112,0.251885023268998,0.4682749918228877,Others,3
610,0.0581981668190577,0.1399723301635145,0.1507516170611237,0.2251528734228426,0.2533396384972669,0.253873401181084,0.0589074319289042,0.2882376265328653,0.1702063051800819,0.0950985016911069,0.0841485125945648,0.1021092452797626,0.1813244789543175,0.2825274782970827,0.2233043612331101,0.1680644789548093,0.4690613817098898,0.2181795242224553,0.5410197848517949,High_severity,2
611,0.0501169694227818,0.1479596802000756,0.1617114459839735,0.1807691346266621,0.3140772260444129,0.3202383516422789,0.2693928904255614,0.3595330667295993,0.2342194336152432,0.0920259191829616,0.0851439535617519,0.0824676715028478,0.2418554311075725,0.2787946481453077,0.2347550007865334,0.1932804032569279,0.5434471462002147,0.0709482597039878,0.5320971550564687,High_severity,2
612,0.0882170872748106,0.1360071890932123,0.1959255068508668,0.1830347039712491,0.2592599031077035,0.1391397766079567,0.1723403313458165,0.3118213391562619,0.0994587997207532,0.0716411132732997,0.071514016238403,0.1420173979442328,0.2285412624423964,0.3503950292019621,0.2780326576792717,0.1132165897605376,0.4231770356922022,0.210478715047321,0.6609979472530118,High_severity,2
613,0.0635552364183876,0.1260715400731518,0.1548536974075768,0.2220727309763952,0.3230303710219308,0.351919397872042,0.185208338891173,0.4385615515830647,0.2579702631076416,0.095408767617869,0.1442052618646608,0.1088140897225296,0.2301937611150779,0.3557453136493404,0.2028362445540942,0.1418596114190711,0.5315385333598501,0.2142740737759152,0.4231219287370444,Others,3
614,0.0869198653728477,0.1393414653147908,0.1678449957274534,0.207558843982591,0.3013274579516252,0.2845061792896219,0.1842624052025587,0.367591141749068,0.2065924310747667,0.072557276939276,0.143711603452997,0.1039943479599118,0.2310995782543261,0.3751392543963379,0.1828858835210802,0.2209934839631063,0.5659066805229452,0.2375955949773551,0.446038871175083,High_severity,2
615,0.0729425110528716,0.0831437668595002,0.1190093450279441,0.2541895587355703,0.3890370080584339,0.5315020202193631,0.209642226058814,0.6478307831404156,0.4018084022680127,0.065163827352132,0.1392060934184687,0.1289942178459964,0.2220579684500222,0.3544856480099896,0.1929944560504369,0.1467463906458196,0.466392596855647,0.2296923871485659,0.4360606761794846,Low_severity,1
616,0.0403654058284685,0.1074089183177043,0.0514769920615136,0.3332393458864153,0.4368347700857671,0.7891634154575718,0.1345265631588817,0.6052910833645628,0.5848727994297004,0.0567585662594018,0.0927442823417133,0.0267365824445163,0.2585826963231101,0.3313159429342818,0.2425400468624605,0.0878997559862253,0.8506555292901192,0.1232978714830291,0.5625891002564473,Low_severity,1
617,0.0725063966675075,0.1670354832955857,0.1331713606966263,0.2410992525903709,0.3735340207371347,0.4743637404449586,0.215469571684246,0.3820018256691182,0.3581425079373985,0.102603335766481,0.1061649066813397,0.1336144789788639,0.3107113702400418,0.2600657138596911,0.165065875284199,0.1490890645765508,0.3212029387840798,-0.0887310611991936,0.4202292177289666,Low_severity,1
618,0.0554965416952479,0.1162763636096131,0.105039873693257,0.2570135730969878,0.3655422909623178,0.5535747778705676,0.1743276774515955,0.5173438699133878,0.4025971629534896,0.0705033792430751,0.1160320623966092,0.071088962667624,0.271885070061872,0.4727791776187752,0.2251649463690191,0.173524138060174,0.7385801542624327,0.2697781022556323,0.6058768769645854,Healthy,0
619,0.0507546780234562,0.1276993939170287,0.1398673694464672,0.2017239301698111,0.3499034093663874,0.4288455926852602,0.2686224350685079,0.4652485578429483,0.31831012455001,0.111843992844877,0.1608356172850782,0.1123162886874849,0.2180472607262779,0.3606617329294928,0.2585705834812928,0.0792760649807629,0.5250676202521742,0.246435555290584,0.3831776241282831,High_severity,2
620,0.0671685876691768,0.131980754780536,0.1594957511654294,0.2082129030376258,0.3567707696811089,0.3821185580506003,0.2629418756981309,0.4599269846742205,0.2911761055820548,0.1170983264224412,0.1627590280800716,0.0818091990524708,0.2185755290303021,0.3591283643523505,0.1233429457673819,0.1512185555171536,0.6289306884142124,0.2432956345491524,0.3762676376546233,Others,3
621,0.0730949169550353,0.1611744742369188,0.1624372863899913,0.1852265215827787,0.266658635465563,0.2428858997887553,0.1802053300769797,0.2465544597565126,0.1682625226694972,0.0684645158328049,0.1480924543530087,0.0871195498179096,0.1347541443880472,0.3393420535648849,0.2420377041204773,0.1523838581029184,0.5914307448696119,0.4315324823531888,0.3923595808364297,High_severity,2
622,0.0733760140283091,0.1510130162529377,0.1548686349016509,0.2059993733918746,0.2490589925649995,0.2331862226262927,0.0946243875389066,0.2450708226295333,0.1563018235110149,0.0204080712082287,0.1364697424133004,0.1496530401518903,0.2527208883264184,0.2711151318677607,0.2486535578538937,0.1141771171166205,0.2886674891136913,0.0351145068919158,0.3303493283256923,High_severity,2
623,0.0860986533814959,0.0845393399820663,0.1344723465855698,0.2454318563880044,0.3747667699901026,0.4718695315873781,0.2085378910904722,0.6318823627789804,0.3571419589143257,0.0991113413348265,0.1518212890229129,0.1465429168503363,0.2613338978475272,0.3282857752251463,0.191344252297832,0.1439404412098313,0.3827545837224146,0.1135509557011794,0.3675523635100244,Others,3
624,0.0416899637876273,0.1224512796614445,0.0957855876986226,0.2520643341868032,0.3602685487816695,0.5799376432023134,0.1767081559793309,0.4926610739965708,0.4149602271322302,0.0673517482377971,0.1106040871195127,0.0856809603097416,0.2239349009622648,0.4344827223378317,0.1741250588695519,0.1341559272807528,0.67056154372933,0.3197785325372472,0.5941780824613112,High_severity,2
625,0.0741343061568269,0.1640267752174682,0.1319082704342626,0.2130015251734234,0.3067357499750864,0.3985634624123502,0.1803492442886251,0.3031442970088716,0.2793830393729781,0.06082732149059,0.1129503732573642,0.1120006257603557,0.1872819243546984,0.3724811789959686,0.19181757434007,0.1504060933527693,0.5376477520484482,0.3308529153363131,0.5346393421150397,Healthy,0
626,0.0447638571413284,0.1193784684858706,0.118840414480989,0.245759624459957,0.4229980951985209,0.5613437865415601,0.2650264296449187,0.5597948861398929,0.4379148177356634,0.060191512257844,0.111795373376894,0.0897599920319987,0.2090553555178894,0.3406380829201048,0.1798076502230113,0.1233492657751955,0.5828977997079213,0.2393747463606625,0.5058041273432872,Low_severity,1
627,0.0737244447804014,0.1000713407439559,0.1191174370871999,0.2324919930803926,0.3323015859772703,0.4722533566327445,0.176718710335564,0.5371063516727667,0.3361045087212186,0.0672323825612739,0.0942273254860266,0.1435076627987226,0.2506153626117295,0.3101680365317431,0.1908383968750971,0.111424039064787,0.3673557432742765,0.1061955008136348,0.5339841435575803,Low_severity,1
628,0.0587465808684561,0.1124259316075056,0.0720722624261682,0.2720263721071091,0.4534116418728037,0.7256918362806295,0.2500355182251547,0.6026211871509166,0.5577942927938813,0.1008750861632988,0.1097240095113229,0.0272678692599508,0.2426461016540514,0.3535496938752243,0.1715957234601995,0.0880792131384323,0.8567930058925785,0.186018742588947,0.5263102191674747,Healthy,0
629,0.0752398851628143,0.1076149947970603,0.1502231031327801,0.2308888402399969,0.3382790435575951,0.3849644094686231,0.1886793095230024,0.5173068687163499,0.2853649954951272,0.0840041175756249,0.0954774506889896,0.1144581784497939,0.2497756199069391,0.3312916558144233,0.2023281585609818,0.1319577683048346,0.4864465686735438,0.1402867435724831,0.5525568780212252,Others,3
630,0.0565088909161772,0.141909134931918,0.1275957107515153,0.2019019812898433,0.3485270760563926,0.4640218267772432,0.2663832746647999,0.4212942203188973,0.3395034440708451,0.1072341421842662,0.147333735268932,0.0803439753222997,0.234603349507271,0.4314130870954297,0.2513761982748491,0.1746217779642777,0.6860073608257593,0.2955028236120872,0.4908525470013721,Others,3
631,0.0635173312440468,0.1149070246237891,0.1712109309084737,0.2236745698188102,0.2975271659872991,0.2694814778558796,0.1416967578863986,0.4427861353902996,0.1955888317238583,0.0924176453809679,0.1382148164979294,0.040200441877752,0.2559131594498125,0.3324457518645237,0.1752072299737563,0.1623930301865364,0.7842433785567934,0.1300780712979172,0.4126773059454984,Others,3
632,0.0663624300390994,0.1093961632615189,0.0866134676383344,0.2443263883222187,0.4368380180734499,0.6690678314894523,0.2826213876469152,0.5994532491754353,0.513299196871374,0.0655705216473374,0.1498803143092649,0.0764200092167986,0.2563400590632712,0.3264588519303293,0.1276714047045598,0.1297426224503831,0.6206303353856498,0.1203138707783688,0.3706991785182051,Low_severity,1
633,0.0967987609240695,0.1197923258861287,0.1724159543959051,0.2098407058994725,0.3079617600380359,0.2821650579728763,0.1894951464955077,0.4399009625948194,0.2073881377246422,0.0744504653676491,0.0855974428851485,0.1611132029417515,0.2487872137283147,0.332084988342086,0.2646436393877099,0.1280483596833626,0.3466593925563273,0.1434012065250726,0.5901314659865098,High_severity,2
634,0.0645897034137837,0.1043944906652923,0.1331134993067661,0.2434478582508885,0.3811871320531752,0.4823514062007653,0.2205116202908151,0.57002289303762,0.3668640614180631,0.0866140475602152,0.1638380294373079,0.0721848834767689,0.1787921875848937,0.3776128200012877,0.1880922942747838,0.1254476649839498,0.6790340060938507,0.357330774715572,0.3948184600423706,Healthy,0
635,0.0619187031504843,0.1515175618475972,0.135299107042051,0.2397900659455034,0.3284817576976855,0.4165386399976727,0.1560726540752627,0.3686759306611758,0.3006637572760935,0.0995854335401839,0.0853007657350089,0.1282901549585183,0.1898974934953476,0.2887870208870091,0.2040966602326847,0.1774931916803674,0.3848133516371892,0.2065860173464312,0.5439532174772782,High_severity,2
636,0.0630658808042621,0.1143501997150662,0.104097660292779,0.2384423755231685,0.355337823526542,0.5468453614970809,0.19686653106731,0.5130801976773237,0.3927937325711979,0.0962787138161457,0.0864414692437502,0.1243112673693312,0.230370900441918,0.3827893152354057,0.1912051212516401,0.1520416478964331,0.5097175131181954,0.2485784480082741,0.6315609627373453,Low_severity,1
637,0.0896878156427659,0.1062817442269717,0.1175038324443105,0.2460094137078947,0.3481028057134127,0.4952656478041605,0.1718419326654509,0.5321947269513633,0.3582188090210227,0.0694141820828588,0.1018143519948515,0.0921474095262073,0.2720510048807569,0.4120182434249693,0.2049956338599485,0.1246875379062832,0.6344558222607407,0.2046097509731322,0.6037061373591324,Low_severity,1
638,0.0561499408192733,0.0907266209454749,0.0819024149836267,0.2703534352973784,0.3914226655779823,0.6539274238903716,0.1829459089266901,0.6236575538681797,0.4770044306509017,0.0760629840634877,0.1466455375536345,0.0895337327924934,0.3019989813368534,0.3802011605032699,0.1700276377504238,0.0530511060283386,0.6187903684808038,0.1146323115024263,0.4433085066510357,Healthy,0
639,0.0602336191962269,0.0651543123642129,0.0621290108511286,0.2749845421237319,0.4942039257193228,0.7766480940922652,0.2850008713863355,0.7670390532284156,0.6135493364492529,0.0786369416674566,0.1122542547608165,0.0243466286107905,0.2534968212007147,0.3666189126031805,0.1858986121254367,0.0946381350878825,0.8754538390509156,0.1824209340868609,0.531173336026611,Healthy,0
640,0.0570021446444041,0.102294106938522,0.1242844867908161,0.2260617871949488,0.3601336179687159,0.4868710084545182,0.2287152536385618,0.5575779676314085,0.3593734156822192,0.069517970372485,0.1144359269576419,0.0784442709949431,0.2157221961971625,0.3321172932799801,0.1727828700235619,0.1317153954682135,0.6178684133110196,0.2124620428401481,0.487470152396403,Low_severity,1
641,0.0758911546629121,0.1353548133607242,0.1555125482737459,0.1927589779164006,0.3296850703131302,0.3589723349151149,0.2620875725558508,0.4178786890646464,0.2651841398417248,0.0585143175796772,0.1070220265034002,0.1357169241741073,0.1643849470255896,0.2664239957325554,0.213239792791484,0.133171674700358,0.3250280314392907,0.2368545277952833,0.4268407205806028,High_severity,2
642,0.0704824657322745,0.1323607264413616,0.1198771256669258,0.2251902172073299,0.352542764098438,0.4924975503192083,0.2204349604609229,0.4540739383252685,0.3588968729665519,0.0587370702434065,0.0844302311887433,0.0970026583831519,0.2629568455004885,0.3534536082813008,0.1242643084420009,0.1299690989051457,0.5693137577974479,0.1468125049236242,0.6143715589461975,Low_severity,1
643,0.0659745730645892,0.1070426876521888,0.114688870829983,0.2318269665471175,0.3998508758386853,0.5542079243730977,0.2659962056876226,0.577652211975203,0.4216128632885854,0.0702057027807976,0.1460396631115862,0.1035180228965373,0.2224773177104591,0.3748282632105985,0.2397692447731996,0.1643754588891936,0.567183749918977,0.2550636564707985,0.4392449381832244,Others,3
644,0.0537264009779165,0.1410658321778858,0.121227406953892,0.2580557095728345,0.3733686844381653,0.5097922969318524,0.1826235665885946,0.4515693343991905,0.3802668434952893,0.0909781662609531,0.1387198206097663,0.0988918605127822,0.3259308216845316,0.3231847195838424,0.1954099881001763,0.1410772443492927,0.5314032326070153,-0.0042305289676524,0.3993571894676702,Others,3
645,0.0680452132914295,0.1245488009989727,0.1542958731491385,0.1823026015292024,0.2725229871356943,0.2769959928847996,0.1983625984442222,0.3726635599871329,0.1913433989952825,0.1118962018605095,0.1614669130935068,0.1732304610644214,0.199420488483118,0.4077071316259614,0.2495066907928451,0.1919161021860939,0.4036176579237263,0.3430689631702501,0.4326272795060784,High_severity,2
646,0.0893652339112175,0.1314368094455845,0.1541898873567105,0.2063118586462724,0.3071012579683007,0.3314855968107812,0.1963124744194886,0.4005683008515812,0.2386031089882104,0.0542325174716807,0.1374239458189194,0.0995144934349529,0.285027140778135,0.3623048287237739,0.242314715221395,0.1166316958805184,0.5690327855067532,0.1193787601825078,0.4500058719065059,High_severity,2
647,0.055850908769033,0.0756691080156188,0.0528780832193215,0.3019454627923751,0.4899672888508201,0.8051817849430276,0.2374274510270295,0.7324461140237191,0.6286970494444022,0.0520483666775868,0.0398788179464504,0.1160728175980019,0.2820711075395311,0.3290119233584612,0.1855547756914279,0.1041936819346139,0.4784237385960808,0.0768157737090982,0.7837906269732693,Healthy,0
648,0.0611279034073672,0.1084400428704028,0.0582751775111756,0.2637102916967647,0.4681682443128824,0.7786080133387944,0.2793604984385314,0.6238692877616125,0.5989999907739185,0.0580676699373081,0.0756747351089062,0.0764680435204307,0.2272707782749596,0.3270442452753845,0.1683984546712398,0.0571052806330206,0.6209877833032986,0.1799941599298242,0.6241809361123515,Healthy,0
649,0.081166554813735,0.1448859260283093,0.1019754269449027,0.255729099527367,0.3956452764992187,0.5901479731887657,0.2148014753440978,0.4639128126153621,0.4415553654918185,0.092106453943464,0.1283334160549881,0.1387718839298005,0.2477189551938719,0.3263262393131809,0.2095449506201272,0.1248038492747404,0.4032576052460143,0.1369357062326966,0.4354748016906502,Healthy,0
650,0.0628729126163941,0.0890817208425845,0.1186315327728591,0.2122087935393818,0.3819713516967412,0.5260453487056839,0.2857089041403376,0.6217762879143619,0.3947717266427928,0.0639167448962275,0.1085115619974132,0.0589902778038601,0.2620710624469649,0.4252253314783511,0.1651798865364448,0.1085778735047757,0.7563470624530019,0.23738560317416,0.5933893147585441,Others,3
651,0.0409634523925933,0.0904449809585264,0.0368721037399892,0.2994078752578604,0.4707894443408513,0.8547374569557995,0.2225164444512533,0.6776926828382611,0.6459272085363685,0.0573872563759261,0.0938476568208202,0.079830335552458,0.2495596987349615,0.4302260739415183,0.1305101920155238,0.1560296734894042,0.686974483345255,0.2657695739868604,0.6418532305204242,Low_severity,1
652,0.060917715951683,0.1146186873293602,0.0531604801753899,0.276679858015627,0.4642737179459864,0.7945227417577068,0.2531789656145448,0.6040069405476393,0.6061029379536621,0.0357817212630243,0.0802428256895666,0.0636458228222769,0.2814483653959105,0.4595221296839657,0.1679759030597794,0.1298942235018661,0.756690666859922,0.2403250405656961,0.7026749332622515,Others,3
653,0.0819521395133303,0.1083701869359495,0.145987007000291,0.2066604822980174,0.2870416226196581,0.3257396993431236,0.1628130395252095,0.4518616575577559,0.2267689508254793,0.0925424977202451,0.1487269240640303,0.1108499470513013,0.2506636412427929,0.3390375206068431,0.1950600851024818,0.1867785508447906,0.5072103358276575,0.1498621421854754,0.3901690634118029,High_severity,2
654,0.0608665794850205,0.1376875097114043,0.135126399961636,0.1826774817581845,0.3255265054166006,0.4133266136650748,0.2810859955124407,0.405512332465348,0.2972979695200088,0.0779686427181174,0.1359984414887767,0.1403395832673122,0.2448513102993406,0.331691143832897,0.2675237163356322,0.1424552227370049,0.4053794585388548,0.1506217502477944,0.4184243320481985,Low_severity,1
655,0.0339611985411653,0.1159598748359843,0.0935324498043102,0.2846261321953979,0.4455620774090463,0.6530016719413179,0.2204033742215999,0.5869800837799374,0.5081774829699215,0.0533275431573298,0.1213486764891384,0.0871420987933388,0.2540727311048129,0.34143820882916,0.1873820187959461,0.0892509728984803,0.5933452972827903,0.1467067552680623,0.4755742639263579,Healthy,0
656,0.0512843354179719,0.097630839817388,0.066426446705963,0.3034717239546629,0.4454334440997385,0.7404506666798861,0.1895590072023155,0.6404446298210734,0.5618470514114184,0.0614908248872844,0.0923886475813913,0.1095995349476625,0.2203515656690351,0.407244069643364,0.1475520867985799,0.0869676937161368,0.5758889769589483,0.2977912742833196,0.6301737480500857,Healthy,0
657,0.0844139358970665,0.1541034242659514,0.1922752406780121,0.1535452423018989,0.2426598519891123,0.1158439780109024,0.2249204035265611,0.2231971379988086,0.0808365388778478,0.1136030477557969,0.1373319330734199,0.1029676952025634,0.2100781453091247,0.3051478712453138,0.2310391171798476,0.1820438414002063,0.4953993247610466,0.1845204296397249,0.379262367533977,High_severity,2
658,0.0596844397330786,0.1404154548198745,0.102756336950419,0.2318521805452121,0.4103420279784827,0.5994672991614087,0.277937491594001,0.4901006006983903,0.4554133660796842,0.0527683275916961,0.0835568363590681,0.0688374342780488,0.2455302607620099,0.3553599939602899,0.201407869033029,0.1925570037322581,0.6754462441513343,0.1827783565054446,0.6192589092640999,Others,3
659,0.0902607170101204,0.1640947782718349,0.1619342660951999,0.204399533897275,0.3027326278708447,0.3030092386696555,0.1939003308934906,0.296978814385711,0.218933130165967,0.0654884043483599,0.124188490459004,0.1118900482606413,0.1657086414035872,0.3955609162065972,0.2230639189802248,0.1740983962159721,0.5590113879156295,0.4095220766679243,0.5221216653012748,Others,3
660,0.0783650979919301,0.1241784745070144,0.1195411547917882,0.2276737401670314,0.3287355226296676,0.466663510225854,0.1816320992836564,0.4516465585428157,0.330907170057243,0.1072842962766012,0.0593557518864381,0.101206472788673,0.2356075746150251,0.3416457039938035,0.2215345873686803,0.1395034486617206,0.5429333845709674,0.1836942869070032,0.7039624120259322,High_severity,2
661,0.0837822777328043,0.1154028907626513,0.1309241407139235,0.1734097775268368,0.3354678352936742,0.4385660669608487,0.3184617552118524,0.4880887842417407,0.3174856057240419,0.080649540561101,0.082491375772706,0.0954727112686787,0.2291309733663233,0.4027328501959301,0.2120621769966231,0.1431490026611098,0.6167336591425792,0.2747457131678988,0.6599865738029407,Others,3
662,0.0578189046154823,0.1253971038042498,0.1589368872469518,0.2255155811781598,0.2945097069381205,0.2989829925502432,0.1326745589813186,0.4027384143517216,0.2132885373727384,0.1006331925209426,0.1215406066288773,0.0886553168096788,0.1793040130898905,0.2602822046649681,0.1827226213252857,0.1656573962015957,0.4918556397431144,0.1842145824968429,0.3633664462475427,Others,3
663,0.0596886368925759,0.1246318965195365,0.0957825318864223,0.2639570563903862,0.3501831515798425,0.5704488688817788,0.1404013189014914,0.4750297109646321,0.4033982798845779,0.0819536695102339,0.1743666707884262,0.1216660891375146,0.2337795532990296,0.4788111586369697,0.1159373122491337,0.1945238903513389,0.594768695771775,0.343860228927524,0.466097399717876,Low_severity,1
664,0.0871593313538919,0.116011049535286,0.1280704587608389,0.2052337798107079,0.3102895516703095,0.415683658576085,0.2037847085558531,0.4557312412546356,0.2912833414955732,0.083979751119224,0.0832752646154536,0.1028915111030285,0.2111303870555892,0.3131141968137905,0.2147317474192373,0.2006694002399658,0.505336060804234,0.1945347894783619,0.5798310867539632,High_severity,2
665,0.0510139074656844,0.1214109147252559,0.121078765111157,0.2149969653781371,0.2947517417986837,0.4176532837336584,0.1564590067569929,0.4165218199087895,0.2844516131159366,0.0721122116953484,0.0915102478340654,0.1423047423861338,0.2883532513715691,0.3748381323263846,0.2317665919592379,0.1586482360815254,0.4496501862652887,0.1304071239173464,0.6075455529508615,Low_severity,1
666,0.0647653569846067,0.1306892721807086,0.1698312101086942,0.1715454367240411,0.2884446370181629,0.2588253944717162,0.2541341802076287,0.3763841611836806,0.1856669359847174,0.0997969314518153,0.1299938327255161,0.1064339319910808,0.2335982404709783,0.374783912351224,0.2048968565128133,0.1585845003526238,0.5576476091133014,0.2320674122758278,0.4849462600386494,Others,3
667,0.0773538503168765,0.139382569027007,0.2047749830310839,0.1806633588834987,0.2309691239883719,0.0601135862432178,0.1222103871732881,0.2472961692592067,0.0419892694393586,0.1148522324308778,0.1776993760092592,0.1409006413607198,0.2425197016613732,0.2913483698685765,0.2853052032061418,0.1842741592686081,0.3480580049911283,0.0914620499166975,0.2422972817972295,High_severity,2
668,0.0853202757213995,0.1482691811777035,0.2049652830447702,0.1625285259630766,0.310929656162396,0.2053991327778348,0.3134408397656354,0.3542266699256036,0.156459643160035,0.1118835899104114,0.1370902510259102,0.1356832548802487,0.2104026483131659,0.348644403148435,0.2364577966778615,0.1869091319312111,0.4397047014308108,0.2472810731652064,0.4355344019712283,High_severity,2
669,0.1043508325778459,0.182247601718612,0.2052655739056154,0.1853921960138186,0.2999259252513638,0.1873751864465445,0.2359972237157879,0.2440580350237258,0.1412571904335693,0.0618233311603474,0.1494434972797142,0.096713965342883,0.1579750902937544,0.351197786403891,0.2851992274221226,0.1593564510979803,0.5681561603788415,0.3794834818447627,0.4029917142264304,High_severity,2
670,0.0692901231982297,0.0941988815555029,0.0751519623892198,0.2815706376364429,0.4905593220467735,0.7343098345151612,0.2706651669054168,0.6778193756831075,0.584690289561961,0.0957180438222569,0.0995713364384386,0.0853031134385019,0.2761502526052852,0.36543707179078,0.2123480534389646,0.0927033495407396,0.6214976332979494,0.1391654974941121,0.5717439311791691,Others,3
671,0.0498535821910819,0.1070189549821428,0.1020820682031971,0.2498106956640356,0.4029383821863948,0.5957309525804464,0.2345888975080965,0.5802827131526348,0.4490301374463157,0.0668035666423315,0.1040094799732924,0.1454464843765355,0.2208981136430143,0.3374291770181996,0.2329263444472426,0.1687104021343938,0.3975820443862141,0.2087146111686216,0.528770404104881,Others,3
672,0.0489490592143153,0.1083864240157987,0.042332352431193,0.2771350301883162,0.4392390658743689,0.8241907604062471,0.2262840554634851,0.6041585864181128,0.6065376997147129,0.0491452955834196,0.1086328321267293,0.0793793118212514,0.2484201052815506,0.4004330471330244,0.1259672069466025,0.1154604843984893,0.6691235215605774,0.2342794225254028,0.5732071759172104,Healthy,0
673,0.0593837556251632,0.1088075723415294,0.1052357132801118,0.2817888709351033,0.435456774514958,0.6107372835555368,0.2142472450751936,0.6001664523132177,0.4759634547778234,0.0673058359058077,0.0961496740740206,0.1088737027820583,0.2163487720571076,0.3744077883636484,0.1852689226881635,0.1568273829637139,0.5494397994677868,0.2675535523362888,0.591337161774342,Healthy,0
674,0.0662842323733345,0.1375493043063597,0.1158666889612834,0.2156607944884054,0.36945275721415,0.5225137180289292,0.2628412250549364,0.4574014003262769,0.3860464784854904,0.0940170052109298,0.1360863673370381,0.1131234251531334,0.2407186766467254,0.4172913937594241,0.2422410652018909,0.1898389386687559,0.5734529989751942,0.2683434875148813,0.5081610541507966,Low_severity,1
675,0.0917242084424852,0.1487940576880331,0.228219700722572,0.2134893205950633,0.2261264214011138,-0.0046072349240571,0.0287457877387849,0.2062633759056222,-0.003290125992444,0.1009068497820649,0.0930050742217291,0.1307758998630359,0.2439220753817783,0.3403306443878549,0.2507272125287952,0.1902326533375663,0.4448139111674477,0.1650117590279935,0.570748174093987,High_severity,2
676,0.0694777779185929,0.1172730933474468,0.1220221340273696,0.2724269426100447,0.3643725906478109,0.4982588098221778,0.1443871159379998,0.5130316859702141,0.3685397699692391,0.072318754581024,0.142749396547677,0.1036583804716169,0.262107631970603,0.3505589648375813,0.2257768286921058,0.156880826037491,0.5435736589889412,0.1443710711956293,0.4212569349247488,Low_severity,1
677,0.0913475880885666,0.1005602226452491,0.1728836777383759,0.2455831011204393,0.3202998179138288,0.2989072859798442,0.1320356460323991,0.5221203585321943,0.2226418493975991,0.0991294410567324,0.1246408732909025,0.1196836756241472,0.2761841012627208,0.3673544624024722,0.166483576275121,0.2492378973780128,0.5085244202473286,0.1416703928673706,0.493324979940126,Others,3
678,0.0638555007138133,0.0784550626424998,0.0795258307637535,0.2957570525995797,0.4643526149256795,0.7075602778744255,0.2218042600023861,0.7109286921143613,0.5529764299919505,0.0730305316109408,0.1060075198098164,0.1027010516603883,0.3019315860701568,0.3011633669324089,0.2484403867645868,0.13180557227928,0.4914082700415441,-0.0012737946718394,0.4792971537921943,Healthy,0
679,0.0327399051687119,0.0690186219714628,0.086425984778554,0.2830161274036319,0.422107670334271,0.6600972859529651,0.1972583302064922,0.718937376993461,0.4992619986263584,0.0546370475265766,0.0672024371592741,0.0376588773349475,0.1941389335553676,0.3684871447719425,0.1450637866110308,0.0859069608834626,0.8145549862111592,0.3098829185716257,0.691512306255312,Others,3
680,0.0583714377763824,0.1062774292612426,0.1019187304759344,0.2986271366586597,0.4542322476072439,0.6334853861906132,0.2066854902795841,0.6207828922597577,0.5003737975569474,0.0534301857979664,0.0857989540835427,0.0862251138012435,0.2161774591260193,0.3980584099614145,0.1085027149683393,0.1147240025226918,0.6439064739129902,0.2961092961008846,0.6453543525047154,Healthy,0
681,0.0891972538363092,0.1157527858125943,0.1501220711038048,0.1903079046763962,0.270183193364421,0.2856521971299089,0.1734567487359868,0.4001451429357273,0.1956868990584178,0.0936067725819158,0.1580595508336326,0.1075206893490184,0.1665910406409229,0.3733115120584629,0.2149670751907062,0.2097603853642982,0.5527725096851405,0.3828847824185793,0.4050878496342603,High_severity,2
682,0.0789871962931405,0.1510827671055735,0.1483477953675941,0.1703484003826005,0.2996381245015849,0.3377122414431476,0.2750924064277035,0.3295950113745558,0.2393869876593768,0.0810435939568992,0.1209095783575572,0.098020785830986,0.2432399440220027,0.3430859751339596,0.136180586794839,0.1199552244354793,0.5555688803474238,0.1702910068442632,0.4788330299817503,High_severity,2
683,0.095254136473113,0.1404661513053356,0.1595364436957628,0.213368305004789,0.2825596227407476,0.2782725031611476,0.1395188975351697,0.3358979054073731,0.1958768061366418,0.0559943347391171,0.1369661880630687,0.1525486771432653,0.1966966502575911,0.3808093241462997,0.1945377425769916,0.1449402213119689,0.4279689185334065,0.3188065267701378,0.4709437397739086,Others,3
684,0.0561798694683068,0.1030447734815371,0.0733197758462819,0.2835921422996384,0.3968832057284688,0.6881356404813613,0.166488122982158,0.5877615265928102,0.5002511371749336,0.0903221179023062,0.0913654883011474,0.0645102587430203,0.2319554599351277,0.4113177812604096,0.276270832902241,0.1632388286056254,0.7288505370866528,0.2788275803170874,0.6364888436377171,Low_severity,1
685,0.0536525212024419,0.0908384641313672,0.093746728406455,0.2678818739082159,0.4433724973153663,0.6509276752085309,0.2467339822534251,0.659915386665368,0.5056686255125245,0.0597135763587643,0.1110217792240799,0.0429742384295377,0.2429428230651731,0.3622853513655687,0.1690059718941067,0.1182847072664703,0.7879174755555327,0.1971860090826825,0.530867920431419,Healthy,0
686,0.0572316840888531,0.1182660382873274,0.0943809671044504,0.2313212817057369,0.409496838085034,0.625381526503402,0.2780438799662405,0.551821306188709,0.4708479498474985,0.1076844509709359,0.0801622773286376,0.1094039515576235,0.2561614832123575,0.3673840189340284,0.1398091650827094,0.1292413030868887,0.5410792288034915,0.1783711619101052,0.641769899569942,Healthy,0
687,0.0267262592992445,0.0910667587014725,0.0836210598343738,0.2576294591476668,0.4243813113948385,0.6707847657008525,0.24450032088867,0.6466501128447069,0.5070825148133183,0.0392554441992376,0.1140641693545015,0.0419173088864367,0.2051979208145237,0.3987437502083036,0.1826949867724011,0.1582271888478537,0.8097526068105567,0.3204710631508393,0.5551388151269306,Healthy,0
688,0.0808677976610541,0.1254184240044613,0.183841322188373,0.1464458688160609,0.2623397645549341,0.1759340426989502,0.2835077514421678,0.3531101201477261,0.1244451672090817,0.0823615145330801,0.1393655694645099,0.0624542445035754,0.1795598888136565,0.3042310500292924,0.2013506232639564,0.1462193455540794,0.6593577902646035,0.2576963543670407,0.3716563051199851,High_severity,2
689,0.049561524909635,0.128921886972788,0.0748807929035458,0.2696761280037079,0.4012013309836416,0.6854290923920948,0.196049518757812,0.5136153912678315,0.501475024632985,0.0582052701389591,0.1235636872614793,0.1145845935981951,0.2428293278026888,0.4307195701006385,0.2230160494636858,0.0909256443885094,0.5797406246783067,0.2789556079489227,0.5541496676283181,Healthy,0
690,0.0677463938763209,0.1456998409491833,0.1952527989032508,0.1503792657417477,0.2540917312669087,0.1309439158887201,0.2564150861055221,0.2711209986666208,0.0929677221921396,0.0649571835993801,0.1076006410065249,0.1210509638322103,0.2531294199892708,0.2775326038797766,0.2018891525856308,0.1262615098538766,0.3925943082546709,0.0459863016248697,0.4412290165275622,High_severity,2
691,0.0746734440070954,0.1074343280845413,0.0971592613205648,0.2568339885503141,0.4058651490959457,0.6136996165251076,0.2248850980475886,0.5813970874286898,0.4616625745636479,0.0628348471411818,0.1069278601516202,0.1022595272303246,0.2421495920827352,0.382337070066044,0.2020433004285955,0.1522814664990873,0.5779601928662123,0.2244843428696164,0.5629040483075289,Healthy,0
692,0.0916411300878066,0.1543302626094775,0.1947579391897473,0.1554723414213054,0.2468561291852251,0.1179722153942827,0.2271372633066559,0.2306306207492088,0.0829929029502313,0.127262573328145,0.1457842375687766,0.1082764977547378,0.1896300369498762,0.3442661248066856,0.1988274894873626,0.1805713266332046,0.5214749181330802,0.2896370098410973,0.4050234475407609,High_severity,2
693,0.0667130783596497,0.1226192396938416,0.1405238465813811,0.1956669873732543,0.3385342593860106,0.4133327676499174,0.267440918342032,0.4682064000880142,0.3033687351104333,0.0817414456905158,0.1159566909166381,0.0610665610623048,0.1683791356923373,0.3384235703261364,0.2993832197637935,0.1270189238984489,0.6942774989206068,0.3355239279791862,0.4896050695534827,Others,3
694,0.0534524806415073,0.1200213422824589,0.1312523109756669,0.2481227634723093,0.4305034032319978,0.5327068059795588,0.2687497899549103,0.5639747594985911,0.4227682812326286,0.0575782365951931,0.1099554379543391,0.0589318439802838,0.2685886406543351,0.342749291027294,0.2147565296112711,0.1037969145296801,0.7065740018924612,0.1213087664443829,0.5142288961651197,Healthy,0
695,0.0780849908793226,0.1191844285009015,0.1520200067745878,0.1966373358751815,0.3239138363996404,0.3611716882300514,0.2445033405039841,0.4620406445163863,0.2641989989802494,0.0422739268010604,0.1733052637339056,0.100601036162674,0.2029145468613189,0.3333713842076333,0.215633374263347,0.149749596661634,0.5363712925497361,0.2432598540973864,0.315913751154753,High_severity,2
696,0.0617137084508833,0.1328357495309472,0.0475948641075757,0.2892776511815023,0.4374232273966307,0.8037398400543458,0.2038604611363492,0.5341213206440514,0.5936363504152811,0.0316586735291643,0.0871151572269908,0.0447912547257522,0.2165195934298215,0.4170878136158141,0.1696936455241758,0.157997760284463,0.8060476960491813,0.3165496772223603,0.6544440938879329,Others,3
697,0.0337055108182585,0.0856606216138428,0.0617442170242689,0.2644864119911246,0.4840493656901797,0.773745170409698,0.2933232588817364,0.6992834125334352,0.605719650100234,0.0544780888233193,0.1341879222667177,0.0820552199557028,0.2059796872183736,0.3766793332642832,0.1503620171386283,0.0910747476552318,0.6422540252102904,0.2929666237802468,0.4746661845561375,Healthy,0
698,0.0682011954546679,0.1472512080106344,0.1377880106383859,0.2057281265089591,0.321730162601931,0.4002935306485644,0.2199264633579095,0.37203813525343,0.2875539365904366,0.0652699107079928,0.0930884649655691,0.0882177056472719,0.1884048829476544,0.305887837475753,0.1837456024780158,0.1295193128361059,0.5523143118048776,0.2376789090227014,0.5333634383999049,High_severity,2
699,0.062774200856072,0.1019958507042623,0.071558295722472,0.2176464277945798,0.4223507343333025,0.7102369409427831,0.3198518972460994,0.6109601793365156,0.5294132984049031,0.0659335209695167,0.1287839688662001,0.0884580875548187,0.2194383003730336,0.425676455483498,0.156545829318924,0.0922168468539168,0.655895178596369,0.3196921993152024,0.535461997969485,Others,3
700,0.0590115334145124,0.1527987130910507,0.1789430007070599,0.13803113485558,0.2638829101360252,0.1918133229088836,0.3131310708066293,0.2665925033714234,0.1351361504580591,0.0365648185462603,0.1480499421312125,0.1212431379243022,0.2097288136024774,0.3373469423385556,0.2921933622559795,0.1572564017276895,0.4712352353770614,0.2332732301700345,0.3899839621223054,High_severity,2
701,0.0770151875126306,0.1462605820791866,0.1577027974635921,0.2303869791473828,0.2652176190801771,0.2542199842117528,0.0702790895350039,0.2890968140373466,0.1747412122800614,0.0821536678562614,0.1148644859204711,0.1226246652680692,0.18539642296261,0.3705375491296644,0.2066234521712242,0.1722955030145163,0.5027004839865009,0.3330271857110479,0.526724333124779,Others,3
702,0.0775466220214589,0.1584405184888859,0.1579530461648505,0.2221172331715111,0.2791140114725017,0.2772136750882335,0.113713538232181,0.2757907522846689,0.1939471102737359,0.1094015672489518,0.100181949759265,0.131395894040625,0.2219882167349982,0.3508619382380403,0.1596722337399037,0.2323475346431324,0.4550803107964873,0.2249693403837998,0.5557773758820403,High_severity,2
703,0.0736620737924948,0.1197122828952041,0.165876369681805,0.2031040342649243,0.296912309172681,0.2831442199822642,0.1876104174172109,0.4253230117741196,0.2041506236552048,0.1185932242869288,0.0768999891562477,0.0994223195544307,0.2168251341126239,0.4221729097644459,0.1811333827103698,0.1653952887000976,0.6187759627929837,0.321359005116652,0.6918286313580505,Others,3
704,0.0660450310099235,0.1446120194428465,0.1377378437956921,0.193742618359988,0.3179646354073286,0.3954922341586459,0.2427599298872297,0.3747543550822503,0.2828706561930203,0.0395310859311757,0.1088609064886984,0.1105987848629319,0.2942419663048302,0.3858229627358084,0.2491269082825072,0.152926831319511,0.5544160367755309,0.1346650775833576,0.5598768698103916,High_severity,2
705,0.0730091669520068,0.1553258037910947,0.1379773268475018,0.2062295407595438,0.316450576398512,0.3927427173291117,0.2108766567174352,0.341527849577084,0.2804925059462664,0.0632071369337362,0.1369700692125196,0.1112606082464741,0.1771911512342249,0.3136393577304445,0.20665881630701,0.179470954960405,0.4762974010098273,0.2779945500617634,0.3920674490023191,Others,3
706,0.1008250077036329,0.1314093825816445,0.1562857604663748,0.2117953370857582,0.3701732670498515,0.4062756936519325,0.2721417080554197,0.4760210199527885,0.3125611946260985,0.0653961326143044,0.1007041847076467,0.0438252375362662,0.226465827797883,0.3489648306250705,0.2213305877418516,0.1830874659839638,0.7768516004418666,0.2128823013408996,0.5520964030259717,High_severity,2
707,0.0796129605917606,0.1427206273418156,0.1990322697986718,0.16791213482263,0.2485344577395723,0.1106029221903466,0.193595828029017,0.2704471697172843,0.0783620612178511,0.0904183873019884,0.1335237326904351,0.1364152549478318,0.2207951178783803,0.2966253921143968,0.2764685557598585,0.1526452164455188,0.369965586956881,0.1465544422216178,0.3791746862160058,High_severity,2
708,0.0669444346121215,0.1102809833663883,0.1197179650823758,0.2391097503324555,0.3216860026366963,0.4575582738822623,0.1472483553362128,0.4894008711786097,0.3218087736187296,0.0498480545207889,0.0821555965540242,0.0999477718100333,0.2057171802541637,0.3398693435656518,0.1752316085089065,0.2119610705819418,0.545503036075986,0.2458861380450683,0.610659993076585,Low_severity,1
709,0.1020800822908291,0.1305752065411272,0.1656158731179465,0.1929441282345997,0.2540288242684625,0.2106852575551675,0.1366630703083634,0.3209888816491757,0.1442072434089737,0.1214099322386948,0.1220386703593527,0.1280793841554797,0.224057290390008,0.2728708896990445,0.2488207769699492,0.162011718545573,0.3611208545928045,0.098230692612942,0.3819411698146467,High_severity,2
710,0.0798989836982558,0.1714703467504592,0.1828879696003836,0.1584260688099085,0.2678870441182626,0.1885620807078086,0.2567619244843565,0.2194493580207287,0.1340996659957955,0.0897445589624177,0.1042234047782676,0.085654946296044,0.2355137018215386,0.3016320899798216,0.217097721311333,0.1811151399729547,0.5576668554687602,0.1230920714030913,0.4864014107267899,High_severity,2
711,0.0842079592305277,0.101854708160103,0.1242385674639638,0.2266669509586983,0.4122793000578257,0.5368707176973257,0.2904975947567259,0.6037814790227637,0.4168390265416337,0.0734425055331918,0.1165096004786673,0.0857691880192555,0.2405912966811859,0.3818092542067968,0.2209182431079088,0.158073461927147,0.6331345490997201,0.2268924044558354,0.5323893551962527,Healthy,0
712,0.0588157756276998,0.0983704971300479,0.1264954693712839,0.2533610986988213,0.3816948126555358,0.5021728126449767,0.2020825436976448,0.5901786897537582,0.3796892528628786,0.1092594494060127,0.1037241529887164,0.0599080622078601,0.2830943920190118,0.3645429276757098,0.18100090047755,0.1469412354184243,0.717715054808597,0.1257625729398834,0.5569872097712195,Healthy,0
713,0.0913306159700164,0.1501009475577804,0.1495614960412095,0.1966082257452667,0.3702552909388452,0.4245607306754864,0.3063295838993715,0.4230838934825078,0.3246080046659674,0.0797445794314759,0.0932095633498423,0.1239151824510524,0.1644741171345207,0.3013769344137595,0.2047097499584523,0.197441542766748,0.4172702594887668,0.2938768020899281,0.5275582723781668,Others,3
714,0.0599065841874575,0.1124532312140475,0.0930155164843281,0.2785029089857854,0.4596572282803141,0.6633974902310802,0.2454133055267171,0.606882799124368,0.5224440078164466,0.0789063645542245,0.0950706654656375,0.0422989288461966,0.2245336183934115,0.321566093859469,0.2104465596482626,0.1082733682550382,0.7675020889248116,0.1776827075512629,0.543628048472541,Low_severity,1
715,0.0613318094871645,0.1429813646990484,0.1120329804967916,0.2411581952257249,0.3999718473900001,0.5623752965018407,0.247708953890753,0.4733197575204754,0.4267848220069246,0.057121855284067,0.0922339839256554,0.0632249888843724,0.2869728468239441,0.4538131446036804,0.219047608343577,0.158574254799418,0.7554339427235559,0.2252206436277308,0.6621757386617214,Low_severity,1
716,0.0420326649753733,0.086627700222227,0.0377570598243697,0.2946506932505298,0.4782595838524697,0.8536595271217047,0.237555245467996,0.6932920861756484,0.6503375610570348,0.03570457697676,0.0738440223888721,0.0875085578943794,0.2856495451820025,0.4112569754635358,0.1626134052215599,0.1199943681248661,0.6490994182968811,0.1802356938276086,0.6955519666387527,Healthy,0
717,0.0743833417202185,0.1421404238570864,0.1624737345208201,0.2104381021268178,0.2784138250670383,0.2629697482383012,0.1390517642641194,0.3240328722360334,0.1848362581130374,0.0729297595812606,0.1571917490314968,0.0988583319698522,0.2334999203892811,0.2891371471684048,0.2163317058981514,0.1972586785016239,0.490415031693576,0.1064548043618869,0.2956236964720569,High_severity,2
718,0.060818274014333,0.1039803763411359,0.1066515153402955,0.2408915879341306,0.4144290083141326,0.5906524596531455,0.2648130111788195,0.5988484027530453,0.4521349969622971,0.1229405755495355,0.1079408936375833,0.0657774339515122,0.2773422480100849,0.3833992263293314,0.2525696448912132,0.1316772833108787,0.7071199829911665,0.1605120647606965,0.560626583292845,Others,3
719,0.0727927024960289,0.1185787555150617,0.1051851343259675,0.2567278648380316,0.3910007932058169,0.5760253224060669,0.2072981127209837,0.5346015913993711,0.4303649313557436,0.089864252480902,0.0631589827658315,0.1195405546383873,0.1806276804017688,0.4483699313860556,0.2207167806322801,0.130470432048921,0.5790162091381342,0.425664972277514,0.7530580148316782,Low_severity,1
720,0.0697106066724537,0.099230082154032,0.1236357761619014,0.1805291001179647,0.3217928956951981,0.4448683527872865,0.2812216003970807,0.5286239118779561,0.3143924953281635,0.0860954369347603,0.1073387461167811,0.1295123660095378,0.2537569788450501,0.3703260038892288,0.1993421440402568,0.173533928812739,0.4817830170350137,0.1867844954423492,0.5505686944015417,Low_severity,1
721,0.0432084540199777,0.1086838315666891,0.0429411469291014,0.270970542221172,0.4578020143484542,0.8284903309730888,0.2563645823968846,0.6162875653455624,0.6218291817598911,0.0465739474483036,0.1320725494538886,0.0974769120319579,0.2858227808078266,0.2786018262614546,0.1524551279580465,0.1314505000816714,0.4816143423885476,-0.0127934793344076,0.356801606022607,Healthy,0
722,0.0517544439303687,0.1125687124609875,0.074093564824494,0.2592150362681156,0.469806880929337,0.7275473281813462,0.288869017094562,0.613415418714016,0.5686078366684001,0.0921735306504081,0.0948243347728668,0.109748184503393,0.2259869689572007,0.4810521905554987,0.2239817394048033,0.1065723472899197,0.6284762531084948,0.3607511948476689,0.6706782422888383,Low_severity,1
723,0.0880799207430842,0.1325409217191163,0.1546627207801237,0.2371900497198839,0.3109612574799319,0.3356754462771972,0.1345818331381929,0.4022986675804783,0.2427941003206656,0.0534951036896425,0.1641457177813932,0.1035822567423329,0.3021484020876448,0.2592482480972141,0.227469835289005,0.2004481404555459,0.4290322596324161,-0.0764168328690674,0.2246194749574867,Others,3
724,0.0654068030921068,0.0969903738880953,0.0810732013904424,0.2308273345682581,0.463926861265159,0.7024836988260145,0.335513665257218,0.6541722457089575,0.5495506750044467,0.0355198125632146,0.0900063680045054,0.0756893705449469,0.2559003600094077,0.3746350342046549,0.1756886734615861,0.1476768498549804,0.6638451314357117,0.1883077068865345,0.6125770644778284,Healthy,0
725,0.055709834208497,0.1050374586379394,0.1092511144791937,0.2316720097157356,0.3854326666631566,0.558299185686237,0.2491646277089861,0.5716866197570842,0.4164864614562941,0.0645301944928054,0.1318145856196418,0.0779088196214912,0.1705655063323404,0.3121683292699369,0.2069049377613245,0.1410399887896369,0.6005466106235515,0.2933351932145533,0.4062177565890123,Low_severity,1
726,0.0735187149908987,0.1507658168168138,0.1758091860310544,0.212816823033573,0.2825083894864917,0.2328062661244212,0.1406986050606008,0.3040628100013274,0.1670101950250892,0.1291832289352928,0.1558410261829365,0.1208059071363496,0.2290693021937305,0.2931434655045475,0.244116809924738,0.1532844551764292,0.4163252072801219,0.1226974277040992,0.3058066411282207,High_severity,2
727,0.0810983885666042,0.1162889480511675,0.1531307399781709,0.1819705636089857,0.3053686322351429,0.3320351160396884,0.2532077651017115,0.4484199811031217,0.2382441188857003,0.1253153659162018,0.1381824982261451,0.0957081885568,0.2012808134931892,0.3438615284146377,0.2220669143654111,0.171511136972516,0.5645369329979621,0.2615476802305628,0.4266810059276258,High_severity,2
728,0.0790992897216917,0.1226011246142643,0.1286653186444219,0.2375902899465933,0.4102826789322589,0.5225316014793594,0.2665528541567504,0.5398579435204746,0.4065901675705167,0.0653514626744055,0.083098993600737,0.0806141642967249,0.2743925080260506,0.2804096950060764,0.2401477334981026,0.1591025783960199,0.55341364721764,0.0108456436314427,0.5427950076284394,Healthy,0
729,0.0850172984349934,0.1586352686044331,0.1413718577453556,0.2190916184424312,0.3491328163124564,0.4235657060071432,0.2288553429176633,0.3751664457981906,0.3146289422077596,0.0659569643356467,0.1001975344181065,0.1213458037286692,0.2448596355297341,0.3391726178466931,0.25941478098057,0.1056360576734527,0.4730034758932595,0.1614859141283954,0.543903772699974,Others,3
730,0.0281396926317866,0.1160771253431991,0.0699307207548624,0.294836797376208,0.4895229733893826,0.7500035427888977,0.2482103025543331,0.6166542060144017,0.5940687945405273,0.0299470426761062,0.1361489262664318,0.1060992579495914,0.2399923226948714,0.4434779545126605,0.1875832508156731,0.1267890185659115,0.6138877102482523,0.2977241858258627,0.5302187293887047,Healthy,0
731,0.0530277880766899,0.0868591205198509,0.1016383055841971,0.2859646503026299,0.3951937583917047,0.5908544840249,0.160357864917866,0.6396282469426458,0.4417325597001525,0.0745949433126527,0.0946027334216559,0.0987475743007289,0.289317022845465,0.3384368225691431,0.2385897191997242,0.1526921856898055,0.5482566394970351,0.0782469117194117,0.5630757878217204,Low_severity,1
732,0.0356617385735144,0.0901437065705967,0.049455878100705,0.2898483287580565,0.4727624714978533,0.8105931048239767,0.2398525469065165,0.6797203154532256,0.6211587674444325,0.0715244956893776,0.1334893015854283,0.127298448110304,0.2822631088881013,0.3348220842042259,0.1753152059139889,0.0498956666611814,0.4490682010049197,0.0851729646156991,0.4299122095426222,Healthy,0
733,0.0452177790550756,0.1064352762900005,0.0739239153181186,0.3029572558197199,0.4528139832707806,0.7193142338299311,0.1982831837202474,0.6193637292480572,0.5535347460243616,0.0861699004843129,0.0992996395454616,0.0591019844658991,0.2275630745855753,0.3817433337435557,0.2018176685499584,0.128513394341738,0.7318697419496307,0.2530422412276622,0.5871485706712484,Low_severity,1
734,0.090048000997843,0.1258998684242873,0.1238508816463261,0.2065736059266291,0.3260001645711117,0.4493693737617221,0.2242441615794691,0.4427977020060578,0.3192331319681096,0.1005779828419984,0.12701298160773,0.0525561762782369,0.2243538124854848,0.3301659323593783,0.2497178548854589,0.1736616334431827,0.7253559431655394,0.1908175873944692,0.4443620310237318,Others,3
735,0.0521555762446651,0.1040810550618373,0.1360585395169303,0.2033544964908221,0.4091447656118202,0.500888794191004,0.3359845176213645,0.5944044478306992,0.3919135512988793,0.0753757794271603,0.087883388492513,0.1222647129423265,0.2460693804913579,0.3229486643280015,0.2476405334501826,0.1681325078685192,0.4507590329295566,0.135108692134798,0.5721687833791889,High_severity,2
736,0.030249606950211,0.1073909278355904,0.0678510091502597,0.2683927628248018,0.4092733687716082,0.7155835572863111,0.2078908763153431,0.5842912756279117,0.5241231832954777,0.0816875082412368,0.0955989049139315,0.0586491498041615,0.2401623121237693,0.3373479755396273,0.2117753544456381,0.1483860377773488,0.7037900224490533,0.1682838652261429,0.5583804423592043,Low_severity,1
737,0.0654904286879128,0.1323694408081948,0.1620286810896203,0.177605318251123,0.3326241974192103,0.3448792552140066,0.3038218574329739,0.4306612825379795,0.2572689226798564,0.0675633111351621,0.1043771876064766,0.1015738305755454,0.2140132854290105,0.3554228801156685,0.2443062013659004,0.1492576582537592,0.5554723778124636,0.248332654725919,0.5459888115129587,High_severity,2
738,0.0649797296594133,0.1445532840432584,0.0944606922235113,0.2493806271243978,0.3621604132797463,0.5862622595186308,0.1844189984057597,0.4294478921452445,0.4197582295376034,0.0874942370088983,0.1235591927210552,0.0440442004486726,0.2397431482980079,0.3855731357220913,0.2677772880543604,0.1091210102382133,0.7949607860742098,0.2332099629431624,0.5146283753032086,Others,3
739,0.0628146656456147,0.1046402988182491,0.0963173507729685,0.2492587359107031,0.4203056051247862,0.6271270965666078,0.2554599442221744,0.6013292111348518,0.4780360100156968,0.0612828383738506,0.1165493041716524,0.0614834218469832,0.2131421542910563,0.3311611954157853,0.1702139003822851,0.0780012405742377,0.6868240686674849,0.2168258585737039,0.4793541617672497,Low_severity,1
740,0.0847497818873293,0.154920531582688,0.1770874357454208,0.1759631001272757,0.3509125243647034,0.329214207862872,0.3320507081839596,0.3874637896389264,0.2536358395393249,0.0952207977024929,0.1402664878075354,0.0717505830883962,0.1527916191402504,0.2896340729113172,0.2234929335392277,0.1973422381201795,0.602912952184372,0.3093004231660146,0.3474468255031318,High_severity,2
741,0.0843473510297404,0.1072806253822122,0.1543313121125397,0.2253036148577089,0.3126494936981698,0.3390250297563714,0.1623670863710383,0.4890548664756439,0.2455863352730626,0.0885775704065363,0.1108804131372641,0.0912335255890708,0.2366729633694444,0.3502433836878409,0.2061366915323429,0.1731647851716374,0.586689479463373,0.1935035902268224,0.5190861373857101,Others,3
742,0.0494595593337177,0.1113197642889822,0.1303872430253113,0.1913992423398445,0.3165736167208839,0.4165608008748185,0.2464194142429069,0.4796845698979601,0.2949219681774508,0.0819623876591669,0.1001142000963505,0.0927712179438679,0.1694355857333933,0.3054487900706698,0.2013850175997327,0.1876370596519627,0.534070533490215,0.2864133066222322,0.5062951870676309,Others,3
743,0.0728667866307956,0.1231530272017283,0.1060865090945727,0.2633111493997485,0.3990857164505728,0.5799986470748989,0.2049746519807729,0.5283650296013969,0.4372373209930688,0.0916234165890121,0.1207322760409007,0.0928264832151492,0.2119217533266456,0.3746133203754192,0.124844112961783,0.1146148692648349,0.6028302147052237,0.2773773885709929,0.5125331610319611,Healthy,0
744,0.0458943294414704,0.1178233296475417,0.0816806244397513,0.2634427270405002,0.426766420336276,0.6787054806239184,0.2366292795691094,0.5672950890058333,0.5132928858547555,0.0348869439031285,0.0850439613940397,0.114931650444224,0.1979810822854156,0.4436748882446919,0.2277753991151314,0.1483783816094959,0.5885058892651858,0.3829058206320359,0.6783017611263552,Others,3
745,0.0672189832507964,0.0977683709486498,0.1285300487925557,0.271546984589097,0.4225197304945619,0.5335083920772727,0.2175190693120436,0.6241760260230707,0.4195657819861875,0.0506283952540368,0.1430251940804475,0.1090745583919192,0.1924335624573659,0.3653970422612482,0.1582663189630581,0.0910649910110324,0.5402272412436699,0.3100645219907395,0.4373763228391746,Healthy,0
746,0.0485936746308279,0.1197308967996423,0.101204388344707,0.2236158651298468,0.3544729534376912,0.5558067998341001,0.2263615626264813,0.4950235147195942,0.3975220830609352,0.071282946551626,0.116821808186464,0.0514883774070911,0.2483421364839931,0.3074795247860569,0.2100769083968909,0.1182061459038872,0.7131310231777376,0.1063963361322319,0.4493450804500312,Low_severity,1
747,0.0785769792653793,0.1154973110785884,0.1518859585277458,0.204789196407601,0.3083557469368727,0.3399730762147447,0.2018270897385566,0.4550124912658981,0.2444225045402782,0.0528448923943539,0.1199571215981384,0.1297316184610893,0.2141373812018637,0.3443250170353924,0.1775387319684753,0.1670279400119503,0.4526746015263733,0.2331179972804901,0.4832576503968269,High_severity,2
748,0.0462707746006708,0.091404333029741,0.1023735134518493,0.2939717764853705,0.4482184347955437,0.6281329075816755,0.207826317250891,0.6612287750640822,0.4937857965511292,0.0572276314904379,0.1186157057809169,0.0763690975511639,0.2498906847146734,0.38994453637969,0.1911436674086353,0.1357841881221563,0.6724560810825955,0.2188905003158013,0.5335234808093503,Healthy,0
749,0.0804643387132987,0.1344682333003431,0.1256895195306134,0.2404111239370002,0.3112144506242289,0.4246354891851038,0.1283539595558938,0.3965741180866668,0.2970287302704359,0.0700956797965356,0.1190480832721977,0.0965556019492216,0.1938478539147961,0.3458828322868779,0.1801434270765672,0.1975240638923896,0.5635297728329975,0.2816867416637357,0.4878891495995986,Low_severity,1
750,0.0620556256424507,0.1327700398494505,0.1448711361926826,0.1871786307244696,0.2724504975119567,0.3057099153636708,0.1855232002259537,0.3447023158599889,0.2086171686653238,0.1147543508913828,0.0881959157473664,0.1149529294147195,0.198441912165412,0.3426594867433509,0.1917711564938604,0.1595042975416021,0.4975969822680159,0.2665259688272509,0.5906008594181821,Others,3
751,0.0544785358882023,0.1031958857777831,0.0835902637671279,0.2272254368969413,0.3845959753978293,0.6429187499563549,0.2572164611085367,0.5768855776762086,0.4663447477165858,0.0749182317359485,0.0869299556987342,0.0909756614554215,0.257728674205233,0.4038779607648552,0.1938327050114024,0.1043253405091357,0.6323128401193148,0.2209005757117743,0.6457679153788338,Healthy,0
752,0.0634636220079933,0.1168368036275981,0.1179262381831318,0.2180138233800851,0.3409299171099612,0.4859991009260546,0.2199078097235886,0.4895356156981038,0.3488589154313724,0.1061778345617973,0.1533345848976348,0.0910494210410316,0.2213766142640209,0.3340215178906189,0.1994269247609114,0.1329922350923509,0.5716036421126782,0.2028182975509794,0.3707492980168729,Others,3
753,0.0845026726977396,0.1263986879963145,0.1689239711885634,0.1906235250825687,0.2541966238345269,0.2015327394813055,0.1429186580390421,0.335784314376981,0.1385615050282198,0.091191121901615,0.1301591407964588,0.1075104861774555,0.2455716656556571,0.3263711830055099,0.2070750199129236,0.1425041938750457,0.5044248521496355,0.1412720126477538,0.4297897247547633,Low_severity,1
754,0.0724245499594736,0.1440892055696152,0.1314406259701737,0.2511160572854958,0.3493288945894317,0.4532073255510055,0.163566763276567,0.4159549253536911,0.3332407829541884,0.0647167445819446,0.076819575854114,0.1285104909312215,0.2659499112656773,0.4412506541510353,0.2078742565432869,0.2090630384489538,0.5488969648407023,0.2478798115525591,0.7034395284463633,Low_severity,1
755,0.0917492266389463,0.1346576938503761,0.1452346155440165,0.2121560150965991,0.3143033050010791,0.3679102026150886,0.1940269380842717,0.4001363405959037,0.2642970421028559,0.0863759412280691,0.1355847119051887,0.0905067197310405,0.2155650613369619,0.3809809516850358,0.2516498840298059,0.1829655054679803,0.6160802276792915,0.2772894072497541,0.4750533321829774,Low_severity,1
756,0.0560530972555993,0.1019335243490008,0.110359493288127,0.2216084083993335,0.3639842674290305,0.5346855912206998,0.2431312154447558,0.5624398718065561,0.3904547620147306,0.0922209409678402,0.1045025999276362,0.0658207687128097,0.1820853981797204,0.3932686158433719,0.1721871765915349,0.1749651139657286,0.7132551048792337,0.367049177578477,0.5801179472952449,Others,3
757,0.0705415065489006,0.1085761672159922,0.122099178492439,0.2273426834787157,0.3572004416618803,0.4905100135354711,0.2221525711245527,0.5337843715356642,0.3601062305105261,0.1008225932600702,0.0947863744196615,0.0894888315702466,0.2181651248713466,0.3711393998299693,0.1610926647993454,0.1302903971574605,0.6114487759544445,0.2595844229028385,0.5931267182103669,Low_severity,1
758,0.0828030075367577,0.0978052118669413,0.1031633334884083,0.2389849742652873,0.4080492861718201,0.5963975476310633,0.2612911282198882,0.6133069400543436,0.4522579328359075,0.0753620775711348,0.0922614949513737,0.0675003512587345,0.2305235236624344,0.3118995030144864,0.2082510393374843,0.1469379939855323,0.64417302485243,0.150023091480077,0.5434418688803457,Low_severity,1
759,0.0585322452873481,0.1206890553286333,0.1449300585938481,0.1868316344200711,0.2684026267226962,0.2987244234853785,0.1791846512120128,0.3796369293100856,0.2027835586865941,0.0482116505211824,0.1529489621383354,0.064169682640594,0.1977916190679821,0.3742555980324129,0.2457383350362956,0.1838670672283343,0.7072719778289699,0.3084779956782154,0.4197737512406981,Others,3
760,0.090596792318972,0.1623034800190456,0.1763242321076374,0.197632356411516,0.2615508271125166,0.1946367878468939,0.1392003736078789,0.2341543908451192,0.1363080201894035,0.0492888933075582,0.0818117326665406,0.1083846539794196,0.1842001877183072,0.325186891977029,0.2863067096234765,0.1544617192515892,0.5000379753227319,0.2767771501841896,0.5979753851100231,High_severity,2
761,0.0854544809225693,0.1286055786868506,0.140572015069622,0.2013694126865568,0.3114275192604254,0.3779992925082211,0.2146231767729208,0.4154731574202633,0.2692052328224716,0.0750189041629627,0.1044331056653376,0.148132801879649,0.227692605355636,0.3144561649865188,0.1822748347571138,0.1483464303378306,0.3595489192784596,0.1600364408760449,0.5013808517805978,High_severity,2
762,0.0686690701925034,0.1564894968365013,0.1409133570253543,0.2315015924273381,0.3461792799217398,0.4214104409028064,0.1985139079091835,0.3773653583748846,0.3119250137422319,0.0296224050600497,0.1270674412452727,0.1040395954982438,0.3007966169113881,0.3320654975396444,0.2050478997236386,0.1339034827314409,0.5228691562691519,0.0494086783111991,0.4464895436099477,Healthy,0
763,0.0419961531424584,0.1084003057098708,0.0806200534271815,0.2621948686804546,0.4223214567238737,0.6794058481950802,0.2339266166498452,0.5914985463841665,0.5110488495663539,0.1125431521844091,0.1543743383662432,0.0929662742264047,0.229252650262511,0.3328780970085925,0.2321694803976875,0.1201345577055122,0.5633791098058104,0.1843440289454673,0.366347596610839,Healthy,0
764,0.0809477616478717,0.1250190706465945,0.14211158001249,0.2227890806655267,0.3193155941541236,0.3840346300836808,0.1780588103592902,0.4372751866989043,0.2764702604155712,0.0930644846924359,0.1366258304534914,0.0430671751181437,0.2300519172219632,0.3882601911990507,0.2817015915128722,0.15272295335075,0.8003039988588505,0.2558712207352765,0.4794076244463853,Others,3
765,0.0476599656187195,0.126078298237427,0.1139237183705381,0.230768375686839,0.3727623331970889,0.5318389832476719,0.2352721334972839,0.494514719561381,0.3934969199402076,0.0619687133545022,0.0970818275413275,0.1064533442814357,0.198732148556187,0.3880660438035167,0.1653810330807245,0.1163716928067883,0.5694674593298317,0.3226558938192317,0.59978458826496,Low_severity,1
766,0.0551472172425584,0.0706561076147361,0.1101001607835634,0.2562437358025002,0.4009747930953323,0.569142804013625,0.2202175546321688,0.7003754100574869,0.4315327432390474,0.0490386560215683,0.153606297026684,0.0914376078804496,0.2804002254717216,0.3773048012705898,0.1664158496603046,0.1431674058904121,0.6098598885214742,0.1473374413433446,0.421348329242592,Healthy,0
767,0.0648115508991885,0.1234257373661977,0.1288851112856897,0.2530365434391345,0.3821415736536905,0.4955836355161042,0.2032579944747822,0.511733711116689,0.3757415102992841,0.1002724658977093,0.0862977387630727,0.07921205435683,0.2609345997280728,0.3527171498489737,0.218822018639512,0.1539330558168519,0.6332174181068457,0.1495678129886554,0.6068573481145269,High_severity,2
768,0.0723065674346372,0.1177293356561128,0.1242606835300082,0.2324993805470035,0.3427033537319127,0.4677933476050097,0.1915915321978827,0.4886143474626429,0.3388585228367728,0.0523280407531272,0.1258654706223924,0.1011015378652294,0.2605159078290788,0.3302690288223371,0.1826671728666543,0.13789469031347,0.5312543521846016,0.1180685502724913,0.4481212415390047,Low_severity,1
769,0.0516055217537303,0.135240703964184,0.0856806910856904,0.2570732075636111,0.4471772213923387,0.67841073922601,0.2699380873797359,0.5355887994642421,0.5249945698329606,0.0520146889464142,0.1286696764245338,0.0956541433067886,0.2819625188478676,0.2812531483372917,0.1687333043641548,0.1122450899647363,0.4924261460183349,-0.0012595006707131,0.3722248742831346,Others,3
770,0.0514272813362069,0.1280409336350237,0.1163157300810968,0.2459288018389986,0.3749520730619512,0.5264671149343454,0.2078068055221316,0.4908838416031448,0.3913720522760656,0.0578363892605369,0.0947574817812737,0.0618069093083867,0.2278053594769074,0.3089304672094218,0.2047162424664448,0.1409159770314465,0.666573087996064,0.1511453189800282,0.5305409437255322,Low_severity,1
771,0.0553055319497963,0.0899368801623648,0.0873926425868504,0.2629601514819191,0.4235411155760344,0.6579100864226324,0.2339121161163992,0.6496952901242341,0.4987692867236646,0.0742971598780706,0.1309109540199897,0.0945502688300563,0.2373529918897603,0.3465130213201823,0.2412752996185466,0.1151629004877089,0.5712621252253848,0.1869607529136498,0.4515945541833602,Healthy,0
772,0.0908584693783692,0.1551702196557324,0.1638463763260526,0.2258792209273555,0.2615786323142345,0.2297285161973593,0.0732358934202788,0.2553298279179672,0.1584119540897945,0.0983929800758822,0.1154218169646354,0.1465242984335591,0.2718254831273206,0.2924068666079278,0.1819080626889598,0.1650032329365396,0.3323586470798447,0.0364767874267836,0.4339691070596369,High_severity,2
773,0.0767995683785533,0.0972854841611437,0.0937744707580088,0.2978541291827874,0.4170551155071205,0.6328541913806132,0.1667358300507592,0.6217079335215215,0.4797257358833164,0.0955226275297702,0.1279886617103784,0.0735115781037965,0.2704141662990854,0.3970915966617472,0.2316194715839636,0.156816551322569,0.6875857110805923,0.1897772834211393,0.512498671699546,Healthy,0
774,0.0444441866658196,0.1034739548813572,0.1068103498417413,0.2384929853270525,0.3564559000319688,0.5388813673741237,0.1982740326233768,0.5500446262578151,0.3887485161391631,0.099194698134989,0.0725304893232437,0.0704330685278215,0.171012686243352,0.3922685256057612,0.180814113103821,0.1040826439221516,0.6955572687848257,0.3927981880242036,0.6879060110128576,Low_severity,1
775,0.0545437286493409,0.1058680980861504,0.1025466382345909,0.2741621333381951,0.4176349476045229,0.6057275342833552,0.2073914710232893,0.5955397052314167,0.4632826847841514,0.0700408244320128,0.119830176917263,0.0765073355359413,0.2635970236114132,0.3776311635939496,0.1936060975632752,0.1909800830952689,0.6630660660458165,0.1778370668318972,0.5182332086585044,Healthy,0
776,0.0412528871589237,0.1041080286335249,0.114541051911802,0.245946929002522,0.412470514037959,0.5653186407574174,0.2529149049673624,0.5969324312421856,0.4351403703773833,0.0943294198463503,0.103272117666901,0.1093818903697561,0.2287931853294901,0.4322386278310737,0.2430104325702282,0.1283675573359103,0.5960939931407919,0.3077695179735122,0.6143042187851239,Healthy,0
777,0.0862102479339446,0.1538583953289842,0.1632453056068566,0.2013839326314025,0.2920095039974025,0.2828398419392365,0.1836781048106652,0.3098476227535907,0.2021934835018889,0.0674548778256385,0.1541333023834737,0.073270649642073,0.2525114160734629,0.3061642908363805,0.231210772206089,0.1694842707880536,0.6137907091546106,0.0960358112932515,0.3302884713983099,High_severity,2
778,0.0720578043122198,0.1470937370832848,0.1652517044782805,0.1848910068871665,0.2834589805807299,0.2634376225894949,0.2104579402819344,0.316721362803843,0.1868967188270311,0.0470591255938003,0.1298926850836846,0.134310012485879,0.228009358258678,0.3138538541142041,0.2248163724649139,0.1471499547806513,0.4006209670369078,0.1584246612343418,0.4145636140916065,High_severity,2
779,0.0346680788663301,0.0964015127947117,0.0254971737691502,0.3092734708347319,0.465500572200643,0.8961413815911129,0.2016421468559422,0.6568743367609724,0.6660006042711594,0.0510611416017408,0.1378890528337138,0.0534999348315093,0.2061316667205721,0.3963209907340859,0.1934465116437707,0.1492475540903488,0.7621278522592532,0.3156917338817248,0.4837646558915229,Healthy,0
780,0.0669836640957369,0.1443756035282374,0.1683472669274137,0.2196306576056047,0.2937580748793758,0.2713900849135767,0.1443884771583679,0.3409518115431469,0.1955255872238162,0.0645160987482867,0.1381232677685292,0.1144645449837006,0.2335572449901342,0.3810303700645921,0.2138797916857976,0.1534553403625615,0.5379789317412289,0.2399545995754017,0.4678905907506014,High_severity,2
781,0.0635457525198824,0.1357452420128147,0.1250511952735263,0.2093264274852536,0.3580910235606599,0.4823420914228,0.2621783940574799,0.4502419061703434,0.3555535869929475,0.0633128578072911,0.1164883723945081,0.0810913815563093,0.2418856850438021,0.360288210703473,0.2223565173802696,0.1324476394151268,0.6325549120151371,0.1966251385120866,0.5113502779956419,Healthy,0
782,0.0753548240894138,0.1395258199269907,0.1332513967190062,0.2314055864176663,0.3548481261610166,0.4539990699734404,0.2105616341436519,0.4355454164562601,0.3363983955727258,0.0597938937434108,0.143577604496623,0.0889095348007143,0.2391035990204787,0.3477136733744618,0.2085223123865068,0.1364777608133305,0.5927402248162527,0.1850832950276319,0.4155092469022098,High_severity,2
783,0.0804889324247633,0.1529133709339777,0.1716569822607174,0.2011078824483577,0.3180755195523698,0.2989765570991956,0.2252915571901279,0.3506710072244892,0.2219062277283439,0.0724399600365134,0.1456621710340547,0.1510417378187251,0.242097124070865,0.2699214697818339,0.2511198023020272,0.1500193354232967,0.2823993399345024,0.0543424517098172,0.2989994950326458,High_severity,2
784,0.0564989977587656,0.1190120861692577,0.0867812417257101,0.2338691896101637,0.4080394368628341,0.6492416526599089,0.2713318376941876,0.5483853818139478,0.4843961359844166,0.0867136880743622,0.1267386751000558,0.0485598098171412,0.2887323600660449,0.3354457254212996,0.1422894344771249,0.146167500911082,0.7470879695159137,0.0748398036415871,0.4515666259739988,Healthy,0
785,0.050881073347039,0.1247224907104917,0.1241569679755138,0.2515763510229256,0.3192391464226226,0.439972683820002,0.1185370679361268,0.4381384323389373,0.3101807005611313,0.1162015332071477,0.063796325004166,0.113159989289642,0.2454849157912866,0.3952505479960675,0.1725623564236592,0.1526680043009573,0.5548479781958182,0.2337401949308752,0.722048754685086,Healthy,0
786,0.0576958107207567,0.1193424332317617,0.0847604862158583,0.3041709245670625,0.4230354531514212,0.6661631980694017,0.1634536387830932,0.5599288384429159,0.5034872939872244,0.0311226254477445,0.0858134138811107,0.1279347575374597,0.2525264580513477,0.3032596744678954,0.1292254270427287,0.1221534168446883,0.4066029241496749,0.0912819040420932,0.55888280916446,Low_severity,1
787,0.0454716858349376,0.0959651856574407,0.0516175269224587,0.28817480820991,0.4350609265849819,0.7878783145197548,0.2030957698968351,0.6385669802481166,0.5829306370775506,0.0392511128526029,0.1432669600419844,0.0954402024649947,0.289276477336808,0.4455606859893818,0.1718518331463032,0.0981520636900122,0.6471717348277761,0.2126786946174088,0.5133823589718042,Low_severity,1
788,0.0632300897142532,0.1016458244260621,0.0762256030581246,0.2881659097826894,0.4825092105277936,0.7271492622093318,0.2521727971013373,0.6519902479858228,0.5756166732067581,0.0518400502308706,0.0791749169545644,0.0425547147302393,0.3187784858619124,0.4056224987017193,0.1255434615278848,0.1007153132982545,0.810098713388962,0.1198838967510798,0.6733690634576376,Healthy,0
789,0.0487130335502867,0.1364707324443088,0.1179547544708382,0.26717246724356,0.420352223996443,0.5617565471408518,0.2227989171946853,0.5098236131763011,0.436861365371918,0.0902544182282291,0.1373850680940727,0.0528473820174203,0.2706359287757944,0.3402976440025602,0.1679256280643371,0.1206517350430701,0.7311557897480075,0.1140250238826518,0.4247852617857336,Others,3
790,0.0497954535895387,0.1491561623006292,0.140234912107569,0.2466517421665431,0.3217366355610414,0.3928850691551038,0.1321013876017092,0.3664963109312819,0.2830152158242385,0.075103100171412,0.1400749666101421,0.0809800835613702,0.2369622959706045,0.3138736778240946,0.1728747368643803,0.1642389842937848,0.5898224027182776,0.1396266502415392,0.3828598528597007,High_severity,2
791,0.0712142106248266,0.1278243900845783,0.1635789630234258,0.2260183070689686,0.3151290865564314,0.3165815232603985,0.1646700705522537,0.4228541062420728,0.2322706811260981,0.0650464214866576,0.1058297045546634,0.1093717595117079,0.2410222677031928,0.4179242928127363,0.2677158304179476,0.1738082018600938,0.5851599532005913,0.2684618688517566,0.595880107506171,High_severity,2
792,0.0862451626694977,0.1200292028325195,0.1590852266003495,0.1875037893029863,0.3136216013795994,0.326918008440117,0.2516691718709907,0.4464246270655703,0.238308764265869,0.0962573346348146,0.0735354475681338,0.1102318421458408,0.2367028958513569,0.4003534579595081,0.1797208428504884,0.1765978619605573,0.5682138043414228,0.256885534739894,0.6896511114297674,Low_severity,1
793,0.0677417717028673,0.1429201617792971,0.1275474732067484,0.2679268500016933,0.3384769528477189,0.4526146438863224,0.1163417882845058,0.4062275928262224,0.3275219662443779,0.0989660805428475,0.1062634646893866,0.0628042708010176,0.2347045630915514,0.3486419603144844,0.1613081694024162,0.1460501223795266,0.6947145651049258,0.1953168359651428,0.5328107388981681,Others,3
794,0.072006631093691,0.1432894777892466,0.1181568854059351,0.2249856654750579,0.3257331148880718,0.4676298843061348,0.1829381038115017,0.3889868845280638,0.3298735489582682,0.0820236819516569,0.1775919773010845,0.0836407934327209,0.2900823228272378,0.3420484652447527,0.2292062520100147,0.1692004609506179,0.6070335733037985,0.0822078965272558,0.3164813099187553,High_severity,2
795,0.0667160606466703,0.1393259886432318,0.1448940901474489,0.185760886290578,0.2921463802441708,0.3369305592335033,0.2226069813187438,0.3541834949825467,0.2357192054391956,0.0659272950650917,0.1057142026099018,0.0884587433304389,0.1997601626690195,0.305440307089398,0.2841031114262813,0.156362782412568,0.5508557675569147,0.2091845727517114,0.4857689743584886,High_severity,2
796,0.0830378161237894,0.1115054515754943,0.1272838672566261,0.2179625666867169,0.4335282535798908,0.5460730518207513,0.3308806205511208,0.5908309870718731,0.433032928698682,0.0818420752040789,0.0983103374991899,0.089001785211855,0.2728553253974804,0.366349352991986,0.1958962727903733,0.0886062952790354,0.6090850434109917,0.1462661816400846,0.5768501571751599,Others,3
797,0.0479158096593748,0.1193006976383095,0.0875593510896973,0.2533373543737034,0.421795375303767,0.6561949990739465,0.2495183739803883,0.5590406081136704,0.4967074738060598,0.0698853958329894,0.0922230642210496,0.1477513937018913,0.2361896988810909,0.3372653229011433,0.1958420415899899,0.1321381013911075,0.3907369018671598,0.1762572829267771,0.570544550277624,Low_severity,1
798,0.0648909066663734,0.1299891384111792,0.1458865244449327,0.2003670135104939,0.3513205646189415,0.4131760079302037,0.2736214428105745,0.4598524085725967,0.3090141091458639,0.0767104184596238,0.1555269945684854,0.0810408546401948,0.1815620052500303,0.3350967854051038,0.264359313438302,0.1453443122124491,0.6105093755452011,0.2971686206294645,0.3660030315821317,Others,3
799,0.0505237321197117,0.0844549134264491,0.0661271745054458,0.2962866061332095,0.4968939868335045,0.7650987954051841,0.2529151399808814,0.709451885472959,0.6078432320935325,0.0550359391182789,0.1011371002693944,0.0461639176597393,0.2517329798373662,0.4689806977455179,0.2005655077526363,0.0850511282521781,0.8207729779979441,0.3014341543187483,0.6452063043057322,Healthy,0
800,0.0260742119278762,0.1019513871766298,0.0970829410559759,0.2914980482473155,0.4443626381221243,0.6413935405905605,0.2077357748638618,0.6267663561414983,0.5001889258681456,0.0891065230495077,0.0943602204001821,0.0470368394683048,0.2360829417705389,0.3836498407352733,0.1924111838021705,0.1054958960062148,0.7815728155508718,0.2381137534278339,0.6051956723419551,Healthy,0
801,0.0926099028299798,0.1387591384990786,0.1533191490893952,0.1841896806729334,0.3134447719480591,0.343054841305558,0.2597390325254844,0.3862983698576419,0.2484457984636462,0.0894626427730264,0.162725739337126,0.1291494146958617,0.2393967639648558,0.2890652358005175,0.2049375190009095,0.1656777424700244,0.3823773770594873,0.0939868370057138,0.279641478949199,High_severity,2
802,0.0894236673642865,0.1346890939886104,0.166147734344788,0.160264460164014,0.2648390926709207,0.2289892686732525,0.2459980205046943,0.3257592405945093,0.1590108830688119,0.1091754281482529,0.1446473621945954,0.1153924540449452,0.2199589891863949,0.2673250855929283,0.2488985542096006,0.1338626189209134,0.3969837172650654,0.0972042774596811,0.2977813784809326,High_severity,2
803,0.0987651052614093,0.161126584208754,0.1931363107015957,0.1733882386383465,0.2816955063099582,0.1865064480424395,0.237994146954018,0.2722739553484614,0.1362684219928055,0.1189606997103487,0.1108023433970491,0.0982517806008767,0.180216145070901,0.3152847621152108,0.1952802051221214,0.1546917845970884,0.5248217729172667,0.2725900499584303,0.4799075495897116,High_severity,2
804,0.0647879934854477,0.1310411930951271,0.1095354625733073,0.2386785927367151,0.4124178021291676,0.5802863207082535,0.2668409943019889,0.5177513142788475,0.4445638807818274,0.0839701363196433,0.0852647558286866,0.0795686366640151,0.2863851185955369,0.3380375446032871,0.1717708281856447,0.1821093560783516,0.6189297944654482,0.0827202935638858,0.5971448501854338,Low_severity,1
805,0.043433166133162,0.1109884434159973,0.063786242616974,0.2878953003552602,0.4775791079148276,0.7643504795631466,0.247799019157594,0.6228523194490129,0.5960341369432048,0.0560499938524118,0.1371742381275824,0.0532501909586526,0.2883190393745013,0.4031491614111564,0.2227061625487872,0.0704137854861527,0.766650891671269,0.1660671046133187,0.49225135078479,Healthy,0
806,0.0547990924013101,0.1189245265296003,0.1484096560028128,0.195974215875864,0.3543696811755915,0.4096429784259343,0.2878117957668892,0.4974604607725234,0.3080837690856852,0.1017295374935022,0.121953830247448,0.108661442411871,0.279896945193558,0.2852339662746664,0.2547885908891784,0.1429563190580734,0.4482726123962315,0.0094438668506783,0.4009946698349802,Others,3
807,0.0583086359209056,0.1253247720215517,0.0979814661513883,0.2389856301068128,0.4355631381197536,0.6327149956460054,0.2914207500960326,0.5531200806593302,0.4899377403354962,0.0851141325883165,0.0782671242329602,0.1670257788578532,0.247369921645658,0.3923804000126052,0.2120447074824866,0.1032465996681444,0.4028461423321843,0.2266673004416364,0.6674066251238855,Others,3
808,0.0467300677639079,0.1132889051678281,0.1071011245155044,0.2626869080069691,0.3646185627274066,0.5459120006566404,0.1624912574110152,0.5258960665889283,0.3975180933236477,0.1313263654298613,0.071481849930625,0.1055362198024396,0.2408234592713927,0.3253992432936475,0.1266369105349672,0.1135853157968851,0.5101994203762809,0.1493684086475495,0.6397820347152112,Others,3
809,0.0811853972528949,0.1138856505598847,0.1627327912496404,0.2131343562633965,0.3550589146190349,0.3714353111290916,0.2497821879080383,0.5142894959602179,0.2834461937453784,0.0897568186511717,0.098309952239193,0.1065417968004694,0.2452377042699813,0.3366663999837357,0.179792276848354,0.1530424533796273,0.5192246101335355,0.1571198674238777,0.5479756463229135,Low_severity,1
810,0.0761033539099819,0.1317973358095518,0.1232624956816263,0.2102512519410014,0.3526673767192611,0.4820140410190547,0.2529959349847914,0.4559053223026503,0.352594311628061,0.0935956847285973,0.0898660828634671,0.0804804317866676,0.216182653631798,0.3386949792127619,0.1835647583051254,0.1172924108447333,0.616005950373949,0.2207916094092835,0.5806148023429976,Low_severity,1
811,0.0896911849270616,0.1305553522375739,0.1585040931064489,0.1871201648261262,0.2922110763001198,0.2966551655443845,0.2192448612927252,0.3823759720508002,0.2109574783746168,0.0875483033186713,0.0730297645390739,0.0677254642289927,0.2315838312212778,0.4101450698534227,0.210490178135072,0.1716267182871151,0.7165530854124078,0.2782502678827604,0.697708740849902,High_severity,2
812,0.0495816139705422,0.135047702771729,0.0675955849703588,0.2859781474000938,0.4535445843758212,0.7405857811530286,0.2265872701077459,0.5411163016552583,0.5669383268693358,0.064883042177953,0.0805845667041323,0.0956787650486813,0.2506032406222558,0.4006247824835607,0.1284342735007392,0.158697061676448,0.6144344906482232,0.2303671472026447,0.6650748085415906,Healthy,0
813,0.0719981136985619,0.136942914252482,0.1245423139555432,0.2526916695660129,0.3458524875670439,0.4704775071815371,0.155645689446303,0.4327082911876084,0.3420929913231034,0.0696557708542689,0.0945649116105555,0.1119130275911041,0.1954706005939117,0.4408076195567153,0.1896193152166644,0.1647196767992985,0.5950466906977183,0.3855813560689295,0.6467322990801342,Low_severity,1
814,0.0516048577477369,0.1188719658674162,0.0984233454042284,0.2656258379392548,0.4344202078293483,0.6305731961775894,0.241118953403656,0.5703103296286103,0.4879686686912029,0.0788129267446002,0.1025353245470849,0.0733910910114684,0.2491445408209486,0.3965970365432244,0.2506368144163602,0.1624686962341991,0.6876895959337703,0.2283459837357171,0.589145755554275,Low_severity,1
815,0.0674136385897969,0.133521114614397,0.1551049613099941,0.1969285032242671,0.2950166693135027,0.310830892107332,0.1993884106703063,0.3768525454602082,0.2208849427704763,0.0932461727689998,0.1672145296757299,0.1406454362990254,0.2132103807895109,0.3961179566130034,0.2324816466957807,0.1146144313610941,0.4759499691810163,0.3001790079273239,0.4063380552492228,High_severity,2
816,0.0630839314322,0.1133356763167483,0.0927137298744549,0.2572368563710164,0.410257400446166,0.6313357793901443,0.2292462332257337,0.5670848934159328,0.4749045026902243,0.0989064648819365,0.1087688394429822,0.0895408466239806,0.2357035728999325,0.3614683276954062,0.2001187154385936,0.1274476921476638,0.6029311520808607,0.2106005903326914,0.537387314129629,Low_severity,1
817,0.0508149627304978,0.0934878235892242,0.0868963360314337,0.2867797252568379,0.4449111848574023,0.6732038092045045,0.2161178407640393,0.6527191836442915,0.5204674925962378,0.0792823468143106,0.110082211378255,0.108452517444552,0.2559382793062429,0.3874374794335665,0.1536324117194691,0.1461336922447889,0.5625944539018081,0.2043894230408885,0.5574759616101634,Low_severity,1
818,0.0750013052999583,0.102040482592833,0.1636791747010109,0.2151438814109065,0.3116357672821038,0.3112811727815385,0.183173146704894,0.5066650182422507,0.2275520237805211,0.0708712529535088,0.1367940295953894,0.113410976370204,0.266066364393871,0.3905421456844066,0.1588078075912058,0.1802766797993718,0.5499145797219038,0.1895738166349629,0.481188524482286,High_severity,2
819,0.0770184367637366,0.1366149050066905,0.2087908857750899,0.1280293607834949,0.2246325952812772,0.0365501875153991,0.2739258738757733,0.2436492714950929,0.0254574314247896,0.0833044021685972,0.128918694044793,0.120387031278658,0.1835465170960109,0.3429305490236267,0.2028551511150004,0.231016792876573,0.4803260813021026,0.3027368943197177,0.4535598141201241,High_severity,2
820,0.0424198873475969,0.1048835481722185,0.0736537811186015,0.2676656320575378,0.397218969250612,0.6871605712547638,0.1948508612444628,0.5822225759370411,0.4999087491264357,0.042095082513219,0.1228034758195552,0.0572625778628669,0.2375038630319411,0.3996408630296233,0.1264204220551302,0.1608704041242402,0.7493449480222196,0.2544743656592954,0.5298887682846282,Healthy,0
821,0.0526753563451508,0.0644774445063829,0.0678642855686166,0.3267378941720443,0.4630186707183906,0.7443342839888509,0.1725604858571234,0.7555339550551642,0.5749746604207501,0.1035731880433797,0.1150456387635521,0.070981725738393,0.2329945521396277,0.3807842394592746,0.1747094679877895,0.1449627590996739,0.685758860974242,0.2407865656854201,0.5359471309962065,Low_severity,1
822,0.0952661835260534,0.1353862562613251,0.1482710670605096,0.1492996563983832,0.3233707164774605,0.371255591698131,0.3682715695083359,0.4097691618589804,0.2703151290685128,0.075897779378661,0.1348402557126893,0.1431565591778835,0.1894873846137909,0.3103784301364295,0.2508187424792051,0.2505028359547742,0.3687077621317905,0.2418469956443151,0.3942740500411718,High_severity,2
823,0.0448878552128046,0.1063446795916193,0.091538085265723,0.2537904513634471,0.4291833912045752,0.6484182450617846,0.2568076973221116,0.6028418102023607,0.4961862472607784,0.0944344479742464,0.1841910896547168,0.0739524122622714,0.2258614159880818,0.4166608060453449,0.1575458048979907,0.1367055069227653,0.6985306978993664,0.2969537605305375,0.3869001962950854,Low_severity,1
824,0.0664078273832525,0.1088011484863286,0.1194967821208249,0.2440640154992659,0.3942352789789123,0.5347894703514502,0.2352677886044261,0.5674223871437357,0.4065253148253593,0.0800983580837528,0.1387944194954141,0.1023432716912114,0.2360780130755099,0.4217835614177934,0.1992219287311596,0.1273648619899398,0.6094713522521499,0.2822866626391991,0.5048167276591509,Low_severity,1
825,0.0411073615033772,0.0890743735229384,0.0706233849087341,0.2809171283620598,0.4442067753645344,0.7256439487878965,0.2251886141986052,0.6659384127537051,0.5521860776514617,0.0749946998078622,0.082457064130212,0.0474961085806034,0.2709509506475346,0.365410121148202,0.2275400963748007,0.1266959930425441,0.769942397760389,0.1484364375622705,0.6317789432197267,Healthy,0
826,0.0596825863271512,0.1082587218395759,0.1102222626832329,0.2493283752673825,0.3937177343597528,0.5625579897210221,0.2245396666439569,0.568670121864888,0.4235743259231579,0.072020521955701,0.1259462691823775,0.1131367231509909,0.2504046225201603,0.3360048188109436,0.2644188719331866,0.110102525016605,0.4962090451184341,0.1459734278774187,0.4547203266498271,Others,3
827,0.1011429977479234,0.1688260051319807,0.1371732755775039,0.1992083783976385,0.2648970791092883,0.3176653091752552,0.141538306971254,0.2215032528078806,0.2123844379790055,0.0702167484483919,0.1116903786885684,0.1277944802749591,0.183197642031145,0.2815123021902417,0.2635448091276415,0.1728675609969223,0.3755564982076779,0.2115613435469326,0.4318941140536488,Others,3
828,0.0724467007214087,0.127240403918119,0.1123867574673578,0.2379764747712427,0.3666362461904359,0.5307667623092059,0.2127969970836054,0.484728002872169,0.3895457324901857,0.0550145694935715,0.1298103814493763,0.061317359404853,0.2761801131087246,0.3925621594985961,0.195179391318128,0.0901661869694055,0.7298077712209057,0.174031239173974,0.5029969178172967,Others,3
829,0.0638282081123082,0.098728781453778,0.097907316125534,0.2855675072273234,0.4361516609116517,0.6333464267609646,0.2086464657335131,0.6308379457017923,0.4906552995970278,0.1098970542881306,0.0791869611259184,0.079165055629442,0.2745907377254671,0.3387293978182174,0.2131419265581381,0.1146393836486224,0.6211241619680536,0.104576152608937,0.621039189152662,Low_severity,1
830,0.0911774986232414,0.12290120036068,0.1417953910962487,0.2184852467233482,0.3234949354109972,0.3905078914463932,0.1937518974847299,0.4493626153451223,0.2823495781401853,0.0817249512533423,0.0942687223909552,0.1272613615728919,0.2045288154438631,0.381323708313442,0.2577121730596292,0.1459572028724054,0.4995473948878043,0.3017737155687628,0.6035734956869081,Low_severity,1
831,0.0442117624111232,0.104765277369681,0.102410279181178,0.2575539839100889,0.4076854098053006,0.5984663999624875,0.2256802999243949,0.5911205507510314,0.4533359571068455,0.0957765055305817,0.1211926777644857,0.0483626926783956,0.2846820965286799,0.4008939004425849,0.1143832341084698,0.1568277833056144,0.7846990186947703,0.1695097325858913,0.5357372404374734,Low_severity,1
832,0.0399546927098353,0.0926228993855927,0.0822017109526362,0.2536178015919394,0.4456148474136273,0.6885216666674007,0.2745824956754263,0.6558290460436842,0.5303667276561161,0.1010301786433121,0.1370128432857981,0.0526467347794659,0.2586837003476551,0.3589652010263643,0.2350679837989552,0.1604927260847478,0.7441923802506009,0.1623600405596502,0.4475044012248092,Healthy,0
833,0.0376021349179837,0.0859841693267143,0.0663179692928181,0.2461089733675618,0.4369389044929653,0.7364448545175873,0.2793800219731733,0.6711402742332827,0.5541266821351714,0.0586268586721988,0.1213266700152614,0.0744801376967958,0.2499753586434794,0.4540825483406334,0.155031004844442,0.0908027509744487,0.718178601462905,0.2899011397676976,0.578294312482773,Others,3
834,0.053575961269304,0.1251138289971208,0.0799081602894023,0.2589517012900032,0.428423572206573,0.6856062481205223,0.2465492685741974,0.5479480565358195,0.5184535019856102,0.0824228631532588,0.1363309177094905,0.1478169811010578,0.2545309287286867,0.3128311945510932,0.1724657535289905,0.1959814677976554,0.3582217887141758,0.1027567111554557,0.3929545080133677,Low_severity,1
835,0.050685626150528,0.1304315145636846,0.1637528774784944,0.2320473519077506,0.2893657236711104,0.2772184718833531,0.1099289113525321,0.3785975576583781,0.1976871179113092,0.0858088596598758,0.1377096040823146,0.0943505763591786,0.219589630933102,0.3941978486223824,0.2155789062708437,0.1682705196079266,0.6137513845726155,0.2844766690512075,0.4822046452552043,High_severity,2
836,0.0571010465984005,0.0970877767210516,0.0898469303803198,0.2543121903171829,0.3485152681627534,0.5900790228768257,0.1562687241936672,0.5642409636300034,0.4134890634725843,0.0492011436889786,0.1210665137390656,0.1052816306070014,0.2570326649237418,0.3783045729642335,0.2072767508311091,0.1448980993232521,0.5645796764692322,0.1908780106194164,0.5151240551858493,Low_severity,1
837,0.0729684432047517,0.1367568452239471,0.1407918241653906,0.2031257295182598,0.2894197014065742,0.3454762794734132,0.1752000251556155,0.3582150575615319,0.2396678709444002,0.0810336688235389,0.1161096433360334,0.1210999948987648,0.2253910091070698,0.2437799263580455,0.1900365328999027,0.1160486396334625,0.3362200118787462,0.0391944936502636,0.3547484944632797,High_severity,2
838,0.0677879812925244,0.1138295831974378,0.0888709016995938,0.2402673540652085,0.3586038683330206,0.6027892178452142,0.1975992664899204,0.5181137879687205,0.427029260036352,0.0869511486292322,0.1363547636681704,0.0735491648867844,0.2318252111438955,0.4315786004695504,0.1841132345240055,0.1174651448094619,0.7087898550383573,0.3011037709292629,0.5198212597522087,Healthy,0
839,0.0496085320607378,0.0668648360522333,0.0887687721549116,0.2800507335391979,0.4882847528732577,0.6923378220397203,0.271019656148325,0.7591105626804039,0.5564012903275587,0.0562205936338852,0.1338496805282364,0.079938670801671,0.1948267227369102,0.4321484761191956,0.1910108764232448,0.1500070386880078,0.6877927076188692,0.3785185663089553,0.5270313906283152,Healthy,0
840,0.0531130106931984,0.1137744489044587,0.1069056926565924,0.2627929931326597,0.3840467425460102,0.5644967414716036,0.1874556288446472,0.5429103828506714,0.4195070924359083,0.067897169070695,0.1156149298526139,0.0796971709660755,0.2557280374812057,0.3469948607219389,0.2049302545982001,0.1437772036870741,0.6264417188631825,0.151424184335489,0.5001622005923293,Low_severity,1
841,0.0651422805790892,0.1246949995369051,0.1074864117495536,0.2895981715885402,0.4487382530651049,0.6135143996702501,0.2155387113011763,0.5650932380670661,0.4846296238150706,0.0700438731597513,0.1129144992163741,0.0796770601158138,0.2310744536919269,0.3299388140426121,0.2068820462199631,0.1388691548744776,0.610966931984685,0.1762246385899485,0.4900591422228319,Others,3
842,0.0824523842775399,0.1372963138544131,0.1436172389109934,0.2351939215489031,0.3444073922871796,0.4114344656809975,0.1884286114112625,0.4299553351825112,0.3048357506017166,0.128559589757641,0.1650490818288487,0.0608542677269638,0.2491265093517199,0.2751295365051378,0.2081369205400873,0.1636590223227983,0.6377547550778669,0.0495998612870889,0.2500813308309428,High_severity,2
843,0.0701148201216826,0.17065177024694,0.1411538435057601,0.2059602577168577,0.261060891508635,0.2981169946411422,0.1179831660368187,0.2094196656036055,0.199354505112846,0.0446780424232715,0.1280918772641021,0.1129453262228199,0.2343960137891331,0.4236599757540156,0.2529365081748392,0.1210593198063109,0.5790376062005603,0.2876107276164719,0.5356902688647752,Others,3
844,0.0536248947225198,0.1322160651792133,0.1226652542352722,0.2459876913839053,0.3439591001535766,0.4742440977135436,0.1660682118710136,0.4446746709824315,0.3434020334479646,0.0856702751168318,0.1186168582314145,0.1165334521959289,0.2303018285888554,0.3287094127486639,0.2329675208188295,0.1347323442105523,0.4765398331069017,0.1760386498209828,0.4696629018835466,Low_severity,1
845,0.019113600668127,0.1187155610672262,0.0348709046420746,0.2879040933280985,0.4497054904483804,0.8560767507646948,0.2193591307367194,0.5822970991285789,0.6319995906994003,0.0618559687299363,0.120596423041804,0.0775281254712969,0.285830788873352,0.3418614376390224,0.2082250081326445,0.1613541551918874,0.6302810928515962,0.0892645255095663,0.478454435332711,Healthy,0
846,0.0399418887668978,0.1476370591899099,0.0807675352261128,0.2484463899253131,0.399107569248863,0.663381015297806,0.2326619692290781,0.4599414369685278,0.4873172599787384,0.0571212414540943,0.1103727286767436,0.1145677518197734,0.2537139509728014,0.3890586384783139,0.2002155421074029,0.1614414700820592,0.5450287990191982,0.2105638755085803,0.5580064211606619,Low_severity,1
847,0.0400051291059401,0.1120700605238467,0.0759250682803184,0.2460753108470821,0.4975037274844025,0.7351892027707982,0.3381327386547906,0.6323002637956929,0.5891103269272939,0.0629419854538493,0.0898403502300365,0.0956532777963614,0.2567987833987684,0.3208504718590603,0.2113206016265169,0.1195289479084132,0.5406846739051138,0.1108833567727929,0.5624915610578403,Low_severity,1
848,0.0499329689976199,0.1032976229730077,0.080586269286491,0.2521437031854275,0.4509100691749185,0.6967570105194913,0.2827185825661347,0.627224145617105,0.5385241606007146,0.0838048391754678,0.1198749243150966,0.077881190160895,0.2476115557748406,0.3468542630494396,0.2091580289932893,0.1703680763166161,0.633272006976412,0.1669443458849809,0.4863191436901973,Healthy,0
849,0.036632844578131,0.1141790284780085,0.0630352661234134,0.278659177845182,0.4802573117601555,0.7679509395509457,0.2656394170850226,0.6158410219931638,0.5998634340183678,0.0845026733519379,0.1088175867877112,0.060767700837564,0.3033803628002227,0.4279927661420434,0.2705905473391857,0.0842465843830541,0.7513395417878614,0.1703814351534065,0.5945771679185524,Others,3
850,0.0549100807407991,0.1068972590015412,0.0856450915103408,0.2351599419323787,0.3790881024251376,0.6314225339271486,0.2343160256103104,0.5600803337461473,0.4562551792963739,0.0795299166008935,0.1636991466630955,0.0794650586284427,0.2177269183124723,0.3812289898512676,0.2411503300175957,0.1105456012445866,0.6550202508989327,0.272978476896663,0.3991899639824131,Others,3
851,0.0316516131055949,0.0992419923339279,0.0570503444687268,0.2528155383087651,0.4611881738562186,0.779829779333557,0.2918369078441222,0.6458363652742546,0.5953484700995979,0.0917519891364535,0.1285245625280611,0.03535073567492,0.2448964035274129,0.3759018181054817,0.1711306643373323,0.1757387060489105,0.8280825962053653,0.2110273676903959,0.490413001926511,Healthy,0
852,0.0481553427549376,0.0876064565209001,0.0570745581033921,0.2821679996958307,0.4662336541854406,0.7818701990027604,0.2459450129954024,0.6836398995761751,0.5997593264206528,0.0954928632778079,0.0937741284224623,0.0687615140463795,0.2177228708764096,0.3925834137707586,0.1419094852975874,0.1368268611122148,0.7019084424674359,0.2865127679218309,0.6143819298058396,Low_severity,1
853,0.0546840215378192,0.1074603040468036,0.0671299367810748,0.26682014358284,0.4759560723896892,0.7527834057681754,0.2815598080681998,0.6316171146817264,0.5879085694001748,0.0873623800843837,0.1289717733214396,0.0842353424429467,0.2729977135967948,0.3673790583065391,0.1704095776480517,0.115510232380711,0.6269590061647625,0.1473840851991293,0.480320107862313,Healthy,0
854,0.0716134962643483,0.1123634981796752,0.1449062151030455,0.201544709061049,0.3631510136419883,0.4295673522410759,0.2861829797601016,0.5274024435165253,0.3247506078756711,0.0664209499184992,0.1287677131182608,0.1475400418321028,0.2156611621217937,0.3490391190627829,0.196332964991463,0.1457503443314117,0.4057743318659575,0.2361924748137208,0.461005140799368,Low_severity,1
855,0.080891834805937,0.1285882739697629,0.1540264619971346,0.1785146163629916,0.2535517473084842,0.2441869634809683,0.173670383197308,0.3270096466753786,0.1644904278621271,0.0966430522247971,0.1621817582824821,0.1300044079277667,0.2043682562639827,0.2938277173126197,0.2488765668884773,0.1420547932573342,0.386528768417299,0.1795668086323499,0.288691279623821,High_severity,2
856,0.0293813599145076,0.1056511824436118,0.0781373967341454,0.2715330795426048,0.4980419797405288,0.728774059175025,0.2943298349727174,0.6499838359561021,0.5852712738027436,0.0794913883341238,0.0966131862027886,0.0540176039127265,0.237473953369134,0.3651856672674803,0.1522335206080397,0.1301779964821312,0.742284435135023,0.2119135072687285,0.5815789256436139,Healthy,0
857,0.0445323068303327,0.1023004293447478,0.0882897079494097,0.254146354969779,0.4280321582212884,0.6580051563409064,0.2548978015125591,0.614202740909224,0.5014294116567054,0.0527162776282255,0.1168999541872163,0.0425409079321513,0.2505613191449723,0.355977960443941,0.2252295898183416,0.1333335169653575,0.7865049245698229,0.17380018878648,0.5055808251125546,Others,3
858,0.0492661446894292,0.07807177267295,0.1068683004338281,0.2789026939752159,0.4121813432139282,0.5882154944456436,0.1928544750950961,0.6815042265189216,0.4494084925350814,0.0372781023283631,0.1110149536270383,0.0795145944101793,0.208865696465112,0.3471156076491303,0.1384691056431288,0.1309542047181696,0.6272434814677028,0.248659280736553,0.5153566995495998,Healthy,0
859,0.0696682013093793,0.1095759402576308,0.1515262571172264,0.1653202825777386,0.2429205440958693,0.2317024417426268,0.190084519841943,0.3782863369057441,0.1532695184129829,0.0379905024885838,0.1271666326151136,0.1309256177086571,0.157719509699284,0.3782163369810269,0.1635493995852296,0.1230427693806433,0.4857009268134081,0.4114239206941323,0.4967514132233839,Others,3
860,0.0858075447043093,0.1266803267341955,0.1965902747732572,0.134542263938173,0.2733580313015046,0.163353618974498,0.3403178889139194,0.3666591006110949,0.1187193524347424,0.0894884000788937,0.10981468832796,0.1137189839220423,0.2278279625289303,0.3469845440080811,0.2331187603685243,0.1798181729514495,0.5063246663946082,0.2072964316608488,0.5191993306714858,High_severity,2
861,0.0658630353741207,0.0872632680950925,0.0736863146455939,0.27554740675311,0.4552400059009373,0.7213739918654263,0.2458890178406688,0.6782940406891216,0.5562405445892492,0.0755290566525481,0.1246517150412305,0.0944016631690337,0.1886489029629368,0.3493802183983084,0.14870872247251,0.1071859845499915,0.5745582814889721,0.2987409213626058,0.4740788278259343,Healthy,0
862,0.0748265703612065,0.1263140489129692,0.1317601353257461,0.2316945795226702,0.3670584960464941,0.4717112511885267,0.2260763611028624,0.487956716669966,0.3533649954008369,0.0515435485913673,0.1304979563816322,0.092520080206054,0.2605386469198804,0.3070654874707639,0.1610961511953854,0.1155305935274627,0.5369198104728166,0.0819705807830888,0.4035244113050116,High_severity,2
863,0.0593706292813811,0.1307490938735531,0.1211184116099878,0.220665943329596,0.3213368329685759,0.4525167772602514,0.1857386973671104,0.4215741472562518,0.318665139554907,0.1037786537019018,0.1558630960067842,0.1245744601415479,0.2752239477145107,0.3365782911276226,0.1929669419301136,0.1914004123095342,0.4597258292455247,0.1002846009998722,0.3669780807264156,High_severity,2
864,0.0559628785468799,0.1153656434274723,0.0338919609855943,0.2673188065131211,0.4433805161627506,0.8579764700110284,0.2477302341962775,0.5870552613298319,0.6285174781121938,0.0718303724072642,0.1094425801263226,0.0334515749129768,0.2481101396364626,0.4747085180471072,0.1500043686537162,0.1869014001935402,0.8683423772295144,0.3134927080283573,0.6252935910981372,Others,3
865,0.0679162113862156,0.1255711269131987,0.1163609517261682,0.2249902915703182,0.3815045412684144,0.5325606881237122,0.2580636160831289,0.5047243052954989,0.3985661265025109,0.1046850635896068,0.1068435620783327,0.137053755210096,0.2789905762786765,0.3231882550523957,0.1974884635006719,0.1968425908797952,0.4044274440226368,0.0733962678097192,0.503089967662311,Low_severity,1
866,0.0547422773307687,0.1353766487501649,0.1297130079091509,0.231491433728776,0.3797375519447694,0.4907729301687496,0.2425377750249085,0.4743819969725941,0.3715256902801659,0.0853447098178874,0.1393814116523134,0.065692436331697,0.2348864660572065,0.3496916047497727,0.1823184159692102,0.1637140503712216,0.6837026470219508,0.1963897457427434,0.4300179851356898,Others,3
867,0.0716066771263058,0.1248302861375035,0.1213933931613199,0.2311916363399344,0.4003083996305587,0.5346253555630499,0.2678016684998672,0.5245816409243281,0.4094859308806957,0.0521613115973659,0.0979970620928162,0.1156973270439494,0.2867359344149215,0.3655292587420793,0.1802237694514704,0.132199833801443,0.5191565451232457,0.1207995231905502,0.5771672171008297,Others,3
868,0.064525546564856,0.1248852690718113,0.1214762108672773,0.2569612427437562,0.3513938528311595,0.4862173768532478,0.1552261348253544,0.4755794939201496,0.3544938587530898,0.0883434714453878,0.1479946530948185,0.0915101726199933,0.2197908949305945,0.3478266839556056,0.2072223090859834,0.1448469218867302,0.5834168190064122,0.2255669905013293,0.4030323342871075,Low_severity,1
869,0.0522565218576637,0.1415014326197193,0.1598737249966667,0.2118227565355524,0.366173233173599,0.3921693776055622,0.267044199935913,0.4425507430093958,0.3015936646966282,0.0944348162495506,0.1495766281780448,0.0989547779947934,0.1596687837923374,0.3285284757424382,0.2473887951431709,0.1628056189499482,0.5370355347036838,0.3458841455009692,0.3742939493784532,Low_severity,1
870,0.0807820066787426,0.1461746806558178,0.1490605547132355,0.2000414898129869,0.3072999459658395,0.346742084420409,0.2114127658195288,0.3553126368070238,0.2481899730387927,0.0708700574516117,0.1576237169182184,0.1023586673638199,0.2217670949945531,0.3810800296209031,0.2735033883642176,0.1463239923033452,0.5765392054783958,0.2642675532838817,0.41480371008791,Others,3
871,0.0750496472544837,0.1345767569586412,0.153651501408414,0.2586592677528522,0.3121853705429173,0.3403205685939481,0.0937664982715171,0.3975462615363618,0.2462121820026537,0.0496831593790152,0.133883237839653,0.11303379692394,0.2784204851626571,0.3586584394440746,0.2224579385492729,0.1946165440546697,0.5207307298746764,0.1259466467689984,0.45635772965247,Low_severity,1
872,0.0804352681610515,0.1608669577164399,0.1884217425089057,0.175236076273798,0.271856430931764,0.1812701388796423,0.2161081948383945,0.2564905806502556,0.1303289360268062,0.0892443982631681,0.1187380302618247,0.1307490118870567,0.2319732794813669,0.3534057835128041,0.2428702186805826,0.1084541647803739,0.4598875684828368,0.2074425132499935,0.4970260043754267,High_severity,2
873,0.069444106129851,0.0906854281420298,0.1654617318451886,0.2274212164849599,0.30459020652954,0.2959853227398825,0.1450513780462131,0.5411534626090507,0.2151356064255495,0.0580505281766105,0.1256658190474244,0.1326393583744028,0.2144020828367315,0.3690327888448344,0.2066628005915691,0.1427345166324053,0.4712109926388328,0.2650350767728863,0.4919499790676855,High_severity,2
874,0.0606909343140054,0.1208270044606936,0.1332044358851534,0.2308303004978595,0.3474901733993796,0.445783525288893,0.2017218448369323,0.4839949923989545,0.3277560651687867,0.104427507619195,0.1320936984133803,0.1417825237809769,0.2403310770148416,0.3823340107539388,0.2289716358021682,0.17486409084392,0.4589656519545211,0.2280566817194484,0.4864440773332585,Others,3
875,0.0857768559325353,0.1315594908795881,0.1555679760674728,0.2069532211908481,0.2537868819722024,0.2399358502182721,0.101648761329509,0.3171883783102966,0.1620141549303368,0.0756061402212742,0.1140696328024851,0.1219282044325889,0.250005690772258,0.3921384180393709,0.2408589059339454,0.1378098519290149,0.5256326744332069,0.2213408568524407,0.5493171923568577,Low_severity,1
876,0.055573241335121,0.1266038219012973,0.0758117660814546,0.2607247282503862,0.3873957216745738,0.6726660596584108,0.1954435991625533,0.507377687456606,0.4852287168972474,0.1107659150411973,0.1479846965926673,0.1354643587645942,0.2417821254358763,0.4256071932205384,0.2367108396743209,0.125773309346123,0.5171226975051348,0.2754390318303834,0.4840070118813583,Healthy,0
877,0.0521570448703593,0.1257625154458383,0.103764481328879,0.2754297714078644,0.3946705576199889,0.5836388968652593,0.177944676411535,0.5167005251799929,0.4370430698185981,0.0229773301546504,0.1255978994350019,0.0834078472848826,0.3293740608801417,0.4769308238350243,0.114408774905478,0.1427748417903199,0.7022948742117634,0.1830036822944564,0.5830973874461595,Healthy,0
878,0.0552220843427908,0.0813709669464193,0.0891303073546613,0.271384818297738,0.4365656174351326,0.6609054658724959,0.2333225474554577,0.6857879153542272,0.5080969442552012,0.0730821034472565,0.0892562548667365,0.1118467590489318,0.2342442609922887,0.431117707819481,0.173587608031986,0.1715621878981538,0.5880144433980508,0.2958892393245391,0.6569534170926321,Others,3
879,0.0344232341630784,0.1211014214556723,0.0816307011969976,0.2653009896539803,0.4955382302622778,0.7171341118774083,0.3026095850232833,0.6072214262631819,0.5763824739698159,0.100167725388731,0.157038798833361,0.0906921950695908,0.2826331470483384,0.3608295189433207,0.1892807769541882,0.083607504608875,0.598282021639396,0.1215243339323682,0.3935184160036596,Healthy,0
880,0.0595728283050337,0.1087933916907479,0.1876632373227138,0.221658547267454,0.3334302708078251,0.2797329677125726,0.2013582689846456,0.5079711878099737,0.2141337188872952,0.0606980229484791,0.1256172666198254,0.0880895229586604,0.2522886812984548,0.3785492437653773,0.2128320320225963,0.1111184685336389,0.6224509010381684,0.2001473872296862,0.5016834159656938,Low_severity,1
881,0.0459239709697003,0.1118137366987015,0.1522055845730792,0.2497316641902261,0.3408957902663157,0.3826600681344554,0.1543513180571213,0.506024370866214,0.2850014265518739,0.07790531427088,0.0971134066198072,0.1109482738683673,0.2061897075497086,0.3689029634134487,0.1844103962770426,0.1266675554196829,0.5375722088501874,0.2829339758255484,0.5832189044651928,High_severity,2
882,0.0944000273140185,0.1436334587196499,0.1733345395599005,0.1908689015852969,0.3016429982872879,0.2701358453895293,0.2249165892857589,0.3548571613908077,0.1974021765835249,0.0805103523953612,0.1128175190585983,0.1370398228089059,0.1985125157568295,0.3876967117956268,0.1968503145766038,0.1294151367711356,0.477681412397992,0.3227246981912587,0.5491935609261169,High_severity,2
883,0.067876682172038,0.1361347458664103,0.1743310537461032,0.1872933935648947,0.2810161029352062,0.2342938736384166,0.2001298501754626,0.3473116679134381,0.167507248715283,0.0716042931625744,0.1676485114033332,0.1161995550848512,0.2472485968445317,0.2823384145417998,0.2619695689650589,0.1245299696546049,0.4168708432287817,0.0662588336625012,0.2548738563849981,High_severity,2
884,0.0563682801986692,0.0843566732201525,0.0797105949070343,0.2757397536583399,0.4010715030137241,0.6684127996788597,0.1851797648455945,0.6524442652891663,0.4914867055403582,0.0775148560364729,0.1594910891133733,0.0975596066438431,0.2500773207642098,0.3972520280798707,0.1616403773079957,0.1020197130370528,0.6056697143012124,0.2273567660395238,0.4270568088297914,Others,3
885,0.0682490516084953,0.1283048010934533,0.1154535528089206,0.2159843416795689,0.3558059432218121,0.5100213203920609,0.2445330136491542,0.4699361557243276,0.3711969737157961,0.0483692510553605,0.1445154420825554,0.1203770048840263,0.2464050992471364,0.3301026600363412,0.1415938510975181,0.1803810168748277,0.4655607599721257,0.1451802849856344,0.3910243143387193,Others,3
886,0.0891719805957852,0.1505235322057889,0.1697923955459058,0.1773472666345956,0.2735202239485703,0.2339834776662769,0.2133064798918669,0.2900566037293763,0.1649418648585224,0.0839541537384994,0.1631489641321233,0.1159072668693243,0.1681300455333405,0.3424614984323091,0.2629372318733202,0.1585117532721885,0.4942619321233611,0.341430356533082,0.3546456166882327,High_severity,2
887,0.0580679269756262,0.1448299798724458,0.1387430239589711,0.227911833047036,0.3085905321835185,0.3796887264376065,0.1503790185562592,0.3611670578565715,0.2689351186653211,0.0927978414484315,0.1549250644349606,0.0235267914612568,0.2467880232161211,0.3317536800297763,0.2334660159193495,0.1560880286059378,0.8675593321382391,0.1468617669857797,0.3633374533118284,High_severity,2
888,0.0775795749352626,0.1295319872768731,0.1441853054785218,0.2223311036809012,0.2788956474987292,0.3184032300963705,0.1128522044857024,0.3657040990968185,0.218903350110931,0.0797827333847931,0.1419398124308722,0.1595232678888841,0.2295893152518785,0.3481237991793812,0.2229909052713308,0.1343741166738584,0.3715190011432394,0.2051788006304757,0.4207290275460947,High_severity,2
889,0.0620669532742605,0.0918345651451823,0.079958289179507,0.2789166295286313,0.5137039713175265,0.7306270096651812,0.2962165524568113,0.6966846546822945,0.5948989434008123,0.0434328914183368,0.1144401976301576,0.0633189767067392,0.2572079316847175,0.3433904755183684,0.1350796148242964,0.1329879563554276,0.6886279560982852,0.1434944595257795,0.50007631929444,Healthy,0
890,0.1024100315028596,0.1397494989381177,0.1799974866957193,0.1731811188510029,0.2997273281668471,0.2495802546829445,0.2675913490525315,0.3640188045467075,0.1833114354992475,0.1090041628243331,0.1435995330677439,0.0933911910776244,0.2281465877815721,0.3538944613432926,0.2288126707980616,0.2240045655480977,0.5824091804771823,0.2160464004227714,0.4227084761586089,High_severity,2
891,0.0613049882848567,0.1266684650098669,0.0749892529490963,0.3171476046392774,0.4077592877035035,0.6893237508383859,0.1249976845597148,0.5259659912242506,0.5079173679567552,0.0854056365127506,0.1290746527725023,0.048539161772821,0.2390435020719125,0.393551013852204,0.2218997994264521,0.0973882035401373,0.7804105838624591,0.2442441530726541,0.5060531427546978,Healthy,0
892,0.0859438012838754,0.0977589886021609,0.1870462182968842,0.1846223508648412,0.2533187905150279,0.150494637157808,0.1568622656317177,0.4430921327576859,0.105713055457914,0.0634631711307936,0.1115963800076696,0.1070851338049634,0.1995043470845439,0.3281446422156799,0.1763604329587734,0.2195491940166086,0.5079144869909621,0.2437989984624829,0.4924449875363751,High_severity,2
893,0.0635683369408452,0.1184013710935511,0.1639548499437101,0.2367043213544362,0.2959999768494205,0.2870828159937953,0.1113106383690053,0.4285666700589733,0.2063302197461098,0.0546101807131737,0.1446767363969966,0.0937013760309879,0.2165823397634874,0.4122813854602631,0.1677996458656473,0.1702827098644715,0.6296262119490877,0.3111946799398322,0.4804753509490067,High_severity,2
894,0.0894351286151838,0.1390571155744664,0.1765703683226042,0.1898644728361405,0.2945942104574788,0.2504938771935197,0.2161788842535082,0.3586685559253996,0.1822922366306782,0.0648587891311437,0.1659524226487201,0.0946518627605312,0.2044716520844353,0.3088679093038292,0.2091174677303761,0.1668516582778244,0.530868773659822,0.2033668648819251,0.3009885572241906,Low_severity,1
895,0.0709520797439939,0.1131344478630146,0.1588199745583704,0.2129482690774319,0.3511958834722789,0.3771959359395991,0.245057249587755,0.5126984380379833,0.2857023095988916,0.0936163852474206,0.1195496899851478,0.0872298407444274,0.2921751356178922,0.353386364737415,0.2170172228690152,0.1675989665298478,0.6040552314727691,0.0948185867432197,0.4944361344779308,Low_severity,1
896,0.0586875782545728,0.1004786813824916,0.0878927380102759,0.2603987131831656,0.5029585080198342,0.7024877628647773,0.3177539795253532,0.666978823489448,0.5707456972526134,0.0767172542266078,0.1043455487377343,0.097664192893886,0.276046820966444,0.3844364120065377,0.1661158278437105,0.1391134675532637,0.5948389531099706,0.1641064990434473,0.573038462471706,Low_severity,1
897,0.0591804724606699,0.1202383796571257,0.1403771036115598,0.2438822398572976,0.3437753604308987,0.4201119934845597,0.169985244000268,0.481746468825185,0.3100102843575726,0.0958134814812257,0.1329784140823038,0.1563465945068441,0.2040826086660088,0.3594611082677834,0.2304266600970229,0.203108834362406,0.393779528045719,0.2757168520078258,0.4599198153402227,Low_severity,1
898,0.0645228314495781,0.1120523429325017,0.1410907709241385,0.2526810703558395,0.3459774266016997,0.4206529120938802,0.1558423654220303,0.5107202614954279,0.3113563827572276,0.0711636603248065,0.1047173785219909,0.1222737871485317,0.2944109498239851,0.4407560000185793,0.2457459355817267,0.1627639608395891,0.5656578392992198,0.1990636959753617,0.6160495355349318,Others,3
899,0.062944908844008,0.1161372025192491,0.1153662025947647,0.2205695619325281,0.401448491566252,0.5535490615952895,0.290793697411676,0.5512348820828723,0.4220271755723443,0.0550427955496203,0.0846646188981669,0.1244047822616052,0.2262404041076652,0.3654007596765227,0.2081158889743613,0.1557996548404018,0.4920237865445793,0.2352107393589315,0.6237674661121859,Healthy,0
900,0.0502366319299255,0.1081597929647663,0.068537967093556,0.2725633634259932,0.4436255899333324,0.7323590632202757,0.2388506911548438,0.6079642690181924,0.5558700768799938,0.0884123025319186,0.138061752901829,0.0669989758054905,0.2544883014503293,0.3668602830980709,0.1953792685042624,0.1084347534243227,0.6911488026102812,0.1808517544614898,0.4531363535028747,Healthy,0
901,0.0956481424991606,0.1461241672353,0.2221263767987214,0.1790758546956991,0.2279692158642939,0.0129813292127635,0.120117806859397,0.2187824012038311,0.0092246071511535,0.0783039544150341,0.1235603004547967,0.1282445339017585,0.2359628724260201,0.3816253454628955,0.2553172096981306,0.2035489984935428,0.4969519122739186,0.2358569493679612,0.5108321012156077,Others,3
902,0.0750240614682026,0.1335713605294706,0.1687546807509027,0.1798807036533095,0.2629622803549038,0.2182161186410103,0.1876095584706235,0.3263050255631712,0.1516677331260413,0.0905156179021007,0.130645855237506,0.1285377087612621,0.158077222336445,0.3095923668815638,0.2333405452981634,0.1392100325226873,0.4132440756427361,0.32397903998519,0.4064765453183631,High_severity,2
903,0.0490130134186496,0.1176724384629583,0.1312669845383263,0.219761495466214,0.2987435469949465,0.389470838910515,0.1523264868434693,0.4348322707469462,0.2701204289275757,0.043471177632547,0.1048263300811816,0.0791813591774709,0.2277501764056003,0.2905346417658923,0.1599439497990395,0.1484488959267501,0.5716638772710259,0.1211389243115308,0.4697183710802464,High_severity,2
904,0.09302979524419,0.1301273045187871,0.1568057504572634,0.226300193734289,0.3220060070206693,0.3450213032227379,0.1745481140913665,0.4243852368421154,0.2531644955753358,0.0694436674167294,0.1570382952320604,0.0951784796356912,0.2088409909673228,0.3087281209503306,0.1830987085968056,0.2430172126067046,0.5287104518836867,0.1929928345470895,0.3256778944295318,Others,3
905,0.0725103718418594,0.0670623926962787,0.048774597656783,0.3146789630162285,0.4811886382241027,0.8159321464036591,0.2092178082741083,0.7553588085965033,0.629751663219552,0.0879673630128423,0.1279129970452479,0.0962716918736027,0.2646311144820659,0.3487398227018063,0.1208227342983882,0.0396873868589431,0.5673294343160683,0.1371253561603407,0.4632865190512139,Healthy,0
906,0.0791296055666331,0.1374359772080647,0.1391643353169415,0.1964775984963842,0.3494737682825175,0.430399167433673,0.280237726464184,0.4354765806973439,0.3190896125688601,0.0663412519751705,0.1192378456904802,0.1378838238040332,0.2369029056141484,0.2659182951346229,0.2142572512794997,0.1638211618835398,0.3170723117231588,0.0577051832286834,0.3808337292245049,Low_severity,1
907,0.0526841896695525,0.1175214953258748,0.130408504105894,0.2242454651020799,0.3458479482343137,0.4523601582084671,0.2133027330040035,0.4927525025261638,0.3310187250675546,0.0972944338452478,0.0926458227647195,0.1034060942035303,0.2289315194933998,0.3335138149529624,0.219023687524321,0.1579710156148907,0.5266588130389218,0.1859421512714781,0.5652060187544338,High_severity,2
908,0.0664924623397772,0.1518479906124358,0.1499291584280412,0.1756722536046184,0.2754689728359301,0.2951113443655163,0.2212094869242967,0.289295751860391,0.2034904926322114,0.0318722386483529,0.11778923712368,0.0761527531478239,0.219981237125644,0.3311882940923737,0.1720476427067732,0.1526979137769378,0.6260983091992751,0.2017656105209147,0.4753000810323475,High_severity,2
909,0.0509904001846478,0.1047229893618805,0.0427710096435256,0.2684236115935246,0.4671901856529164,0.8322577873061001,0.2702050652168534,0.6337801123075331,0.6303497272756347,0.0546309028997689,0.1221824111123645,0.0665895374954463,0.2880789023552254,0.4414531873608857,0.17434445908603,0.1117037577986259,0.7378585137134797,0.2102365162104714,0.5664489203899591,Healthy,0
910,0.08703184218205,0.1446771418735443,0.1330429382878346,0.2158556310854187,0.2806552727754615,0.3568116335534312,0.1305100073052963,0.319698490448064,0.2423322044964599,0.0768478865826652,0.1282789655071189,0.0638234899309445,0.2378092003260528,0.3685960775408271,0.1841658789999857,0.1557592072313752,0.7048075770294049,0.2156756908100081,0.4836570389197808,Others,3
911,0.0553433555473291,0.110712594888474,0.1436874742550125,0.216913614898469,0.3082776210461195,0.3641656147836926,0.1739633106849674,0.4715265861685095,0.259342723178904,0.1184073593334943,0.1256662770083985,0.1051159660324326,0.2310998049816353,0.3688021881595755,0.1756597941932317,0.1440522600045364,0.5563961198673776,0.2295414663600332,0.4917116626812232,Others,3
912,0.0469479764180639,0.0945571647040895,0.0943090645669813,0.257030561414285,0.4703118097552706,0.6659384416837717,0.2932336363108236,0.6652067329610699,0.52976992221901,0.0430866010305137,0.1153564511476957,0.0860212536673818,0.2568241489621409,0.3515636577690021,0.155788721362989,0.1293033517267687,0.6068362897385339,0.1557222346645882,0.5058835593295201,Healthy,0
913,0.0742176985277953,0.1096029391935001,0.1539154112910076,0.1964542829929788,0.3217373147270327,0.3528244331551671,0.2417697088978015,0.4918028716434492,0.2580148124850142,0.0958667722209315,0.1430898140401346,0.0976449361847184,0.2828668304837154,0.3770076286573525,0.1771130702527951,0.1396414723940244,0.5885624837307795,0.1426647097330852,0.4497576711856193,High_severity,2
914,0.0655644343033198,0.0976495233315273,0.0565754611881145,0.2361685325147985,0.441039444392849,0.7726134786012371,0.3025228864160133,0.6374548981612321,0.5780747376376271,0.0956019829536153,0.1130672156311075,0.0932310937256052,0.2504812517772393,0.4297798023245651,0.2100457323935925,0.192427599961063,0.64348316859287,0.2635731524922678,0.5834288044653484,Low_severity,1
915,0.0449545373721292,0.1196748819735494,0.0868528072361612,0.2836834957244497,0.4018078410014064,0.6445271066970107,0.1723206975031362,0.5410207214888046,0.4778510720438281,0.0532680467757161,0.1216969865644478,0.091260704012398,0.2362849068208484,0.4018312221772255,0.1728481337014283,0.11594455088274,0.6298430407586809,0.259429761815152,0.5350890953633511,Healthy,0
916,0.057278389463383,0.1555653575799328,0.1497602204893027,0.1597235519402727,0.2992999699669769,0.3330060260423669,0.3040724742095178,0.3159937759208979,0.23634920785021,0.075080660150605,0.1019535192619202,0.1171168236805514,0.1661336532944597,0.3503645782213869,0.2517553654973217,0.1769979660037238,0.4989455272271193,0.3566922666632107,0.5491954895053349,High_severity,2
917,0.0773867837691591,0.1086968962448022,0.1465934402874893,0.195957698852768,0.3264771570393942,0.3802470873657115,0.2498291542277324,0.5004440387726138,0.2772929074921115,0.0832053498781171,0.1868057172578177,0.0694061165033758,0.1868028450704408,0.2947941025533384,0.1976161092182256,0.1315876746299313,0.6188573599261471,0.2242357598313926,0.2242284586772994,Others,3
918,0.0850344451626358,0.1209701072719379,0.1443986518535835,0.1744378670177268,0.3535969892301928,0.4200806595843606,0.3392941206296963,0.4901875491850718,0.314427732093243,0.0483391998515693,0.1168256531654422,0.0977626041637981,0.2141254848879971,0.3844304898220801,0.2015868622420296,0.1818190972458187,0.5945084847413378,0.2845264471991507,0.5338684431111287,High_severity,2
919,0.0597542351286468,0.1137514641231473,0.1093456836174639,0.250293480602311,0.4047942727883862,0.5746462329757193,0.2358474744587847,0.5612673828902623,0.4369938103287091,0.0652540289905842,0.1225370247988527,0.1041891026447428,0.2362160953783073,0.4345298232447586,0.2635481913332924,0.1612602327244849,0.6131967984131544,0.2956614753222168,0.5600634816837652,Healthy,0
920,0.077216038342652,0.1376078733235166,0.1455259358214926,0.1733564887073762,0.3413492546185429,0.4022043485519688,0.3263860333588531,0.425385424725683,0.297641465750702,0.1094348724554829,0.1385735324678402,0.1499762314994147,0.2106105411023691,0.3535794393302723,0.1603255929486967,0.1675045693793812,0.4043310792139215,0.253405595963029,0.4368680454715009,Others,3
921,0.0743294527447758,0.1116308630444334,0.1697336778696553,0.1885692109765888,0.3224091744634388,0.3102259757913724,0.2619288159744643,0.4856195124975826,0.2308268858180395,0.0968856632754151,0.1187442456887269,0.1067873449284547,0.2297598044385785,0.3019301812443942,0.2747453668912256,0.1344614584356103,0.4774515987685158,0.1357377019488348,0.4354577407786906,High_severity,2
922,0.0540874756770061,0.0950390978335336,0.1428763222225041,0.2649275825165413,0.3599193765137649,0.4316724563013934,0.1520240958596332,0.5822075939133546,0.3246569384443611,0.07365076496857,0.1197376693844666,0.1120648684779785,0.2187461719903481,0.3500085447937384,0.2616489775202367,0.1213975202216121,0.5149477755731422,0.2307890711581049,0.4902027274708703,Healthy,0
923,0.0587727039183216,0.1050911070601921,0.0690718844489889,0.3153930115205038,0.4985168038230406,0.7566128928352264,0.224992731197426,0.6517901599188222,0.6033853544324357,0.070251779730074,0.1087652393174724,0.1012257987545915,0.2270369463565942,0.3743447596835741,0.2012053453595483,0.1705502438372547,0.5742974540432866,0.244948943154484,0.5497288835156697,Healthy,0
924,0.064172479765352,0.0841914569761253,0.1248506307724534,0.2092187657600038,0.3684731864334828,0.4938390306003209,0.2756736009023366,0.6280184096466225,0.3678899339386144,0.0874042460772336,0.0938625654406126,0.0858322702360941,0.259130658989565,0.3512630811700102,0.1843957073981186,0.1147012037173105,0.6072606585268963,0.1509393300074785,0.5782648510355564,High_severity,2
925,0.0692493396744101,0.1113359386858219,0.1341933374324475,0.2405464258841739,0.3468075072552848,0.4420245248443739,0.1809149056057835,0.5139690868779385,0.3250978390704379,0.0936346044068559,0.1299836855274435,0.1278159479714315,0.2777986726006735,0.3841077354086666,0.2522436847055104,0.1620197023565183,0.5006445213571824,0.1606104148888871,0.4943168462498132,High_severity,2
926,0.0681303595944214,0.1045573505105659,0.0903206166692131,0.2519266361806297,0.4642517840676334,0.6742693413909296,0.2964696252833215,0.6323640245753068,0.5318712595794494,0.0574390021123649,0.0698324407346234,0.114403967325862,0.2174247453581931,0.3952238577207657,0.1691615658043521,0.0965515801495172,0.55102935238909,0.2902138541882183,0.6996817763072523,Healthy,0
927,0.0689445098427797,0.1461581309745198,0.1480085712618626,0.1596499492929075,0.2377273451249258,0.2325911849315571,0.1964817741949838,0.2385326349952477,0.1519393741461719,0.1199802351258191,0.1737792817731769,0.1548287176401412,0.2248787271639016,0.3627823594223796,0.207691823960219,0.1976650311717666,0.4017565523566262,0.2346652439751612,0.3522485827128261,Others,3
928,0.0445683984796382,0.101305485003904,0.1003276309350779,0.2663910025590549,0.4538784867436971,0.6379410918259509,0.2603018550267026,0.6350561609874439,0.5030574901999606,0.0992108351177169,0.1315399003429906,0.09480290364134,0.1923475108729566,0.3967603100809038,0.1686285855542513,0.1057682427667726,0.6142799095014946,0.3469870742455429,0.5020259399955704,Others,3
929,0.0432854755803233,0.0861819796874554,0.0473023067708871,0.3206730520346029,0.4950253427137755,0.8255581959878487,0.2137460264745962,0.7034380801281078,0.64431232755494,0.0800045624497818,0.1218122241779186,0.1370229028090063,0.2155540669141629,0.3664754440219741,0.1460871735314577,0.0842312351561144,0.4557165731668087,0.2593019327577893,0.5010636880223166,Healthy,0
930,0.0487139696374745,0.1212514370844785,0.1071930946879499,0.2686331377107007,0.4431733843670808,0.6104664845431773,0.2452074282023894,0.570353987010528,0.4798043773941612,0.0539598904089603,0.0708753842835346,0.069568517394534,0.2273270102455449,0.3535251484893359,0.1561696426373202,0.1107854591614157,0.6711436591743772,0.2172637845035397,0.6659976658348565,Low_severity,1
931,0.0641513616866666,0.111982556811563,0.0796731772915855,0.24438675629283,0.4188437952537825,0.6803592187251566,0.2630413188206265,0.5780821491779373,0.5095115465552889,0.0496757787643305,0.0940390171257128,0.1454471110843322,0.2798059035447486,0.3524665967248611,0.2269439175784192,0.1145534485057556,0.4157738226396877,0.1149199010697585,0.5787778956921081,Low_severity,1
932,0.0869162553548022,0.1392928058775081,0.1797190273674012,0.1764385511323799,0.235909975226878,0.1351949635582293,0.1442261104206874,0.2575065383710196,0.0920530275367031,0.0830013656278412,0.1692326556235164,0.1461980624387924,0.1862655208029032,0.3004193572242443,0.2178016335675601,0.1897630127553541,0.3453096274252101,0.2345539004295374,0.2793274552477061,High_severity,2
933,0.072240650893908,0.1435470969508828,0.212098964804091,0.1315029085275182,0.2743159840702011,0.1279093486129458,0.3519133242627292,0.3129467355665244,0.0946108217496797,0.088891130554711,0.2352716616763146,0.1565757704816067,0.1904083889439654,0.3894440107180285,0.2355615789511446,0.1729354213723638,0.4264831573039304,0.3432522170988417,0.2467880283054507,High_severity,2
934,0.0764003042073171,0.1384807882659211,0.1424783863126239,0.1852301605371525,0.2911341230811534,0.342830830633464,0.2223171765515023,0.3553259693351463,0.2388395644972495,0.0441639771128601,0.1562339380894649,0.1004763674910304,0.224941022146515,0.4125044476610279,0.1719762066443995,0.1264702271444531,0.6082646191700283,0.2942423068300132,0.4505947127753562,High_severity,2
935,0.0712285226880256,0.1507949075477837,0.1547449719008088,0.2018056882786112,0.3247487721456858,0.3545485261396703,0.2334859793382193,0.365799971750294,0.260344389045134,0.0905800890931263,0.1484342597192803,0.1258528063011225,0.2317188280242341,0.3803043560130922,0.2129827286344896,0.1498106071278001,0.5027125340844428,0.2427776134372649,0.4385344466899609,Others,3
936,0.0834656953856381,0.1404942677814322,0.1485248367141942,0.2112677840683086,0.337713378589322,0.3890861226467645,0.2303277473290473,0.4124131270268018,0.2877426654222247,0.1096301628858794,0.137474062081384,0.1456109760423445,0.2038340696549337,0.3456140061431245,0.1765042809931596,0.120481797132958,0.4071515850251808,0.2580406461197619,0.4308530012482328,High_severity,2
937,0.0887676763233975,0.1610783354220633,0.1758481555814829,0.1726034813670401,0.2613978831493401,0.1956558092925872,0.2045947525562413,0.2374560823009297,0.1369166537375363,0.1001836734562342,0.1102425613986228,0.0884851916470636,0.2745841622579872,0.2633864395228485,0.1951154722489039,0.1900242013556279,0.4970598149508915,-0.020814748423187,0.4098822033261095,High_severity,2
938,0.0815593459768218,0.1240715961921101,0.1574043345765584,0.1962989281421916,0.2952789699526724,0.3045719468702233,0.2013516925681222,0.4082678970354656,0.2170836332293734,0.0684152727105713,0.1514947056483105,0.105330652049735,0.2154622300620098,0.3423004331322208,0.2193671454594684,0.1846916324948523,0.5293863382748782,0.2274053310485609,0.3864066542961947,Others,3
939,0.0741819964050764,0.1185434518425626,0.1214990711429996,0.2115578200463058,0.3341025180438136,0.4666433391513891,0.2245805484533285,0.4762200053506736,0.3337218920100364,0.0628258357606088,0.0956729142907706,0.0435507329511402,0.2328021284657031,0.3129896405583878,0.2508025480063658,0.1514885497094553,0.7557037789439777,0.146919606787154,0.5317754800114509,High_severity,2
940,0.0542855480320521,0.1063223620528714,0.0994263391685274,0.2541243336146269,0.4505252089431597,0.6384178224066556,0.278721355037886,0.6181275897003804,0.5015929597981097,0.0796574661727962,0.0846619018440368,0.0829939222217233,0.2318251846667537,0.436709650201904,0.2064624392453591,0.1417342967779825,0.6806105379084358,0.3064678979299597,0.6752339036841932,Low_severity,1
941,0.0609708794692968,0.1233250209211859,0.1224554218434566,0.2280191945573948,0.3292707920380898,0.45783344831271,0.1816856572271226,0.455032426770229,0.3259582963746764,0.0765242104091418,0.0909010721744169,0.0797879680400786,0.2434053625713718,0.2818530301496479,0.2303523031181894,0.2037271602682855,0.5587448965162977,0.0731976263703355,0.5122732567788649,Others,3
942,0.0771311242055954,0.1152777024157761,0.145063535042339,0.2087244413621354,0.3064081641452618,0.3573748462932534,0.1896283049039566,0.4532531841491539,0.2543606329657797,0.0917960644261135,0.1495921045539496,0.1011507017208247,0.2629504096061564,0.3534824985611229,0.2147502542771115,0.1519697466089084,0.5550228111009289,0.146864464494811,0.4052885849229319,Others,3
943,0.0475560526513271,0.1228532642086692,0.098540142985336,0.2619630241105025,0.3949247252370113,0.6006194186008983,0.2024116011580053,0.5254596884653489,0.4475013536945849,0.0836784838643376,0.1104967785319709,0.1642347575851026,0.2990286835746098,0.3462510027022202,0.1710659479589177,0.0985195537850799,0.3565549899269887,0.0731811648993265,0.5161584442363597,Healthy,0
944,0.1023864907875787,0.1537806177771257,0.1801387181752245,0.1901308314376933,0.2715546320977247,0.2023849008785704,0.1763620626833641,0.2768969051007469,0.1440840905785699,0.110503616790383,0.1327866241029814,0.1648456949503939,0.1941679794326827,0.3212575848632023,0.2609191442620711,0.1854724931902205,0.321766785800719,0.2465721808039047,0.4150938543833686,High_severity,2
945,0.0977022575491253,0.1353301160946935,0.1525556525523324,0.2000534748398843,0.2918033097170373,0.31336750012548,0.1865377031645579,0.3663332911138476,0.2211780626776946,0.06130622131977,0.1295725435808409,0.0758660477357099,0.2505979817765973,0.349280391089341,0.212672314838319,0.1334250815430327,0.6431062767672433,0.1645040291105767,0.4588211360964668,Others,3
946,0.0843824244912878,0.1437716856188901,0.1731373866129138,0.1858720884569553,0.3222478364154513,0.3009989859830753,0.2683928365783748,0.3829799876568458,0.2247026272133362,0.0885645031767958,0.0989300994118855,0.1263225717107355,0.2391126519383085,0.3728914554903001,0.2536559809957325,0.1545972102209543,0.4939141737703422,0.2185913491889385,0.5806461218907435,High_severity,2
947,0.0514524416549139,0.1016364935051353,0.0706260187215571,0.2794615979130317,0.4653869127704135,0.7364764371450053,0.249614938058725,0.6415086489190029,0.5715578667734745,0.0600067400641348,0.0923782303796037,0.0995197636189815,0.2832297179812343,0.3878462571151104,0.2184110261952989,0.1026099304350819,0.5916015504360335,0.1558937333717789,0.6152706378571727,Low_severity,1
948,0.0509336801954533,0.1151844462826436,0.0778347873955424,0.2896684026006947,0.4591542197679936,0.7101065893073734,0.2263364007769671,0.5988971208409353,0.5515768678427988,0.0684993531572164,0.0966828581280001,0.0734017189804024,0.2459049735716272,0.4108197438331675,0.1540836241277731,0.106380809893491,0.6968258343861854,0.2511170447691395,0.6189857637995007,Healthy,0
949,0.0667133234894233,0.1200515630658223,0.1867405693554009,0.1607737233110037,0.2923079954128255,0.2203689434045173,0.290310261187115,0.4177335745108543,0.1617398204588797,0.1053615690981465,0.0949762987787194,0.121445272187227,0.2116996281226661,0.2956499199376173,0.2084916412910595,0.1602405632892098,0.4176616058864751,0.1654683484708183,0.5137228673957042,Others,3
950,0.0743042014493329,0.1320930056570743,0.1581867018329346,0.2327788931633684,0.3285731078446451,0.350042058987103,0.1706491016496958,0.4265130349919635,0.2590089366338048,0.1051553599749555,0.1145337084950091,0.1186130534529661,0.2505782578357634,0.3416199125389955,0.2055327996886632,0.1880594017608378,0.4845521193932127,0.1537351164824073,0.497828348987408,High_severity,2
951,0.0807161972609654,0.1365286983135359,0.1510132704817215,0.1626185892969217,0.311310823342386,0.346721174608845,0.3137434184922156,0.3902784738215585,0.2498600324299322,0.1158779436599941,0.1016669767061555,0.0761067030274831,0.2484164084785811,0.3668144727003149,0.1775803129177995,0.1977442494108638,0.6563419985399148,0.192444930584208,0.5659722414411087,Others,3
952,0.0717834901222817,0.1341906464089097,0.1648071829585814,0.2118086729748571,0.382487387786374,0.3977386520233428,0.2871947604581046,0.4805637649453819,0.3117750405307939,0.0889787420332984,0.1368598981790423,0.0731565420681518,0.2777401038654635,0.3604254548891552,0.1952204249005755,0.1782266926717969,0.662548064349843,0.1295672414303465,0.4495719717677935,Low_severity,1
953,0.0562167856451859,0.0932722550714632,0.0814877360796233,0.2513656221876908,0.4386129849344651,0.6866463252704623,0.2713814034434599,0.6492767685359208,0.5251323347264494,0.0675103639548954,0.1278736861437682,0.0861044510124683,0.2560949599604688,0.3619406711251254,0.2267616170503261,0.1356267941491971,0.6156438413985196,0.1712615031252099,0.4778687711125243,Healthy,0
954,0.0743564672507357,0.0804616449902082,0.1186807365613772,0.2785171262840177,0.3410008226094633,0.4836393403492194,0.100858573084198,0.6181788359544498,0.3474904002117682,0.0710444387320984,0.0866393248597248,0.0983713387692184,0.2335770310509436,0.3471523207888658,0.1656006890639986,0.134974184741245,0.5584012805659159,0.195573530730114,0.6005486701792763,Low_severity,1
955,0.0751806237956893,0.1259582714219607,0.1743828403920525,0.1681708759862463,0.281766016249715,0.2354125726593564,0.2524690511572803,0.3821399645272545,0.1684620157913783,0.0490407880917192,0.1236760894874022,0.0984575257063207,0.1417935963113699,0.3595776208227101,0.2818845436852945,0.0992219882236064,0.5700874640191815,0.4343767992032518,0.4881525507252199,High_severity,2
956,0.0643757293417922,0.1281714441682968,0.1654173959767649,0.1987797943101883,0.3436215919402475,0.3500796602882898,0.2670380299566257,0.4566624161073513,0.2649117597497712,0.1109498052176269,0.1709450790098978,0.0837766842909302,0.1787109154004246,0.296559573897688,0.2023242944083378,0.1662528892465237,0.5594599121844265,0.2479612371289963,0.2686914324949426,Others,3
957,0.0929757277392347,0.1336368004813301,0.1488231651248197,0.1930017719707146,0.3471964678900179,0.3999303446105008,0.28544094471514,0.4441449488968294,0.2987490851431484,0.0759650948774315,0.1018201961074327,0.1068723095393126,0.2120787318830655,0.2966247718541841,0.296424235809419,0.090883402493361,0.47026972700658,0.166199051805209,0.4889121244104087,High_severity,2
958,0.0606208360189084,0.1288990901776835,0.0609324729635979,0.2700786967018251,0.4706393513818531,0.7707460396772274,0.2707651787328541,0.5700055868231317,0.5957513603256188,0.0814734902180741,0.122487379614031,0.1069774157506961,0.2162807222665933,0.4056438893427176,0.1586454866791346,0.068897208586407,0.5826259475064077,0.3044792946626158,0.5361479737566451,Healthy,0
959,0.0776764536577589,0.149580042565902,0.1669169499616366,0.1748071905245052,0.3198620045944768,0.3141981657204315,0.2932359958963721,0.3627326590334166,0.2324913607956505,0.1015549186720968,0.1330574713280873,0.1148948164972662,0.2411899267514707,0.3035711315397785,0.2286140449457663,0.1635936720269259,0.4508761487704362,0.1145111307771865,0.3905233397256216,High_severity,2
960,0.0543874669898042,0.1100317554091496,0.1169236220585151,0.2534550610593049,0.4308567440151154,0.5731003544482691,0.2592410092012335,0.5931444076689737,0.4494259466795629,0.0452069093349432,0.1417265895563613,0.1324447144021831,0.2054916700845387,0.3150633701624117,0.1577556943966973,0.1403472187121769,0.4080790092047349,0.2104901338115799,0.3794671422129479,Low_severity,1
961,0.0531678291729735,0.1067946066879652,0.1056831720210738,0.1890946906469226,0.427958123519875,0.6039168148936319,0.3871037087732726,0.6005832204112064,0.4676790965430722,0.051621587545751,0.1210269089537785,0.0660924707651547,0.2310904537897654,0.4297019734421852,0.1634411272040654,0.1171579882047698,0.7333876103802606,0.300565671559525,0.5604846129469473,Low_severity,1
962,0.0853701275834854,0.160552236471876,0.1811484795584288,0.1751677299949316,0.2224227361398682,0.1022725481301306,0.1188534690087744,0.161552331333974,0.068518544854611,0.122029837966178,0.1212123559215716,0.1253972173213576,0.2001484051839309,0.2720330741583913,0.2848218137316234,0.218054105914566,0.3689599408516787,0.1522394929055346,0.3835282159697358,High_severity,2
963,0.0846317978173877,0.1278998640702676,0.1874776292561802,0.1912692504402647,0.2973205695260205,0.2265745634900514,0.2170559327107425,0.3984303012507716,0.1673077901731621,0.0912183717180632,0.1300448634631367,0.1032842787844277,0.2564847117559328,0.3198015780816919,0.2446421251522295,0.177708510684763,0.5117573555898334,0.1098705061048725,0.4218255322125189,Low_severity,1
964,0.0987524814593223,0.1218948253912402,0.1462168389507014,0.2414401841310996,0.3331915461451454,0.3900113410762781,0.159669849713899,0.4643002602792979,0.2863586477914618,0.0664767138511479,0.124033789702518,0.117712046068957,0.21325364059798,0.3237206656655735,0.2465073603063159,0.1420167302794101,0.4666818160963709,0.2057212491902263,0.4459740680835798,Others,3
965,0.0905625543718147,0.131603698963361,0.1908575864590698,0.1909818871795717,0.2445461818913517,0.1233076039642181,0.1229870093701294,0.300259254825112,0.0860942577668274,0.0869452404650721,0.1316789058256472,0.1018116993902903,0.2241226141216835,0.2976859830845584,0.1973754092678227,0.2180246904665688,0.4903014267338078,0.1409776867547457,0.3866340298114799,High_severity,2
966,0.0654165758564645,0.1322420683920633,0.0999075463275682,0.2473427242283518,0.4070496801803894,0.6058541387574045,0.2440538045308403,0.5095713266812688,0.457530060514036,0.0974415458832872,0.0825014524477164,0.1429907099196068,0.2487825158717519,0.3343076954937914,0.2154869026452734,0.1817816877962607,0.4008330708930002,0.1466757252222558,0.604128398548037,Others,3
967,0.0311475439049833,0.1095498013101422,0.0890955591169765,0.284445841371537,0.4503129120732222,0.6696545795048854,0.2257435789965794,0.6086547694947912,0.5212830609451721,0.0909071823532688,0.1429083738175063,0.0348462751405449,0.2763941269651901,0.4101199039681716,0.1485351701405707,0.1419968677162478,0.8433756236919251,0.1947895759991568,0.4831787828654599,Healthy,0
968,0.0468074624253175,0.094538665366337,0.0754004827710333,0.242615089842846,0.4293849156327542,0.7012572748361513,0.2779312861131958,0.6391127683695497,0.5284478159576129,0.0387499889585262,0.1392365970998062,0.1316129918420433,0.2734988761078977,0.3835617294118826,0.1377771849026449,0.1050377243644708,0.4890549306390667,0.1675079168943898,0.4673410757496249,Healthy,0
969,0.0694983195322907,0.1059862222448551,0.0943251944817146,0.2740397362547859,0.4437117914699807,0.6493728240081134,0.2363938614704812,0.6143838267538761,0.5048759365755267,0.1080743277981196,0.0877467980280684,0.0884912840722002,0.2447566301392376,0.4143286917840372,0.1964485050343654,0.1146578153939315,0.6480200138369164,0.2572839297194055,0.6504637258396884,Low_severity,1
970,0.0680936801834382,0.1255638360326848,0.124425386930676,0.2234059766532636,0.3062853065474656,0.4222321905876222,0.1564672338827114,0.4184828744478499,0.2930984690911269,0.0978448518127293,0.1114413964877015,0.1110170207119673,0.1859319743602678,0.3340147753383712,0.2101375692232116,0.0992567975178644,0.5010827464588173,0.2848037824333592,0.4996526996994284,Low_severity,1
971,0.01202872477361,0.1158769360595516,0.0987898057968362,0.2071513712198321,0.3713801005022102,0.5797697620655369,0.2838717292138645,0.5243703944135295,0.4214575605811727,0.0739870469052788,0.1141917181413375,0.1345270595525614,0.2283647686190436,0.4409095762035916,0.2063689671772506,0.1433199283251685,0.5324348461901941,0.3175750112472555,0.5885734034322716,Others,3
972,0.0797155506521023,0.1199356673434805,0.1420420118344054,0.2077318642078567,0.3592749744675511,0.4333245602460008,0.2672685758318475,0.499444891748564,0.3254208691227132,0.0547614241698538,0.0950633933220952,0.1289702031169964,0.227442694828512,0.2658908677424417,0.2410495436120764,0.1224455742594797,0.3467565549762338,0.0779354494220121,0.4732662634776413,High_severity,2
973,0.0795890228636992,0.1000711548640198,0.0951673076039766,0.2816105085851244,0.4572675420193738,0.655462331281737,0.2377348106234028,0.640896440804803,0.51608928744376,0.0962629913986212,0.0682727233828357,0.0675766785359675,0.2524306743600216,0.3080310559332079,0.2216670538286327,0.1237486745971123,0.6401741906008953,0.0992045996505355,0.637140378941047,Low_severity,1
974,0.0188764300687662,0.0984772138112612,0.073902983606016,0.2957036116484464,0.5030314995077264,0.7438080552677031,0.2595702692462985,0.672565960789208,0.5977083879712493,0.0763407485851386,0.0899315763635138,0.089358243787332,0.2361546584860617,0.4683601177593598,0.2198556066904157,0.1228848925796299,0.6795578200455177,0.3295962939355129,0.6778330134221164,Healthy,0
975,0.0664627026224427,0.0945052464294755,0.0470226966369241,0.3068856215124172,0.4976798027852022,0.8273453979491174,0.2371394239807745,0.6808252874509308,0.6470604402653735,0.0366242122025048,0.1010279718025381,0.1309230780628029,0.286835480511827,0.406663068194197,0.135667578408545,0.0628493089347221,0.5129224256451972,0.1727870777897839,0.6020100264003564,Healthy,0
976,0.042445042282568,0.1260438457986538,0.1514029392546818,0.1850415181434622,0.3113974467035411,0.3457095376391971,0.2545245992103385,0.4237222321757776,0.2492642968089778,0.0780162500134072,0.090394272575947,0.084702905640836,0.2241646472068666,0.3477738491145886,0.2752396098433885,0.1215442502419697,0.6082892099542438,0.2161232417519382,0.5873991369924912,High_severity,2
977,0.0652181668732705,0.0867136891133243,0.0846602188874198,0.281862919399597,0.424675794921977,0.6675663350241663,0.2021302904250765,0.6608702688640408,0.5053058219204182,0.1404809489960652,0.1178017518217147,0.1443984502876396,0.2189747910563752,0.3937747622040928,0.2526684983681839,0.1148935007239901,0.4633755566573915,0.2852714787266657,0.5394559812971713,Healthy,0
978,0.0766863035339766,0.1353127131032558,0.1747713255971946,0.1839445555261151,0.3145689210316266,0.2856858727593533,0.2620277518021752,0.3984519356365338,0.2119557895943168,0.0840528343623321,0.1561454598105826,0.1215635175340087,0.2088735734393199,0.354857621066077,0.2116355930502826,0.1593407964505716,0.4896804205992597,0.2589603858179957,0.3888668555864487,High_severity,2
979,0.0560771279907981,0.1404137875066016,0.1821771491807272,0.1805315822233301,0.2608255170295622,0.177534750573039,0.1819251008812359,0.3000995370135975,0.1251030946151584,0.0712969577758256,0.1526189731983718,0.107056002781683,0.2726156579165847,0.3294009827985776,0.1784094823390991,0.156206932482397,0.5094315989038221,0.094325174823299,0.3667524703091848,High_severity,2
980,0.0573537907139124,0.0995754389148125,0.1129418300458906,0.2707332735694902,0.4156403246495767,0.5726612068053641,0.2111197916937318,0.613461210014518,0.4414307013132647,0.0484881460564473,0.109032940743253,0.0578630511163833,0.2685811931620081,0.3417135536002774,0.1351277637411887,0.119334646720906,0.710378183140057,0.1198312140588602,0.5162116972110933,Healthy,0
981,0.0950594381036938,0.1424807934989737,0.1836812840702032,0.1977316235596498,0.2643724438818092,0.1800925977793632,0.1442117155365692,0.2995961176751172,0.1276686501501057,0.1250170922202285,0.0837393242552915,0.109528493169671,0.2493918674973695,0.3560413820308668,0.2156466475052041,0.1457510216199566,0.5294863391988445,0.1761540427728413,0.6191769076799667,High_severity,2
982,0.066613308366869,0.1279160311262506,0.1105866480501876,0.2427241522993981,0.3520641900146413,0.5219433795354255,0.1838301626589602,0.46699457397557,0.376269669774377,0.0947052075392394,0.1362405571090822,0.0396547040911625,0.2066433933715369,0.3867961330355595,0.2709519517904265,0.0978010015791049,0.8140244987753235,0.3035738801470374,0.4790401527227239,Low_severity,1
983,0.0823598020343467,0.1429337265466647,0.1596204916172786,0.1862590721525957,0.3223633272676215,0.3376520731066423,0.2675939071306575,0.3856237628200682,0.2485929490698944,0.1138931424607355,0.1298649264603928,0.0975077590546893,0.203476145325373,0.391970598609812,0.2226618861500031,0.1429190017042514,0.6015850035946916,0.3165597178997368,0.5022764061801981,High_severity,2
984,0.0508596747132978,0.1172506731871363,0.0920883320435577,0.2733667324700249,0.4149659397811326,0.6367712997972866,0.2057133316772754,0.5593873985510975,0.4809238440832242,0.0781299649822449,0.1250886505672704,0.0797877987410802,0.2242175533591278,0.4435100563563818,0.1682182062149413,0.1261846581349357,0.6950578032611272,0.3284161083150138,0.5600107807347984,Low_severity,1
985,0.0594512993533568,0.136535517519675,0.1882548706053836,0.2176267979216824,0.2653377744345985,0.1699386104958126,0.0987877356720896,0.3205046453536876,0.1212513082449104,0.113902110795726,0.1784753558571683,0.0863028912928624,0.2229044368908491,0.3354824891745127,0.2087110820439096,0.1583520650534248,0.5907734345973238,0.2016129802267,0.3054864028929576,High_severity,2
986,0.0786230382707965,0.1178798289641835,0.1209790443088901,0.2034260555471726,0.3221012880642082,0.4539182379820957,0.2258212326336991,0.4641595995740118,0.319891482493165,0.0616303031813906,0.1025721112633847,0.1244254192104178,0.2241932415645438,0.2955227327893467,0.1674838241293377,0.1555367820676085,0.4074248517684269,0.1372470632896736,0.4846850553543061,Others,3
987,0.0897153063681571,0.1088031765819253,0.1237993383558347,0.1828842323336549,0.3575478082470621,0.485613078920079,0.3231924882279811,0.5333850249214169,0.3572871292799723,0.0830290877309021,0.0503605572728298,0.0955575856935489,0.2164109953607477,0.4186503115452223,0.2417452889412362,0.162586487216238,0.628330929156551,0.3184563663149124,0.7852478028931703,Low_severity,1
988,0.0742781087292306,0.10597041856413,0.1190047642138271,0.2519616036272727,0.4076062567313458,0.5480354209061755,0.235979741371034,0.5873238655039692,0.4216808800452158,0.0815698250306132,0.0910975186418567,0.0748862835391097,0.2285686168224702,0.3226138825668052,0.1947207724243588,0.1596780237528766,0.6232138251778435,0.1706245496700993,0.5596083725238685,Healthy,0
989,0.0472998000972314,0.1276799234899856,0.161849276888197,0.2061443239721037,0.3035038758041535,0.3044023621552762,0.191032857321564,0.407770311876274,0.220107944726059,0.1111448452787898,0.1358437127381641,0.0953142486270843,0.2047169188446779,0.3565176631446224,0.2886486444282236,0.1343017935054625,0.578098641800923,0.2704764623767223,0.4481950884364107,Others,3
990,0.0476787209570898,0.109234652787558,0.0945428325887751,0.2249770721187551,0.3281776325000559,0.5526933735327539,0.1865672650337814,0.5005414504271073,0.3798032157368297,0.084964710150991,0.1211876198498736,0.1084076448269174,0.2287044948571556,0.3430586079481048,0.2284021277169005,0.0988836585712948,0.5197530528115029,0.2000026103991142,0.47791662013198,Others,3
991,0.0536198242134574,0.1199665816247922,0.1419313795849328,0.2445635311925487,0.3954969884693875,0.4718128479195307,0.2358112282203533,0.5345293495605391,0.3666261932281832,0.0630937461671916,0.0888719590290482,0.0981680606474795,0.2696864585442356,0.3401706836183085,0.2320206423017966,0.1814893310771426,0.5520904235289087,0.1155749768284042,0.5857196921934175,Low_severity,1
992,0.047549569589487,0.1075164798371405,0.1278937980881261,0.2162093813899115,0.3216291840116019,0.4309799357054784,0.1960064030421305,0.4989278051983952,0.3060516536867684,0.0797838938337938,0.0855062304234984,0.0797461319140026,0.1878572806984162,0.3823247186018056,0.1992740346820067,0.1588114987248784,0.6548315834033578,0.3410620435967063,0.6344567173178891,High_severity,2
993,0.0727660093188635,0.1037679980059239,0.1184490664235158,0.2043629157773915,0.3396142273109302,0.4828266397080725,0.2486341811453259,0.5319253137323298,0.3462691280426768,0.044417667945075,0.1154762127750797,0.1091584938428474,0.2377968662106562,0.350668709916546,0.1787528931328432,0.1261283653484398,0.5252195044120744,0.1918070457896953,0.5045480186363754,High_severity,2
994,0.0614879708213787,0.1224114692040269,0.0552750258492974,0.2510500624154732,0.4498810317091029,0.7811566345795737,0.2836669266926422,0.5722066285729361,0.5888727470115434,0.0221163529766406,0.0839078219484823,0.0868189269922588,0.2850474506292156,0.3915840463902608,0.1608401846011793,0.1422165762597095,0.6370468754472373,0.1574514284811347,0.647069371589312,Healthy,0
995,0.0608700319361128,0.1285234666715378,0.1411584230179397,0.2229024790216406,0.3351022848757133,0.4072220501152079,0.2010732042329158,0.4455723555362554,0.297989861145114,0.1026318725932685,0.1408356782573759,0.0802572070037322,0.2158196621412606,0.2969580592901736,0.1785809246666672,0.1946344883003224,0.574475297395837,0.1582330779161247,0.3566117274937971,High_severity,2
996,0.0852385792333305,0.1205401404680706,0.1574435403283915,0.2000448864606039,0.3245164110668717,0.3466530159919055,0.237286900869289,0.4583153981113486,0.255213367664975,0.0749849793053231,0.1162621504175577,0.1016990360190739,0.2076750295174977,0.3267565778270664,0.2548703274349731,0.2116078966819143,0.5252762118990728,0.2228190598629643,0.4751366341634179,High_severity,2
997,0.0778741327982924,0.1103853554446011,0.1409941858430236,0.1894360490675543,0.3521514563447706,0.4281843991664767,0.3004415826641655,0.5226959124936935,0.3189219106423152,0.0747207842942115,0.1077185841737385,0.1200899677255936,0.2567830148349628,0.31317987413977,0.2008684294719802,0.1601605036693025,0.4456573888984823,0.0989483006626197,0.488149305153768,High_severity,2
998,0.0686891847773012,0.1386660527514668,0.1652992893469167,0.1773345664059858,0.3658553771676127,0.3775850999046243,0.3470624097371266,0.4503065894596091,0.2917449161607466,0.101171051440664,0.1072033464921802,0.1250703523369561,0.1946928947047377,0.3270163026438213,0.2552782244401747,0.1906506963923205,0.4466974374977997,0.2536344166665649,0.5062252631566049,Others,3
999,0.0666909519578428,0.1451370746196003,0.1280413397055375,0.2222531942221702,0.2863295431635422,0.3819964432877775,0.125990019383564,0.327238453045065,0.2596673949655971,0.1102088667605477,0.1288347976383052,0.0952923664560619,0.2303699775227049,0.3429151402154848,0.2159630101336883,0.1137895791465866,0.5650810859911297,0.1963162119693773,0.4538004680003364,Others,3
1000,0.0406155441408701,0.1127696819833556,0.105418866549427,0.2101745968898021,0.3587205535549688,0.5457448258727264,0.2611130654726643,0.521645737351906,0.3940846340119273,0.0887406430867777,0.1204731255432248,0.1153394412838022,0.2048408608272863,0.430696508343214,0.1931230686584001,0.1425906810878535,0.5775390196832727,0.35537744666488,0.562845562830674,High_severity,2
