sample_id,sat_Blue,sat_Green,sat_Red,sat_Rededge,sat_NIR,sat_SWIR1,sat_SWIR2,sat_NDVI,sat_NDRE,sat_GNDVI,class,class_numeric
1,0.08953829332748126,0.16062636092435506,0.08895081637285841,0.2188583897948693,0.30481620565007206,0.17508888745809592,0.09286713033099045,0.5482058608367744,0.16414356664021196,0.3097908422663791,Others,3
2,0.0778107804781231,0.14140276509502755,0.11911025582080449,0.19106817555290792,0.3202051349915224,0.15490178468631532,0.17392893966197043,0.4577460370757294,0.2525791133143695,0.3873468583682602,Others,3
3,0.1116457625533682,0.13540749631980095,0.11020132446960672,0.21372107157316272,0.27894467834584213,0.27542164306455547,0.15610836889977353,0.43362479032390666,0.13238916401922052,0.3464134878545453,Others,3
4,0.08457535462198834,0.1350853136469722,0.08558908069634327,0.26404469618498894,0.3250375019426722,0.2456819590728932,0.1924856022784664,0.5831293719647702,0.1035387013078019,0.4128293183033698,Others,3
5,0.0679334999273331,0.0736170509465521,0.05033893145132312,0.26482727879633433,0.4458992549755776,0.16123934479033575,0.09148516972349019,0.7971178646537377,0.2547702492803699,0.7165938773918423,Healthy,0
6,0.07520634574132698,0.14818475183213178,0.09448307770197609,0.21924064900055162,0.41524465952101663,0.20148062556046561,0.17312400325995064,0.6292802184290702,0.3089181229068635,0.47399000177769574,High_severity,2
7,0.06346851486229793,0.05596478487798957,0.14989065800092,0.28639662812404887,0.3681615063780202,0.16388654932853122,0.1877036820880125,0.4213298647999497,0.12491614410410001,0.7360937719175336,Others,3
8,0.0641597236440108,0.1038535560918303,0.056938603385313195,0.22899956127737556,0.4006115313269185,0.26873384658827026,0.14982390186817227,0.7511153464259223,0.2725682124495221,0.5882626620477184,Low_severity,1
9,0.07620969035913565,0.1122807237113064,0.07022015468296972,0.3165539334611267,0.39790924492613805,0.18401009970767052,0.14990053971326764,0.6999968182233196,0.11386914529122708,0.5598473877831326,Healthy,0
10,0.054422746293606356,0.09335671396233386,0.08731542527247103,0.2317351552079588,0.36209794629007686,0.12520583310923517,0.1466334444925802,0.6114248894335856,0.21952765979743774,0.5900504611783046,Others,3
11,0.10793398437968768,0.11952150414361302,0.1092855620716831,0.18572118423670228,0.24285888862635518,0.2462132572711757,0.2262773995315011,0.37931401812493815,0.13331862120409388,0.34035336056670773,High_severity,2
12,0.09368553299510068,0.16805817504578197,0.13145949570419646,0.2263800154467666,0.41331988894045574,0.2529189207689978,0.1608128309035426,0.5173844700825283,0.2922305790756081,0.4218626898528452,Others,3
13,0.10842246597884633,0.15529808774741036,0.103294852826298,0.2140568636198698,0.2880190679694328,0.23164331255026047,0.18331811940851916,0.4720614456227393,0.14731278616650348,0.29938155677150097,High_severity,2
14,0.05588788250797079,0.1065391289396221,0.09784188012339028,0.204319964029888,0.39833516833739135,0.18357748611258812,0.15220256630405007,0.6056170658158776,0.3219340446755934,0.5779578025095367,Others,3
15,0.03926103868840659,0.10728886318878586,0.1184871470620605,0.31476017690933644,0.37963122079043043,0.16763947138764895,0.11958140234648154,0.5242610804621106,0.09342143940144576,0.5593163366275713,Low_severity,1
16,0.08199680465443004,0.09331934846143689,0.15803326501527634,0.23538101447749982,0.29891503527059854,0.1873160672617174,0.1205547355738391,0.3083100870868413,0.11891164238076017,0.5241653851275297,High_severity,2
17,0.15153363265208752,0.1493505808258998,0.15889570980007764,0.22840744890259138,0.32937129190158243,0.29050380437994583,0.20939062836452957,0.3491441803508738,0.18101056138035507,0.37604446617412324,High_severity,2
18,0.10758155931890015,0.11629925725496051,0.09844147596098599,0.2166936895842532,0.43205228227694037,0.20948450898357274,0.12047056051897419,0.6288684855106816,0.3319613562683755,0.5758222641109421,Low_severity,1
19,0.05774561751719968,0.06220226543260472,0.07992096558080848,0.23278304584895143,0.4444933398184035,0.12249544529991109,0.14794477120468189,0.6951991402295237,0.3125906918500386,0.7544787648126895,Healthy,0
20,0.07588136857096789,0.10999627735351247,0.07532692802569711,0.2876825474445742,0.3751922431902737,0.18400557818977403,0.12930304591760014,0.6655994557461941,0.1320154227948385,0.5465833477254094,Healthy,0
21,0.09601063931454033,0.13383587477665057,0.1069811134743366,0.1797172921207486,0.31722121094114675,0.21780514488323782,0.17897171639173298,0.49561278985565227,0.2767020827993108,0.4065679089658082,Others,3
22,0.04244776226634914,0.13842401411505872,0.06317204614641567,0.2106094586913448,0.3773854796891751,0.17373875556970997,0.11683599134028881,0.7132177187231141,0.2836351303587268,0.4632746555549245,Low_severity,1
23,0.10519720014231984,0.11538376559107612,0.11850769284700631,0.2324498827846563,0.35742213561084624,0.16163426103950418,0.1150177823403685,0.501995101962805,0.2118633346367643,0.5119190970427466,Healthy,0
24,0.0828933112032794,0.1210565260655863,0.12273500270482395,0.25737813518234914,0.36927625373616024,0.1962902676298754,0.17969109169729583,0.5010886393427636,0.178564325938779,0.5062270725015268,High_severity,2
25,0.08278998801850473,0.1779822931263841,0.11185466942719478,0.20919455761116046,0.357525118085898,0.26592779285522306,0.15496252106060288,0.5233937531914932,0.2617353284801568,0.3352760787251566,Others,3
26,0.07150897612244425,0.11271975517665958,0.047948744345416155,0.26051311948842704,0.311506256797808,0.19318947845714804,0.0913181277686959,0.7332142037644871,0.08914582166857285,0.4685863101509027,Healthy,0
27,0.09246985896591749,0.12632044681982701,0.07736539076875959,0.25625190857935515,0.41126995686985085,0.1896638810953287,0.17690141858743733,0.6833409979747179,0.2322291692814841,0.5300494727850646,Others,3
28,0.050142301563812205,0.09423300496615719,0.021467860604624286,0.2953751342996179,0.38774149940097347,0.17980067247435422,0.09363112113489183,0.8950763951033249,0.1352131693836627,0.6089709969622052,Healthy,0
29,0.042229728426413815,0.13985696246994928,0.08610610807782271,0.18289217239026886,0.348004356609199,0.2236444629143107,0.1210617662933198,0.6032986298088798,0.3110063358863957,0.4266527925028647,Others,3
30,0.08810100345593046,0.08760468891804554,0.08922466495885992,0.25008692208742433,0.3519726259539454,0.1995935745324185,0.14672560784295166,0.5955339400463654,0.16922861567095374,0.6014139676722998,High_severity,2
31,0.022087290107282026,0.09650290336056658,0.0831382254130766,0.24993749610154037,0.44177173619958376,0.16494610060288695,0.15570858908268534,0.6832286239809423,0.2773336412756329,0.6414361878931408,Healthy,0
32,0.0767995199909696,0.0965632001102932,0.16282965587836432,0.2508989276496793,0.372109036230021,0.26438956745372405,0.09523057492216676,0.39122124355374555,0.1945562747312597,0.5879286519537875,High_severity,2
33,0.101431027238153,0.10238400165184505,0.10884153659847298,0.21478195109447254,0.33310820260211754,0.24765857629476867,0.17449026150907238,0.5074483501433977,0.21596710710952394,0.5298009899982569,Low_severity,1
34,0.08428881428382701,0.14446032061335937,0.12530257604801454,0.24763429528261563,0.3747601700677698,0.14352284684926084,0.10235257657337174,0.49885258591528026,0.2042529004713866,0.44354923117979433,Healthy,0
35,0.09378470356950008,0.09709513290860072,0.10132209111163734,0.24521905842553146,0.36174848382683367,0.1768199612295088,0.13584313752093224,0.5623902852168907,0.19198625509508968,0.5767833337231102,Others,3
36,0.08071186687020138,0.12602970237769684,0.10663893378783709,0.22579866218890934,0.3264879387109907,0.20157656047710126,0.09788471444018662,0.5075856957449543,0.1823134516716818,0.44298435714245815,Others,3
37,0.11789640497567377,0.1434962538056418,0.12243323635906156,0.2218495171667135,0.3975401508697551,0.23117550732664394,0.17227791019204566,0.5290788360859544,0.28365121791585524,0.469550468080851,Healthy,0
38,0.055765152767512864,0.10926076667530309,0.058165192786885714,0.23517480999218016,0.4614520286773591,0.23973163401388792,0.12612655150888918,0.7761229213189652,0.32481840509811116,0.6171077026307523,Others,3
39,0.08355452790397111,0.14175347020902188,0.06938599943672077,0.244306671850274,0.2965630633565118,0.16864903107906337,0.11680316180064637,0.6207887572816381,0.09661548447753152,0.35319131561881634,Healthy,0
40,0.06521158961021055,0.130248851784197,0.11054864802098398,0.2175921533170875,0.3638794940537244,0.24129879692171172,0.12915359171401206,0.5339709506373429,0.25158121018985397,0.4728136813793725,Healthy,0
41,0.11054927322336756,0.13662480359057738,0.12311052889748657,0.20109850253868466,0.30818436312414865,0.24476544147021542,0.17854534298052596,0.4291120475810739,0.21026794303415527,0.38569250000101574,High_severity,2
42,0.08281275646703253,0.1463777797216586,0.11795720104747369,0.165091271885206,0.34174477640718287,0.2625092798296731,0.16747505070752056,0.4868101211981034,0.34854171307891496,0.40024168978160585,Others,3
43,0.11631524797163967,0.16714206439136284,0.09268159978643106,0.22187918113774677,0.31277426224415167,0.23573468721805288,0.16073600182416423,0.5428276739062647,0.1700074734980792,0.30345331002542275,Others,3
44,0.0641715756649959,0.10218202196881693,0.07726802738867804,0.26900854603107144,0.30412590582802695,0.1555740566594428,0.1407137875279747,0.5948124987883592,0.06127246352586898,0.497021766112777,Others,3
45,0.11567800017154391,0.10427279647362128,0.1583554463094941,0.241712976567562,0.2730344320496397,0.2469443406715148,0.1222539702022906,0.26583606035530316,0.0608482042993057,0.447279094642668,High_severity,2
46,0.08280914209129857,0.0857065048378521,0.0501183297116093,0.24787219705052327,0.4369856527757432,0.21587389400882326,0.11488929895123048,0.7942191749051832,0.2761353407472717,0.6720574296383021,Healthy,0
47,0.06972696768415904,0.136793397762354,0.10159279298177597,0.25642735934227967,0.3419112908389703,0.18210948700111124,0.145048322912841,0.5418631003053521,0.1428688109497785,0.42848523935691585,Others,3
48,0.10032385041637924,0.1606800408450213,0.13551436125072597,0.18837195016525346,0.29456849896673254,0.23060501327800256,0.152906678908958,0.369822079483906,0.2198957428236787,0.29409969810573006,High_severity,2
49,0.08831218044114349,0.1123619211415102,0.06413983605839299,0.2736044326677395,0.42037480940122857,0.165908335393803,0.17820608845938313,0.7352408780232083,0.21149101851507965,0.5781709249631101,High_severity,2
50,0.0742835986649189,0.053974056349020985,0.05056514154456311,0.319127683796659,0.3666629897026766,0.19420619956304552,0.1175439329299948,0.757613939436891,0.06931459954604301,0.7433699344570455,Healthy,0
51,0.08520833107923796,0.11714193257313951,0.10521501005193493,0.2154257195465501,0.32316071793658296,0.2508360333193327,0.16999221020724276,0.5087723081511515,0.20003288403155678,0.46790266905035194,High_severity,2
52,0.050185032396225036,0.12011918823081473,0.08785116852093923,0.3364806159569751,0.4416782572616908,0.1353863558956565,0.1502756927938774,0.6681915518062188,0.13518787091585951,0.5723754559776931,Healthy,0
53,0.06972055188696104,0.11786576898387112,0.08634898101852322,0.21541029580166635,0.3971438032392334,0.19231368062004134,0.09180721344996592,0.6428117075166548,0.29668156285643077,0.5422773659328758,Others,3
54,0.04753683350050644,0.1325841485435897,0.11024496330497031,0.18333557676719675,0.2754917173754598,0.23261511462491224,0.14291014652014794,0.42839263763818947,0.20085147894364425,0.3501985311236681,High_severity,2
55,0.09565693725065583,0.10649818832589643,0.05590174672215207,0.21444313950730035,0.32782505604788437,0.18429769403581903,0.1810319085516326,0.7086377791772162,0.2090882656772843,0.5095901971378556,Low_severity,1
56,0.05980048171620064,0.1561797585223855,0.18292714757673134,0.2094671138396279,0.33190508523499496,0.23486940807560994,0.22426341830504912,0.28937181505639087,0.22616228096797814,0.3600302876849006,High_severity,2
57,0.06448606442132865,0.1191789946284534,0.08186697654580743,0.3208133972630608,0.46271329964542235,0.11790015620549484,0.1924279736054728,0.6993391787217069,0.18110410652533981,0.5903743843964356,Healthy,0
58,0.09133077173471527,0.1341744791772465,0.11055869831459843,0.22741766453355616,0.3261226734578599,0.25089021340223494,0.1454146737384899,0.49364133456919124,0.17831583743736915,0.41700930188629126,Low_severity,1
59,0.09962230426172372,0.12815444377341068,0.09019586450344307,0.20189917264482804,0.3216776251178901,0.21704577964261493,0.16813697520838947,0.5620215101177449,0.22876959595017224,0.43021206073958934,Others,3
60,0.04905366138744502,0.14521892294497313,0.10193215769466647,0.18685422621694836,0.33242639057825857,0.1998243541232697,0.19676970224014959,0.5306543034552258,0.2803342925829268,0.3919382485978899,High_severity,2
61,0.08223410029520416,0.13918401557613075,0.16552965166046146,0.2556911474609867,0.35469722813621324,0.14013942957834957,0.20062163575086361,0.36362514860763434,0.16220177944633962,0.4363664652258103,High_severity,2
62,0.08906961520278046,0.09846125637078418,0.0469501488928995,0.2620085888194583,0.3768050134310286,0.24559330864016024,0.15813478270714498,0.7784090764326325,0.17970253640052763,0.585658555521549,Low_severity,1
63,0.07220762582750583,0.12197031615436066,0.09150912810977885,0.2333091115619224,0.34505361440416504,0.2043034859627792,0.15623287993584253,0.5807744491303858,0.1932083411073673,0.477669951479817,Low_severity,1
64,0.09850231531106009,0.12999646571836826,0.04521931871092635,0.19586114403320118,0.36553959990858165,0.18544809387560626,0.1367629272076725,0.7798255051264577,0.3022412380219006,0.475329951801198,Low_severity,1
65,0.0515732043826649,0.13991048657576957,0.06934487377856846,0.21683628129714916,0.3927662107491587,0.21056554232673194,0.14048860557927284,0.6998779033857705,0.28859778584803614,0.47468891626612536,Healthy,0
66,0.03423593420909239,0.13247678050512335,0.08352229577643466,0.2830076369784329,0.398751621661532,0.24083522381496886,0.12211565193856629,0.653631296421176,0.16977251605500113,0.5012436083432033,Others,3
67,0.08989370766574081,0.08965906308523544,0.05824948621461826,0.26653116594281745,0.3656420770413104,0.1947287290990642,0.12115182203914193,0.7251679850988231,0.15677808606806437,0.6061548931754674,Low_severity,1
68,0.07788330615419285,0.11365901051584948,0.12463351297277628,0.21256543969515,0.30879660679224874,0.23444284772277513,0.16068629750686433,0.42489685285211054,0.18457647184992138,0.46191265610296,Others,3
69,0.02981920397526152,0.09884369467970927,0.006324677708616194,0.3090508009502248,0.34736507320356785,0.16213663500380548,0.08620852899246759,0.9642360136684509,0.058368899598498045,0.556962113727153,Low_severity,1
70,0.07320709569763291,0.12381587574923636,0.08693996884219506,0.2953610516041548,0.43252141962676416,0.2172009854626959,0.09338021887677483,0.6652687927453526,0.1884375204016907,0.5548891768417021,Low_severity,1
71,0.11181209352366772,0.12521817524236192,0.11048577651842274,0.21944217583482045,0.33427976511675017,0.2766498120021696,0.150907850036102,0.5031729476513686,0.20739215983491902,0.45497829590052147,High_severity,2
72,0.03827962421046553,0.07884519184762134,0.03494993199137071,0.2573304835793602,0.44056008734498864,0.16547924609702497,0.1076951405557991,0.8530002289325125,0.2625477566245704,0.6964020390005187,Healthy,0
73,0.14021805199716075,0.10470116029677615,0.16414042636555604,0.19488631751599597,0.31412736457008367,0.29227315238237944,0.17727547487880319,0.313604514138631,0.23425902141845129,0.5000285124798541,High_severity,2
74,0.056613418079380876,0.06473331352354712,0.07559833656107684,0.2313682750570711,0.3675225194470403,0.2103503207854235,0.1553639404916862,0.6587913408449815,0.22734402605521176,0.7004861075966008,Others,3
75,0.08379394385670969,0.04701850412152053,0.10023552349514855,0.18165084059411,0.2787201684067,0.23208897124819033,0.16190576604917145,0.47099080110341734,0.21085021844288032,0.7113115015998166,High_severity,2
76,0.057143716167184014,0.12409360226593419,0.09477064061002703,0.17735914999481542,0.24495804473292357,0.30949623791580916,0.1539159973136492,0.44208043242296363,0.1600666408614692,0.3275000760729933,High_severity,2
77,0.07353151241082788,0.17242414193801775,0.08475061592690554,0.19308806445379184,0.42321646515523764,0.24749428960612266,0.1049875712854481,0.6663145346097712,0.37340046948451666,0.42104638305486625,Low_severity,1
78,0.08315378018956289,0.17474375354421856,0.15254853233585608,0.25033764567107575,0.3261934658598399,0.290768053539528,0.19341667018626058,0.3627108843143583,0.1315728131086235,0.3023327204470731,High_severity,2
79,0.047002638709400094,0.09814021990913602,0.17161195228275158,0.1836149241912551,0.35482010797978125,0.18422253629073826,0.14778634520879114,0.348018613466785,0.31796813646802613,0.56667189655866,High_severity,2
80,0.14766944744507798,0.1328918728669458,0.13552344226395693,0.2774963607048687,0.2753189060073969,0.30687318626396665,0.1525609596221989,0.34026546759757986,-0.003938846896218528,0.3489056157047084,High_severity,2
81,0.07433985706832069,0.09222811200501096,0.14454370001820668,0.1976141136905539,0.2901389836803934,0.22643956153553058,0.1593022209791984,0.3349461322529689,0.18969611979618503,0.5175938879380333,Low_severity,1
82,0.06294307439619991,0.0829929767650413,0.13767693517478516,0.294477995889611,0.4111560061767928,0.1854760250589867,0.113558028411471,0.49829201273620183,0.16535202377648722,0.6640973486540178,Low_severity,1
83,0.10126025108875462,0.09285342705121107,0.10970009388440558,0.2191654462280873,0.41553746435975314,0.13709947100845565,0.1353578267796005,0.5822838935923501,0.30939202397826204,0.6347164018084195,High_severity,2
84,0.12721408091018066,0.12556307400497058,0.16246803905366308,0.16841344991935703,0.29374728082204465,0.2472216669284289,0.15332746811233125,0.2877571972027322,0.27119100037258936,0.40109719419273054,High_severity,2
85,0.1139220930335628,0.12874191767323562,0.1446311215729344,0.2502324030670279,0.3386232557667835,0.20366698326987887,0.16631254529918968,0.4014286125285868,0.15010614464469557,0.4490735510922354,High_severity,2
86,0.05832761666022605,0.13460735426081258,0.11707503041817605,0.26254881009537484,0.3356591310876807,0.2420858477234077,0.18332470993348512,0.48280894011281045,0.12221556411925602,0.42752733416219896,High_severity,2
87,0.07735893253852826,0.131040906119345,0.09692297967102469,0.21751260133269834,0.3681822291724927,0.14911158537271008,0.14474947890387854,0.5832212676696381,0.2572493728685198,0.4750206997408459,Others,3
88,0.03685406501736526,0.11242855934921836,0.04809516708963338,0.22356191274240622,0.4263139678963165,0.27025859601658575,0.19331593269514247,0.7972418170613104,0.3119858132827423,0.5826260090361182,Others,3
89,0.0898961455107366,0.11240063066273115,0.0897335544103024,0.22270885445988112,0.3645112946215522,0.20091793754014048,0.16221693090473252,0.6049110755947847,0.24148088307849683,0.5286314948164483,Healthy,0
90,0.03507600972307931,0.08528342878502988,0.04045395965053829,0.2442839016247695,0.4285850957607728,0.26452454414501925,0.18710732146467876,0.8275028094832603,0.2739035307795611,0.6680729614237024,Healthy,0
91,0.053950131636891746,0.07966821525790757,0.039393665375521046,0.24999375291063575,0.39209484987258636,0.15071592127468908,0.14665619633488336,0.8174057293141648,0.2213107293074409,0.6622532743809835,Others,3
92,0.07563856972529476,0.08047883742191636,0.09906275217981399,0.22804050259856998,0.3609767023677539,0.25359242526587045,0.15668773533573516,0.5693293207764599,0.2256915394802166,0.6353932381944503,Low_severity,1
93,0.09435763518974911,0.14430832742208782,0.08145042257292744,0.16629827644898074,0.3836300066412063,0.16411717948702687,0.1485510745571207,0.649736185585974,0.3952001322263027,0.4533136993049388,High_severity,2
94,0.07539488784925778,0.11570710329945655,0.10509106402912285,0.21030272141938974,0.35310228155651757,0.2237083403061725,0.17912874580360585,0.5412807058784297,0.25345809743055175,0.5063788949745379,Others,3
95,0.1097081674751133,0.07183722381452126,0.09877972351391746,0.2585289097326414,0.3556434000518319,0.17908507436114288,0.12220076046525281,0.5652522136689848,0.15812254764997485,0.6639041874469597,Healthy,0
96,0.10310136026240238,0.1294971641305352,0.12338986622467743,0.20935283481377806,0.3741859260894987,0.2197760881222074,0.12580370715070985,0.5040358951113626,0.2824715380012986,0.4857990405277875,High_severity,2
97,0.08532831098373356,0.08151588544171474,0.05856538573350894,0.23788804838450692,0.4285771292576835,0.16694777689819973,0.17444664392425796,0.7595554322144606,0.28612009639842445,0.680388152385295,Healthy,0
98,0.056294833457243426,0.16818564567535976,0.13518093521141505,0.19539339704726502,0.38138096344278977,0.19134441531555102,0.12254594636334966,0.4766128296972695,0.32246157099892736,0.3879335356810149,Low_severity,1
99,0.1142663226181684,0.10482114709995169,0.09367333239074167,0.21793800117973244,0.20178983338144083,0.1589630571511872,0.15657185650201821,0.3659220962726115,-0.038472949536869715,0.3162596660081909,Low_severity,1
100,0.05370784031776776,0.13003796220764377,0.09672570509885328,0.2895178962136688,0.3953560492024978,0.17026592130335433,0.10284076207987203,0.6068714019434324,0.15453669057963065,0.5049887917122396,Others,3
101,0.11644066748621149,0.14804091449661946,0.06553126358197428,0.19937721437494596,0.3608299615838158,0.21130730063802608,0.18063791601074322,0.6926021424368853,0.2882018548451346,0.41815921698289843,Others,3
102,0.11101385894289442,0.08358458033239609,0.06899018774656633,0.2785735575194932,0.39436764698603366,0.21123822950929644,0.15466853077734563,0.7022163754439158,0.17207162927647635,0.6502387663246147,Healthy,0
103,0.07775413940305899,0.10930197301436022,0.10460073629811181,0.2584602652449939,0.4203386013635565,0.18068945033934128,0.13252712314255374,0.6014749560813876,0.23847761698151831,0.5872598199534105,Healthy,0
104,0.08841680354056385,0.12036528655369406,0.0994060781012506,0.2659192891104089,0.4092043605884623,0.20878252684752707,0.15208026657701434,0.6091072044948921,0.21223530169912364,0.5454222604968011,Healthy,0
105,0.013591878673254135,0.1273642125508301,0.08356747657919963,0.205197084648551,0.3675667324112106,0.1655715946430894,0.15529011831623288,0.6295227676650162,0.28348447113187336,0.48532532125022626,Others,3
106,0.08293922797528862,0.14014669740111907,0.10307283019835485,0.20498811678640866,0.308144197830086,0.22042381145072149,0.23704339186612214,0.4986937642512895,0.20103212778710738,0.37475108733208284,High_severity,2
107,0.10616929476062421,0.0918125802266147,0.07929173730620095,0.22598509323005259,0.3985039512438807,0.2437817886001571,0.1787549159023727,0.6680935420458916,0.2762560200862406,0.625496697199819,Others,3
108,0.10288754499309094,0.13962041302449865,0.08993826491051193,0.20928335288136196,0.3674068681930976,0.23287782216469524,0.13096484515746915,0.6066941204766825,0.27419142814165987,0.44925877483669746,High_severity,2
109,0.04507665632399908,0.10145797487390673,0.04634875835063801,0.2561218235967037,0.39746180450386415,0.157292090239546,0.13271538065082916,0.7911326938568928,0.21625385770130132,0.5932894262061916,Healthy,0
110,0.06258900350943837,0.11908015302385393,0.07552583640084473,0.265621393710629,0.40613062391258575,0.21113806044062017,0.11869865220748635,0.6863912658756931,0.20916830395106947,0.5465433755245854,Healthy,0
111,0.016624895214972006,0.13719964837238346,0.1043527387121137,0.3103313260498032,0.42014148879055285,0.17045523852405445,0.12443711452246305,0.602082412960081,0.15032751460401514,0.5076636579500367,Others,3
112,0.07502398948322632,0.12350666640158628,0.05074312052662497,0.2664694068820197,0.43881153690812397,0.14145502306370067,0.06555534401869,0.7926968122721278,0.24435954429726467,0.5607232144552786,Healthy,0
113,0.035304891561877993,0.12784726901022897,0.09333041634734729,0.17915648755669866,0.35331897127092404,0.21964868026811663,0.15464680704753608,0.5820864466196825,0.32708077119213613,0.4685941850969187,Others,3
114,0.09265530268471807,0.12495011042563176,0.07050773775073234,0.2893209921383775,0.4306974804146206,0.17468241109450008,0.07844544242907582,0.7186472319309689,0.1963511960671771,0.5502541089517486,Healthy,0
115,0.10442296828663947,0.13824230074819846,0.12897837023658543,0.22707783804920129,0.3586080102985006,0.1895361353766904,0.07155983648653085,0.4709517107715673,0.2245746121753898,0.44352535290974165,Others,3
116,0.0582217571940398,0.14728218859000705,0.061427915235867846,0.31304210666614013,0.4645194281049343,0.1577199153937257,0.11194257476597085,0.7664103982513553,0.1948107187213052,0.518529586810669,Low_severity,1
117,0.07778764668897034,0.10637110533512262,0.05743589802644844,0.3014885811371985,0.44043640077137997,0.13241863726641823,0.09357352924703961,0.7692745783803027,0.18728014694523779,0.6109376548521464,Healthy,0
118,0.08175380357506726,0.13441889684108654,0.09316135591723915,0.20178202747985613,0.2964357182411952,0.21952873440176343,0.1423738266322437,0.5217553616465098,0.1899845831953465,0.3760359428183629,High_severity,2
119,0.079826879394504,0.13987869274346218,0.0592316506610387,0.26264729410778137,0.45935310439106763,0.23408714216947357,0.04420542215691799,0.7715642425505269,0.27244557024105276,0.5331399521442323,Others,3
120,0.05901362783080728,0.11545840706123398,0.12678861220799353,0.20367467528325023,0.24583459031811097,0.2347840337942207,0.13684043265838258,0.3194808517104556,0.09379098110126494,0.36085997847333473,High_severity,2
121,0.08252463692157486,0.0767095122805325,0.07513789601052559,0.2524211263718471,0.41269779255994476,0.2113015903452829,0.11749594201415371,0.6919540830204286,0.24097445077266563,0.6865207710557732,Healthy,0
122,0.04343670363879691,0.13466535859740822,0.10341205901162545,0.2511939870231505,0.319562643065462,0.22948256045892163,0.1312282413210048,0.5110248508773533,0.11978600411824736,0.40705831386697566,Others,3
123,0.026967867743357,0.10310807224414814,0.11117494804762126,0.28893734355218853,0.46844655257839385,0.15128270974473987,0.13020230509658012,0.6163877705449237,0.23701218093400775,0.6392013369635091,Healthy,0
124,0.0801434324828881,0.09589850664899731,0.14621080771789882,0.2512044639674634,0.34533049379915287,0.16401845822403183,0.20047487632456895,0.4050924824968071,0.15778795292079872,0.5653118605005812,High_severity,2
125,0.07480873838139498,0.13474908027203097,0.055597061951003675,0.23333750789169858,0.3159827022745263,0.17870781033858846,0.16552097029210905,0.7007530156176154,0.15044994313575172,0.4020875141720791,Low_severity,1
126,0.0723107928731104,0.1430013594339848,0.09168255970590136,0.3318624074004927,0.3858653508218925,0.14637009027178416,0.14704365545413012,0.6160278050234905,0.07524154221811102,0.45921587930993957,Healthy,0
127,0.057826602014922596,0.07310302697148352,0.0922804713487458,0.2348178542039437,0.3464413221100667,0.1618777237687462,0.16442862960405247,0.5793212339819214,0.1920373431589857,0.6515122793024491,Healthy,0
128,0.11857929710901163,0.14509421683667337,0.08370562444190377,0.18759582012556375,0.34427662199934755,0.23805995031980884,0.1133903838895866,0.6088359966427067,0.294583417873316,0.4070173156137252,Others,3
129,0.07310720006047591,0.04751490101393305,0.08969062243848568,0.2084112405554639,0.37129393141480077,0.21405996583557108,0.1377920158226298,0.6108736325814911,0.2809750520350572,0.7730950384289312,Others,3
130,0.07671200583245305,0.10323695619414341,0.03649399806759536,0.29104301849347813,0.3469103689187437,0.26383712276855603,0.15965399498549682,0.8096318080336542,0.08757277808631835,0.5413192506775251,Low_severity,1
131,0.08843978892092202,0.17355649051231253,0.15259822192195424,0.21949912516866182,0.3412858761679989,0.1990146389504486,0.14889426924760368,0.3820484501845171,0.21717191206799738,0.3257878459715748,Others,3
132,0.106248395767071,0.11943118867313637,0.12624210325418475,0.2264029676411962,0.34582127440690563,0.28191873789863914,0.13846960274249687,0.46514765081048903,0.20869144994327415,0.48659621108727186,High_severity,2
133,0.09241065158918106,0.12480648100469377,0.07807075272437736,0.21424774666122423,0.30683417574416216,0.26772891024845924,0.16666774127212347,0.5943374742692674,0.1776811382278359,0.4217111893733835,Low_severity,1
134,0.09289717211773044,0.14555483024693697,0.09326446734079971,0.21007336897272771,0.2675989299885464,0.21469950034453442,0.11513827810846528,0.48310375598619754,0.12042892405716497,0.295396318484548,Others,3
135,0.09295031977198714,0.076240927251277,0.048223333252409115,0.2128697852416329,0.37019177150190463,0.2192445429255898,0.11045358398929614,0.7694952562445132,0.2698205437157137,0.6584438036720595,Healthy,0
136,0.026025148473467846,0.10884999343642938,0.06442349090852643,0.27180118342289056,0.418372045944616,0.21280662811238998,0.09585446225722687,0.7331230883846265,0.2123682233459663,0.5870810197380275,Healthy,0
137,0.030247995636664533,0.11252949131280601,0.06696631310058862,0.24796131457478374,0.41370513580868606,0.17797909061969744,0.1380947965499112,0.7213634666567086,0.25049452203273304,0.5723219814387994,Others,3
138,0.0700337446155095,0.1599374952022371,0.047983417043694576,0.2596360873098195,0.3985636949329547,0.1820198326927886,0.13667118510646173,0.7850913565142318,0.21107209599758314,0.4272617569050396,Others,3
139,0.07578649267081067,0.0921182713276973,0.12489477273632918,0.23991251537989947,0.40812034669589026,0.19132561854315708,0.18274765861751044,0.5313649906615402,0.25956682316570284,0.6317026794466568,Others,3
140,0.09402757659934624,0.114772099980502,0.141332664233486,0.2146801179304418,0.38087332107904665,0.1342527547991203,0.12704270987554625,0.4587091369743666,0.27905674329580527,0.5368781991967081,Others,3
141,0.07302624757709303,0.09117496320547351,0.08620363998387444,0.2010663297828046,0.4804455894344154,0.19202211601127248,0.10309949130811852,0.6957424963857471,0.40994038662229704,0.6809948040377332,Healthy,0
142,0.08110926706396386,0.0836348346288255,0.06924525550738292,0.20700953510807682,0.5131667162797103,0.15126618027218253,0.13708140093498739,0.7622121149230214,0.425114241939616,0.7197231324164467,Healthy,0
143,0.04330342837632074,0.1404210959556648,0.09512212094540957,0.33938649913751395,0.3099088062122979,0.14601187456579942,0.10357105537965215,0.5302969992295342,-0.04539951649478627,0.3763634380943642,High_severity,2
144,0.0862904189800306,0.1309826298689026,0.11629325089804285,0.26129160427465553,0.23358634221419916,0.24814664913197695,0.15010665275265223,0.3352384466690759,-0.05598403052111018,0.2814384113903926,High_severity,2
145,0.041404269081058626,0.098576554164914,0.05307223333723367,0.2883904423744767,0.3791907123405061,0.13348484027909835,0.0723449564924958,0.754444678324105,0.13601383041556303,0.5873448807577708,Low_severity,1
146,0.09663710214445191,0.11919811257232928,0.10199550406473044,0.19350934061383096,0.3357004518673117,0.26660951147227646,0.18104996526941614,0.533943584890848,0.26868571457612894,0.47593541993626015,High_severity,2
147,0.028842384198003605,0.09753607179636128,0.07348119566104797,0.2499559817529003,0.37921016629978355,0.19887203501410775,0.17237639877447647,0.6753585253194834,0.20543728385091062,0.5908260453785006,Healthy,0
148,0.08953775545872755,0.11315484432575418,0.11382408169712221,0.20178924964684847,0.3668934656192342,0.20474302793319912,0.1253711609731183,0.5264409117888285,0.2903274735458323,0.5285689294949449,Others,3
149,0.04216668948166343,0.08494278166293971,0.09130001923211234,0.2016681854222235,0.3553900923560082,0.19330740814341504,0.16789741770948888,0.5912154002804642,0.2759530071914349,0.6141883258106022,Low_severity,1
150,0.06296915954691305,0.10656807114763292,0.09033342334919472,0.2295232523931439,0.3498739629002055,0.14419211341194954,0.12754973942176806,0.5895869711826407,0.20771710206810007,0.5330488289934147,Others,3
151,0.09999959162782103,0.11423261261262503,0.060828778787916406,0.26916318407101225,0.3228428309181901,0.24009699585359195,0.09926631563153854,0.682912275763581,0.09067415784307009,0.477286522025476,Others,3
152,0.08404897471084091,0.10282264229611728,0.11944027175225458,0.25712913108436763,0.34124869537977914,0.21641853831634655,0.12213520423260801,0.48147109970609336,0.1405793473205373,0.536909349591205,Low_severity,1
153,0.04596591062427113,0.12921379703185953,0.10760372092267924,0.19655768885892788,0.3713931617336418,0.2288432601272807,0.12831567142041592,0.5507122287479077,0.30783556832831555,0.48377147073424126,Others,3
154,0.05605606375526723,0.11839578367556625,0.15472312852735234,0.23885806181820424,0.36023509544737686,0.20166216663824335,0.11840089645915886,0.39908473610494216,0.202601268529204,0.5052731077755866,Others,3
155,0.052409405095368664,0.1151577998208311,0.10365995046904253,0.24159422984638085,0.31395081630442945,0.20746890600363005,0.17800188405417963,0.5035570980607804,0.1302443194469714,0.4632696921321406,Others,3
156,0.031923999850497944,0.10692085976434329,0.08878973823837427,0.2344534844607555,0.4086049797779003,0.12577454759489137,0.17914716556761717,0.6429807755398436,0.27081751505025303,0.5851968938772005,Low_severity,1
157,0.07130403170869416,0.16392609812537484,0.15789408332843818,0.25495670367748846,0.37967650300141886,0.21089753174228895,0.07947676229636558,0.4125642758603118,0.1965226496366308,0.39688994208053996,Healthy,0
158,0.09307704969137863,0.17672567275997497,0.1098998930540669,0.24055445114583165,0.3875951878173205,0.23932095803746853,0.13881507100597384,0.5581870161949269,0.23408552286076278,0.3736695376485423,Low_severity,1
159,0.08777607832454537,0.09431374303967112,0.09685509076198623,0.24556242041772355,0.3160552578836254,0.18809393581603218,0.11961906944673631,0.5308662469725891,0.12551748313748284,0.540346649832356,Others,3
160,0.08282545977867023,0.08807329066536114,0.05286833662837259,0.25848902312807714,0.3390083902936364,0.19438867650225794,0.08656319577299007,0.7301787373614845,0.1347610305196898,0.5875576284724012,Others,3
161,0.07338087703357228,0.08910682179298328,0.13202627775269504,0.22310325328040415,0.38151147427793836,0.23690680557903201,0.13794521396329915,0.4858166620442757,0.2619986146173533,0.6213201971240192,Others,3
162,0.07830814080066278,0.15422374920006265,0.0796652819009748,0.2048253111481114,0.34582998621313266,0.26629738003501874,0.1625885513123079,0.6255409266755442,0.25606704546513887,0.38317129429049346,High_severity,2
163,0.041450543479026394,0.09581741742420458,0.08279810425974166,0.22587436710558662,0.3666145080174734,0.14613722798727172,0.05859239189310705,0.6315274560711768,0.23754056290534578,0.5855934153651375,Others,3
164,0.05776441319456655,0.11450176005913895,0.0626965209456743,0.20826757024877682,0.4460866281530948,0.12129559932518771,0.11969179976913473,0.7535432489981969,0.36344086808817483,0.5914943567622039,Healthy,0
165,0.04668523486354641,0.1679297825785617,0.08845908323507715,0.23504773906784882,0.4384792748395553,0.15341286804209756,0.10435071851737995,0.6642526326673364,0.30203916334627384,0.4461501505483791,Low_severity,1
166,0.04697979715665164,0.10610802443188858,0.032072979522012365,0.283340910930728,0.37418448754500844,0.15660611134310898,0.11468653122576207,0.842105156842711,0.13815979857945015,0.5581524933830632,Healthy,0
167,0.0806114107251606,0.1389762404159601,0.13758260415609982,0.19128148902433423,0.41020195420015965,0.259811161188125,0.18605494513324364,0.49767622304307074,0.3639675665920482,0.4938756062115479,Others,3
168,0.08106051442753592,0.14004165970786553,0.10290506476308016,0.23088470061685532,0.23686350495006514,0.19884004825728022,0.17471210602682843,0.3942637787246814,0.012782099988953226,0.2568864911418038,High_severity,2
169,0.145248816376976,0.10566576568564805,0.06417348857233277,0.25788933731492003,0.396838092365069,0.18514932370930118,0.15116071165781794,0.7215970651242857,0.21222381826596595,0.5794429674807259,Others,3
170,0.04289368288389368,0.14076611304097944,0.12186359249355938,0.18989561487735196,0.33925651247570615,0.16769755337129952,0.11628293420962257,0.47144532983795273,0.28226456982322284,0.4135021744466234,Low_severity,1
171,0.07022203953847733,0.09358514994023998,0.07368605079947668,0.23593414420236036,0.41085297923371555,0.17216551509119435,0.13536828740276866,0.6958509171307461,0.2704426675999572,0.6289529100685126,Healthy,0
172,0.03470864423679148,0.14038928115627403,0.08229204134690321,0.3073248046472044,0.35914902945243216,0.16856084831868448,0.1324052712815561,0.6271663567782959,0.07775882885970903,0.43792386619875295,Healthy,0
173,0.0797660218151792,0.11765350996864987,0.1441967538851582,0.229963608359685,0.3121562002935752,0.19413265016260262,0.18668950450672744,0.36804724253551047,0.15161333458386983,0.45253209892875634,High_severity,2
174,0.07500290529017414,0.11392389875426417,0.12178500832045569,0.16860837493471498,0.3035078278934102,0.2591036008325262,0.15523789356284334,0.427288691694708,0.2857335803147718,0.454167513000661,Low_severity,1
175,0.10225243384347626,0.09983360242801276,0.049205075871056776,0.24242003733965387,0.3235459285279985,0.21930720682103935,0.16737433526020318,0.7359895732520716,0.14334058243939607,0.5283966506241636,High_severity,2
176,0.0695528369029416,0.09911694417613912,0.12113891783966918,0.2086768946416784,0.42097081545591314,0.29788414109341377,0.11050586165348697,0.5530834058143765,0.33716301577803,0.6188453108519162,Others,3
177,0.06493499203016251,0.09978120420624148,0.07677715014122928,0.27245116143998677,0.38171897327678544,0.13766337377800034,0.10148309935169132,0.6650913880411116,0.16703271219207674,0.5855403222161478,Healthy,0
178,0.0742951106934528,0.06637297847262516,0.10170599477773877,0.20177333526629354,0.4161528145907645,0.2803262201699455,0.18232935052225807,0.6072056980096063,0.3469338194767487,0.7248935521094281,High_severity,2
179,0.04100301472510337,0.10768229500702377,0.08228765805946942,0.24475672047891714,0.36064178606294206,0.23586499865466465,0.15567109649815702,0.628438979835679,0.19141947714073565,0.5401376979761311,Healthy,0
180,0.06086725670128133,0.10468751136122459,0.0475194579426419,0.22344669918165214,0.4231632694524189,0.18340494474412417,0.1419284091327715,0.7980828478426101,0.30886713777806013,0.6033442966595355,Others,3
181,0.05909911380714041,0.1283236735098494,0.0814559031940685,0.2550912886041864,0.32710875859468863,0.15974971764960705,0.16365911313120018,0.6012582055557993,0.12369883914815558,0.43647547050230917,Healthy,0
182,0.06712740278938889,0.11686392800686173,0.033589684438528826,0.24197512807377278,0.38809905675406386,0.13505045269229157,0.12939175397670843,0.8406896786310554,0.2319154350375717,0.5371386357667746,Healthy,0
183,0.08503513428570313,0.09686711447023985,0.07929283234689356,0.23781726481985171,0.35124193728188835,0.1581908882978518,0.12576178752148315,0.6316542219562807,0.1925522461194764,0.5676627638228474,Healthy,0
184,0.07887316224601951,0.1160039858253948,0.11587744435377453,0.18666327883135536,0.39223802089599763,0.22551511748824676,0.12520986573362883,0.5438932593920828,0.3551119027742077,0.5435088627415021,Low_severity,1
185,0.06412466793645333,0.1051888870301695,0.11079992220088809,0.26537469637433386,0.3914833529635691,0.1811237889299005,0.16803425798554933,0.5588150046819295,0.19198768549209333,0.5764253422679891,Healthy,0
186,0.030901594925115045,0.14715975318970217,0.055821155263564154,0.25773958743565734,0.30394144539873086,0.12144737380852558,0.1456339122022007,0.6896778310986091,0.08225639689118032,0.3475532601102001,Healthy,0
187,0.08795843537796225,0.09782441270095756,0.1351107521223788,0.18933548278023044,0.30785321724585957,0.28082326802541885,0.1953089095407449,0.38996956201618066,0.2383757604696364,0.5177234065689943,Others,3
188,0.05960706823024668,0.09905377965914516,0.1184765091288832,0.2699538563109627,0.32408817210536156,0.18779834977729948,0.20336296530166836,0.4645912150130442,0.09112876396762243,0.531817730451496,Low_severity,1
189,0.10048458015417878,0.09926867496742693,0.0995076748812444,0.21661562338411766,0.3680413558014558,0.22787544628670472,0.12322916800169248,0.5743433593009637,0.2589992727501073,0.5751485376673964,High_severity,2
190,0.1125985689800043,0.08996260173090911,0.07960549938475284,0.22757909163265333,0.36440613601660643,0.20236905880176725,0.12225056228901529,0.6414260661759716,0.23113253168036918,0.6040106008309943,High_severity,2
191,0.06311280715908857,0.11595730515787701,0.035102299211122526,0.2784429746682062,0.3810668253380264,0.1634307561916948,0.03273898539921717,0.8313075279231725,0.15560625584161195,0.5333936602145205,Healthy,0
192,0.06659862680643316,0.13834284040058203,0.12999083994996247,0.22162431730423393,0.2899312726031038,0.22896747319677005,0.20240894263933418,0.3808811869437559,0.13352792276445044,0.3539518910899412,High_severity,2
193,0.07605347360982431,0.1508357241468528,0.07454356473654908,0.27211440855838126,0.38766382669960286,0.20150579911753064,0.16191950573305822,0.6774453800709228,0.17513372216050727,0.4397925721209705,Low_severity,1
194,0.08643965952891715,0.14748461441889565,0.13379959534611752,0.22366470318882348,0.3051085613191238,0.20847517350575256,0.15119449576165075,0.39030709129350943,0.1540241604425449,0.34826850105108015,Low_severity,1
195,0.062267460979244724,0.1704523761566353,0.0607066920648211,0.28261507957346604,0.4041022696646588,0.20711258250562273,0.08689603422871317,0.7387886333389907,0.17691003471220887,0.40666261287302596,Healthy,0
196,0.07479375706925538,0.1292418688978732,0.09307250272054585,0.21928253438301865,0.3338624835940075,0.24344659003605873,0.16727853752065813,0.5639968346282461,0.20714269402630275,0.44184558749039565,High_severity,2
197,0.08717495720279188,0.11037504498217915,0.09820707047937388,0.2556745056003032,0.35412949302680535,0.2210926869259645,0.1435398040236709,0.5657787656246706,0.16145349595634054,0.5247622533235864,Others,3
198,0.08182438653947378,0.07992595793875346,0.06409996906282506,0.26035354619153417,0.3955043647587945,0.18384356679630018,0.15145290728232177,0.7210645577258488,0.20606722326704693,0.6637742519860286,Healthy,0
199,0.07441984448295204,0.14260098740993618,0.10746414960750403,0.2631454766189868,0.3422275411481463,0.2273568057920332,0.16485930718577163,0.5220541014359237,0.1306336130091278,0.4117467145176356,Others,3
200,0.03634875245506902,0.11752130813993471,0.11490386143621903,0.26616595502517043,0.39258343545298885,0.18158866939147011,0.15266943108323153,0.5471655659538438,0.1919052711928236,0.5392267583627112,Healthy,0
201,0.08416619174146689,0.13242551095454588,0.09355214627912202,0.22845989226446672,0.31416838434064015,0.2295045073573344,0.13259974389345586,0.5410967108430054,0.15795065567242278,0.4069533312047791,Others,3
202,0.05326540545462906,0.08311801304514212,0.08512972713611772,0.2304687812593259,0.4068926940113162,0.19318111097983814,0.16153572350148726,0.65395996817548,0.27680354021566117,0.6607502168904021,Low_severity,1
203,0.07386408832103677,0.11924563005468462,0.08534821784134279,0.2502102062463751,0.4270835958607852,0.17322007474684556,0.14247683431359176,0.6668894648646662,0.26114721419881753,0.5634660406282758,Low_severity,1
204,0.07767597193161989,0.12153057654562693,0.04334432720346845,0.21849593109826043,0.379536152008048,0.18852475705684432,0.10129332659672666,0.795004360171525,0.269283581030151,0.5149126069638511,Low_severity,1
205,0.04051535044234893,0.12870124038281366,0.11826901522081279,0.19428984628563448,0.36206619978687765,0.2155463751164017,0.19843368089699812,0.5075563417980119,0.30156291943913954,0.47551027289702436,High_severity,2
206,0.0716986692521863,0.09424963480395884,0.08572423885217872,0.18632868153079535,0.3787765591502632,0.18222656422768144,0.16226253132607846,0.6308973451893701,0.3405522790543082,0.6015035276753403,Healthy,0
207,0.0785831900781103,0.13803422995083184,0.10056571341240494,0.20899516822539416,0.42867468300528183,0.1708554242340792,0.13264174801983122,0.619962066036106,0.3445035300883607,0.5128566825222269,Healthy,0
208,0.0800899930500523,0.15819784937527495,0.0899755022458856,0.31741691100690256,0.400054365441514,0.14952598179487023,0.12403689092647946,0.6327754360341036,0.11517876345333077,0.4332387935901216,Healthy,0
209,0.07518578609920482,0.08664567314265782,0.08135345169022976,0.2250975133609348,0.32726845885149636,0.2163832723846592,0.18216796311657074,0.6018155189848909,0.18496965894066375,0.581335033306466,Low_severity,1
210,0.03231408623250467,0.13608216143199042,0.12279024210386141,0.2954794505958431,0.3940776948832895,0.22867808008014368,0.09166050338171228,0.5248680240464831,0.14298777836452745,0.48663724795087493,Low_severity,1
211,0.09678369320726472,0.03798278603267165,0.0704232901221839,0.26471881835634997,0.32236477069709957,0.23973984882102495,0.15957707530819765,0.641418377252639,0.098190365759826,0.7891880473542083,Healthy,0
212,0.08088874322047782,0.13025381391939408,0.09230520863104939,0.2448147702818348,0.3873108529289543,0.16610401437884803,0.11617557070301786,0.6150870830688338,0.22542367753316442,0.49666651430222253,Healthy,0
213,0.05222036144398726,0.07461000508947072,0.09134507313973037,0.1875950731150875,0.3351985068633234,0.23207599926361377,0.18092403202409435,0.5716964107673294,0.2823359723628039,0.6358786949839391,Low_severity,1
214,0.05083206002132845,0.09620478419373052,0.09042103333387234,0.2538143730576606,0.3717558243653727,0.10883485563093899,0.12460145317029821,0.6087167419675844,0.18853431923956543,0.5888338358651404,Healthy,0
215,0.07617955318002163,0.07985166411390623,0.07322818731944733,0.30458027185796255,0.38567838785932007,0.21387902908461293,0.09123610077771849,0.680857972928711,0.11748945827724036,0.6569430318174232,Others,3
216,0.08422798128025545,0.10520711722934376,0.12600157868113637,0.2981836442651145,0.3571869074072746,0.12816248863321483,0.10894856605585623,0.4784578593700954,0.09003038508763364,0.5449460346637355,Healthy,0
217,0.06574914373006685,0.13980907282458577,0.15180971357742423,0.2452585064414948,0.3792607418775956,0.16735629487979264,0.1730401405171066,0.4282878589156158,0.21456862345999947,0.46130917705240926,Others,3
218,0.09995573358460856,0.07847479654656035,0.13117207387921298,0.19195159977831172,0.3413220738507384,0.23012386389982742,0.1497359268748096,0.44476741348261994,0.28010097152541996,0.6261296732760715,Others,3
219,0.04953125742742654,0.12412401081082956,0.16523943689994378,0.18334078430726455,0.28769748203517037,0.2193027921442005,0.155855194418078,0.27036445919033025,0.22154611458263285,0.3971950810384461,High_severity,2
220,0.04406265683139595,0.09516207229440918,0.03189504112621655,0.23042873454730767,0.4475392353787183,0.14544742881562728,0.09914649417447324,0.8669471805031101,0.3202371062678667,0.6493022185539824,Healthy,0
221,0.025819225668956468,0.1523664843944909,0.044276924371476456,0.2858741800499165,0.3864604356944743,0.16834217428121648,0.14815802408682527,0.7944133549748406,0.14960743250322076,0.4344511058603611,Healthy,0
222,0.04863089005716623,0.12036408599659941,0.0689401681349678,0.30220400668266384,0.41412933973586685,0.20185457691808964,0.174051687704969,0.7145745404679886,0.15624755375803576,0.5496143443423901,Others,3
223,0.10999171531165655,0.08978559188437756,0.09718450399514816,0.24224875054565462,0.4142114851020843,0.17019289034496504,0.07900954324239107,0.6199246530395829,0.2619545331435826,0.6437059023388371,Low_severity,1
224,0.12029726632743003,0.10538977442886993,0.08664794336439045,0.23085635260120305,0.42019770624172764,0.19532794798994355,0.22265783470571593,0.6580894265079451,0.29082278355967356,0.5989639087506308,Low_severity,1
225,0.07865476323581277,0.15432406074220179,0.042935440727583804,0.28947376903034344,0.39307169011091625,0.17915603069317276,0.14081066013005175,0.8030516581459884,0.1517817160646177,0.4361517768390155,Low_severity,1
226,0.056631700343607226,0.13006158195193968,0.1151241597131666,0.2192885079670205,0.36823571260369337,0.2122529118361354,0.1448622343822902,0.5236503222274168,0.2535167052210841,0.47797596586220764,Low_severity,1
227,0.0714948827589382,0.09575383267147469,0.15539818034326341,0.2388127786726931,0.3020054234957783,0.23112885177982762,0.12900890335670084,0.32052052481008725,0.11684637197806431,0.518533730205834,High_severity,2
228,0.08134569161669675,0.10581719541856022,0.11929382791334113,0.2620245519496434,0.38766226166524315,0.12012352400461399,0.12800595373010443,0.5293721473490687,0.19338196048115228,0.5711383973554539,Healthy,0
229,0.03553201790147806,0.10545666744698245,0.11164664432074521,0.22428078850963226,0.42694658512184047,0.2177484190890129,0.13127778171760204,0.5854138588548788,0.31120589339184634,0.6038466446695863,Healthy,0
230,0.06648432248251708,0.10835537108293754,0.10721557256001314,0.21276396465005362,0.3633066051747752,0.18858707124398144,0.11758818856901243,0.5442698447236822,0.26132673392862005,0.5405380270732999,Low_severity,1
231,0.10237109778042613,0.06959149625483851,0.05954632392504157,0.22698097233933062,0.24208953747992162,0.19222392739880564,0.1036098572187558,0.6051774238799991,0.032209582193544445,0.5534441385736629,Others,3
232,0.05181394994118589,0.09999611021971923,0.0937870100446854,0.2828626627468228,0.3997583636035363,0.16371399012387278,0.17364449571179158,0.6199457433815079,0.17124538557169505,0.599819049323472,Low_severity,1
233,0.06972191786447358,0.16467337195889442,0.17510031999204967,0.2750300870152576,0.35994395092618453,0.24533403170355753,0.12080222059180845,0.3454735261755243,0.13372808782263593,0.3722152709205629,High_severity,2
234,0.06907525213913322,0.10051137834637523,0.06896931508024856,0.2558737924920138,0.3753211430515075,0.26690718731472624,0.13582115177594156,0.6895305140233489,0.18924003320248076,0.5775346415957584,Healthy,0
235,0.0944581095108399,0.1296803504404614,0.10775186806465027,0.2054954827852438,0.3546839706036918,0.2431704454504331,0.16147329792338924,0.5339813264692503,0.2663226702013035,0.46453384443797574,High_severity,2
236,0.05879176751436826,0.11784669149220411,0.11787990930653099,0.22692105468868784,0.39853457803292464,0.17332259326475552,0.10342927373767842,0.5434678453199754,0.2743816097673889,0.5435671336391518,Others,3
237,0.08713116268952203,0.18452547344835063,0.14737309425940315,0.21917649688755186,0.29809592792193956,0.22182218788286157,0.22456981736531378,0.33834638584853105,0.15256840931246873,0.23531997161985002,Others,3
238,0.08521790541209587,0.11375699576522769,0.061637111587937346,0.22980687611723993,0.42686288358934554,0.13580554931612931,0.10181895774171507,0.7476474423891512,0.30008387710765694,0.5791608850897673,Low_severity,1
239,0.11221838002184996,0.13771027943850178,0.07210651632731585,0.24895621293124393,0.335625574879285,0.22920824041276944,0.08941064260552228,0.6463044342968877,0.14825874455078275,0.41812867889764266,Low_severity,1
240,0.07327779565094732,0.10339426369702011,0.08035058611157235,0.2502866406930927,0.35807671716396755,0.21141002076120638,0.13567554689055894,0.633459935039337,0.1771804219941218,0.5518926737100016,Others,3
241,0.06850950679046007,0.10427850160509766,0.08213283345932292,0.23900451626038405,0.3787385873567218,0.1428881518531402,0.10116107799167184,0.6435759313784571,0.2262009406145451,0.5682202390427621,Healthy,0
242,0.11609328004288656,0.1260159077135712,0.1390946448537932,0.21933370125890245,0.303450682596053,0.18510960634398238,0.15802112139041816,0.3713880308924657,0.16090186305275808,0.41315152071447536,Low_severity,1
243,0.060452695022414724,0.09497164091659148,0.06434653777621238,0.23936767763788522,0.3855956202017738,0.18992853554298067,0.1368931489409004,0.7139786230951018,0.23397844812545282,0.6047519313089467,Others,3
244,0.039331219632549194,0.10458361131728855,0.1086541569283139,0.24353912425158147,0.4409659495277442,0.20923036730584388,0.1288119925918634,0.6046208803061657,0.2884227346718108,0.6165935459455122,Healthy,0
245,0.08314890955126131,0.14236519578020504,0.10065358944143406,0.2214696995159854,0.4043769271236173,0.16516613975260755,0.14165209994865802,0.6013960101816176,0.29225567386969403,0.4792236053659668,Low_severity,1
246,0.09701281649763105,0.0952331327677851,0.15371259255757888,0.2661919661967104,0.39940926650565955,0.23088550565182697,0.11323020419616814,0.44419989903163487,0.20014581368499146,0.614941489416725,Low_severity,1
247,0.08057189314316393,0.11443520425268622,0.09598909940975056,0.19162020679316505,0.3052559196693536,0.1864835164976453,0.15177629285721922,0.521543720941111,0.2287002873034202,0.4546694093347409,Low_severity,1
248,0.07922521936195108,0.14212926888053032,0.10305677396750307,0.27450926811405696,0.28722638517523624,0.18457153926986458,0.15157380970542267,0.4718871590879388,0.022638970816100192,0.3379415524730928,High_severity,2
249,0.042877527859675045,0.09623655685812882,0.1076824025063367,0.24458151975880693,0.3718900885353966,0.1799634072856762,0.12303994881485734,0.5509233556227229,0.2065116496262602,0.5888439258686989,Healthy,0
250,0.07984726458242243,0.15153550250489006,0.09584145100700091,0.24603775132294217,0.3401425858657308,0.2776123193457093,0.19873766577433702,0.5603442195064677,0.16053905013961473,0.38359871595227785,Others,3
251,0.09469464835585358,0.11046807553780498,0.02594358106806497,0.2766218535406779,0.37197734412874617,0.12518900171972341,0.11581411541455577,0.8696043388256934,0.14701758949240748,0.5420494379896631,Low_severity,1
252,0.05481234844190526,0.12097242075739564,0.10032881619705525,0.20483237672754662,0.4146363521653402,0.19341007985429898,0.18923568893687293,0.6103471754561426,0.3386837230876122,0.5482806597910355,Others,3
253,0.06486555826559932,0.061510586099876134,0.07478805628021448,0.22206925113608017,0.3861629920809808,0.21555469888564632,0.16316228621426507,0.6755054292810221,0.2697879679593707,0.7251989436150003,Healthy,0
254,0.0717913600356738,0.11387800225612915,0.058949448554228984,0.19839987317406974,0.3662369914016183,0.22142635811365868,0.19087139000232223,0.7227124714496989,0.29724789286238756,0.5256219707343375,High_severity,2
255,0.054304909545283414,0.1203234219457055,0.07864303632714095,0.24327913890651476,0.4236565177262008,0.15264900310166873,0.14556036021299712,0.6868679826907056,0.27045694292368694,0.5576181650438181,Healthy,0
256,0.09110600830760988,0.17294985656513798,0.05708884701420492,0.23967273633014738,0.32692058692790044,0.26438739878422857,0.1659425150576487,0.7026695598170547,0.15398672560427812,0.3080212730459363,High_severity,2
257,0.09667216680930445,0.14496231628327294,0.10794930754780148,0.19864823624003072,0.4236559525674263,0.2700343410947485,0.1673001959990551,0.5938741933275716,0.36157191350195733,0.4901243093146718,High_severity,2
258,0.08210502736154551,0.14253578917284718,0.09378390661172918,0.26307227829316937,0.33564886192280935,0.2011447276887011,0.1250322590468754,0.5632196074287875,0.12121934362207286,0.40384623870190184,Others,3
259,0.0437105984767305,0.07571571511803812,0.07385963569472034,0.18856153688163757,0.3764413156638287,0.14491027544569007,0.04836562118142604,0.6719543431037074,0.3325289030590732,0.6650910636638291,Healthy,0
260,0.03639271578020278,0.11123441710072621,0.07549939130676298,0.2332242698296549,0.335470787919537,0.17357303190893514,0.1539754080295485,0.6325797095599515,0.17979146591243145,0.5019784150682531,Low_severity,1
261,0.07253242992497143,0.13824424313970207,0.07209061514822987,0.2914943523857561,0.45739818969228063,0.18120901300951522,0.12471652667488342,0.7276973016645948,0.22153223324426813,0.5358146581920981,Healthy,0
262,0.07442997230694703,0.10701830834807666,0.09281803407826084,0.2137504788898812,0.35714558186750306,0.18441451240473716,0.19049193397942693,0.5874420473612311,0.2511754990696301,0.5388770621584877,High_severity,2
263,0.11609284591169058,0.14201624979127764,0.09383852016936234,0.2138257437978524,0.3401054502736686,0.2456581020237716,0.13673274260647872,0.5675085883849991,0.22797002195819932,0.4108697045905765,Others,3
264,0.11726458721714669,0.13639623107765736,0.09549507775203649,0.21868395552623635,0.32673927049819945,0.25918135037593915,0.16058714489956605,0.5476678856290412,0.19811278621112857,0.41098779681731196,Low_severity,1
265,0.13113903001674906,0.13811821068557262,0.09338697463312101,0.1244716140278812,0.3738327317325411,0.22767940880999002,0.12898755693139263,0.6002438537554614,0.5004193116640994,0.46042403972070217,High_severity,2
266,0.05617448757278451,0.11104749425222715,0.10361756489042946,0.205932086096546,0.37185606400151816,0.21544257190680116,0.10826841645356258,0.5641501080432086,0.28717096028503003,0.5400841747623801,High_severity,2
267,0.09155206201145742,0.09708655496783927,0.10809055027753421,0.26366535696911475,0.4057489337901656,0.2512988895381393,0.07463750313069635,0.5792828164085072,0.21225058798773644,0.6138436640276069,High_severity,2
268,0.0992943511520372,0.16739407752115948,0.09848911336081119,0.21225512544810396,0.3428128416708637,0.28172101606345484,0.14774111325434863,0.5536429773861209,0.23521032370217337,0.3438188655447909,Others,3
269,0.09753853673927722,0.1396305556303012,0.1724780533045317,0.2143541819373625,0.36300093666394256,0.2700378266319756,0.13045071591284296,0.35579898918280195,0.2574615690369045,0.44440188181221024,High_severity,2
270,0.07344348617644522,0.13278996420112638,0.1015751352057896,0.15756515249148756,0.3531167826859796,0.1560112300141026,0.1275163061844277,0.5532133683978626,0.3829225526188544,0.4534343675949066,High_severity,2
271,0.11324562997998448,0.11836904442608351,0.10597573137544257,0.17086686197712853,0.30179211019883295,0.21785391326917122,0.17459271963402373,0.48021535505938645,0.276997276956299,0.43655407872365953,High_severity,2
272,0.08960444293442224,0.1347684972933023,0.11158869273009507,0.2465134888892751,0.3043136873485929,0.26053378182418296,0.16333362391956505,0.4633899776722475,0.10493345454393024,0.3861354342890672,High_severity,2
273,0.07466175674091327,0.11765327116906067,0.058192463166004266,0.26483197843517964,0.3286380131136842,0.16992457801290947,0.08746178349046227,0.6991319622710924,0.10751349788045858,0.4727512039221352,Low_severity,1
274,0.0547541859867291,0.1426672028907122,0.1404619587738144,0.17390378520516458,0.3335857629388779,0.3022401907004381,0.24985120242040185,0.4073931701798384,0.31465077126749075,0.40087636979982405,High_severity,2
275,0.09321883528047985,0.14011165686879734,0.08157224050232846,0.2130148163530552,0.3797522134686277,0.26684929260483936,0.1478342681136054,0.6463563125684031,0.28128655732713526,0.4609679000086855,Others,3
276,0.06406106617382369,0.09162692485067041,0.06507628875352736,0.24954458196520304,0.42324313076380776,0.15221140579782563,0.09267971265528645,0.7334683563563779,0.2581773500203146,0.644077476048526,Healthy,0
277,0.09333156596829607,0.08974242557949291,0.09444301705167181,0.1879033060311283,0.3608379091476691,0.21693621102413674,0.1393214730345116,0.5851220131707396,0.31514782985672624,0.6016584894507913,High_severity,2
278,0.07084309181917942,0.10858769605152636,0.04457284674940841,0.19853450264763636,0.39380940153839,0.14158746085000723,0.10938722916152396,0.7966484869152535,0.32966473953858283,0.5677216426112338,Healthy,0
279,0.07234837173650155,0.06588272890962221,0.0289005960813876,0.24848815427701973,0.4509985481891703,0.1694692008988225,0.1162597364034518,0.8795555423408131,0.2895128573540524,0.7450759707164633,Healthy,0
280,0.08540185002137565,0.12208853068589359,0.1036252878959198,0.23436315963391183,0.3576071589367946,0.22510502056535148,0.20697005320302894,0.5506591584893249,0.20819286953516777,0.4909750772122879,Others,3
281,0.09147361675564764,0.10346273721076898,0.11481429431262485,0.25941887440566336,0.4229162824347043,0.2279283551659384,0.1340501879390506,0.5729672096865929,0.23961451552069324,0.606888825924509,Others,3
282,0.08384756615137495,0.14454879276258048,0.12599372447341198,0.2398107176405716,0.37322243231681307,0.20760522865254732,0.22823019306050973,0.495233786969136,0.21762561239227546,0.44164995750617164,High_severity,2
283,0.052290875010934046,0.17734231816018595,0.1557787180771954,0.17478284566880595,0.3246994889003827,0.13480159257737584,0.14952644429395032,0.3515680177999626,0.30014403484536084,0.29351573647415163,High_severity,2
284,0.10052974668620969,0.08339977536924884,0.14105404085251816,0.21571161060284189,0.33146792013350634,0.18188097978058546,0.18482579838318197,0.40297360758354245,0.21155087686648172,0.5979451942230342,High_severity,2
285,0.048217300824552986,0.16372939418379892,0.08756120548612116,0.24991561432790832,0.4286396099559227,0.1329150567263214,0.14612763478797242,0.6607475119498255,0.26338902012971077,0.4472047219230256,Others,3
286,0.05507073253000583,0.12183539881518196,0.16458094349644653,0.21897439329705845,0.2841319256708608,0.20312205831628588,0.19809469417595496,0.266430919167238,0.1295104631312674,0.3997773147411489,High_severity,2
287,0.05914444582038031,0.1334195589646202,0.10363806442173326,0.22037895264794094,0.2945669618963545,0.22454304427487312,0.1949859358210522,0.479473851046035,0.14406951711436863,0.37652448167656366,Low_severity,1
288,0.08141473775696051,0.0819793965292451,0.09429774473908493,0.21982370375955804,0.3116393826332233,0.15992026459854444,0.1308775988307315,0.5354071437146519,0.17276021839418645,0.583457899525634,Others,3
289,0.06519267834220237,0.13328303726741697,0.07535633621556416,0.16483410235295373,0.38850194042098785,0.13060491137323946,0.11864813021821002,0.675088965698856,0.4042170051796369,0.48912658291588523,Healthy,0
290,0.019444864879402494,0.10830983230274184,0.11686293889929325,0.29212708755271,0.3830300062262027,0.13747014234053512,0.04198161551447438,0.5324481369907897,0.13463965573508413,0.559124565893057,Healthy,0
291,0.07758064831702295,0.12820169079364332,0.11582988399838674,0.2278575468358893,0.2659234526298013,0.1927326441611215,0.1610310450070218,0.39316897648389,0.07709066536602724,0.349436629797026,High_severity,2
292,0.09106207146037704,0.0576670687113487,0.05328891462069585,0.21479333735204031,0.4061438152101988,0.1473723845554394,0.14646644265172518,0.7680229937457432,0.308164001893861,0.7513336978047159,Healthy,0
293,0.06406924491337451,0.11784234854493866,0.10645009293562166,0.25619845024196497,0.3641836016853892,0.17308786869024337,0.16289930784287066,0.5476308043717814,0.17406233966302614,0.5110539235963137,Others,3
294,0.07480020375861406,0.14222078002000987,0.07666048514901982,0.21969947992191374,0.3987956230481442,0.23207343638672107,0.1448242982000375,0.6775286558429072,0.28956760088511274,0.47424595922244617,Others,3
295,0.11022662133017799,0.12527110235175531,0.13339608030100558,0.20286921108950684,0.3991904413890845,0.20110615917935953,0.2211248368252775,0.4990632512528051,0.32608268880226726,0.5222867954884508,High_severity,2
296,0.08860057218817181,0.14204047907844325,0.09537285010098287,0.22474794493998498,0.3970301534452161,0.17236923046114153,0.11702220620366957,0.6126227930612749,0.27707989225200985,0.47301718732671183,Low_severity,1
297,0.10677569127892846,0.15609057055510214,0.10676208390982701,0.23751357947838633,0.3018881575574418,0.2072867321619128,0.14099423560949367,0.4774891920949558,0.11934440262060109,0.31835012862543105,High_severity,2
298,0.0081043299824866,0.09437319760709946,0.09534381559771984,0.22780427404717796,0.4120670830231157,0.2069125751442716,0.10935645783835538,0.624194845412787,0.28796852201605166,0.6273076956293393,Healthy,0
299,0.11082691561934056,0.15438002792549382,0.04553347218053929,0.21171614187005375,0.37324002720225213,0.18448122434216763,0.0989559575299243,0.7825389034996307,0.2761298946352895,0.4148060657470053,Low_severity,1
300,0.09426109246957567,0.12428698312545419,0.10797783130458798,0.2634317785378574,0.33514251054242694,0.2504495601166214,0.17076972124009213,0.5126478244960968,0.11980255970358142,0.4589507864059746,Low_severity,1
301,0.13619081171074013,0.1264302948150773,0.09426756337692188,0.2205568965025806,0.30367929863031756,0.1789303685896309,0.1653244473253667,0.5262303971870146,0.15855906726673985,0.41210195381922615,Others,3
302,0.06169461849770101,0.12408114905048,0.18065578982411357,0.22776382595076328,0.3312096883535316,0.20769036953966352,0.16691427498336792,0.29412786161204574,0.18506397844541575,0.45493676192576626,Others,3
303,0.026813041397363582,0.10814312774111626,0.07638229063915353,0.27955601416502074,0.3920550991543855,0.1474719578148197,0.10199189186913692,0.6738847397607669,0.167506288621913,0.5675989160844874,Healthy,0
304,0.07263581835577787,0.048506108721050434,0.07003747755140088,0.22501837435896674,0.4058206671147002,0.14630185382716498,0.13034155655422694,0.7056371595760136,0.2866060609270022,0.7864703939941833,Healthy,0
305,0.07265895803176019,0.11675336780116295,0.061515728432837403,0.218521106247758,0.3709201830096202,0.20646243989426438,0.08277725074852121,0.7154920449245665,0.25854835679031896,0.5211822843086147,Others,3
306,0.09259937727470931,0.08672278922007665,0.13559159415706068,0.2427339188213186,0.4253533299293163,0.2679114618202373,0.1581350313155169,0.516560045969213,0.27334664963222616,0.66128946077731,High_severity,2
307,0.09402219864815906,0.15251413548940246,0.07242860185460398,0.2030111217915686,0.4084423584183246,0.1527514849661143,0.12964066525331322,0.6987607577155602,0.33597198033158265,0.4562354223695293,Others,3
308,0.07439383976714692,0.15829700159816812,0.07280137988152223,0.24400434949405475,0.3763757848657955,0.19681262434980798,0.10893525546675681,0.6758455879097225,0.21337149279986284,0.40787335504745326,Low_severity,1
309,0.06770024878636266,0.136150830647667,0.09726457612277362,0.22133700463607373,0.35948057528819577,0.14491591723902328,0.13027811179402599,0.5740969517801972,0.237843301282537,0.4505964351044953,Low_severity,1
310,0.09331063827855954,0.11896494520847607,0.12492956067051132,0.252042573275245,0.29748992951479963,0.16747526362371745,0.14834944100727862,0.40850475144645415,0.08270185295467108,0.42867785957590043,Others,3
311,0.06327203227532438,0.08498392706554678,0.09684624553106536,0.26857737396437864,0.3641052857637968,0.15045299479475632,0.175844034131663,0.5797985733597028,0.15098866758962637,0.6215276402203803,Low_severity,1
312,0.06907610100082814,0.10248128322017555,0.09602952731828526,0.24932503626813599,0.3305138266703095,0.18628281728615928,0.11073800952331364,0.5497314567425988,0.14001957369799883,0.5266399971764321,Low_severity,1
313,0.0898127178441062,0.1565611895957936,0.07944821496122084,0.20779974215686348,0.2915795159935138,0.15779123388905236,0.1279318547200723,0.5717397470168422,0.16776782869788684,0.30128556659491657,Healthy,0
314,0.0995910010797494,0.0962675090259962,0.09194537003592569,0.2431463616890438,0.3355442867077987,0.1794133446169639,0.09781494771988838,0.5698358143385631,0.1596672164561957,0.554122837879382,Others,3
315,0.10500174772022093,0.06528667654632883,0.11475014619882175,0.19237302247710597,0.40551456913520256,0.15879389869182822,0.13766105759134784,0.5588778450018508,0.3564910020683371,0.7226571631015127,Others,3
316,0.07238791628442709,0.14414153195715043,0.10637314969464574,0.23671614298191193,0.37498497722205903,0.17865721677104884,0.14967620566205198,0.5580290692254054,0.2260398578214824,0.444676665866852,Low_severity,1
317,0.026154372793484322,0.15263226986793804,0.11899409958810034,0.17408214864519916,0.3558000466968514,0.20914069964472798,0.12767841733596072,0.49875498457942224,0.3429401849110053,0.3995965051978038,Others,3
318,0.06936014912826571,0.15590402992648691,0.088623936912956,0.198533665890926,0.38906237020679835,0.14212642625383173,0.13227345924507194,0.6289450394870193,0.324251173614427,0.42783984521483653,Low_severity,1
319,0.0517839454248075,0.13562670662475046,0.05525702077896967,0.2887519968578005,0.310442797785644,0.1641569186063449,0.13173467791362287,0.6978012130503337,0.03619991548950414,0.39190325595550823,Healthy,0
320,0.0651058414890782,0.13913489696779657,0.07301652925732521,0.26515201146557454,0.40171896728848416,0.18526602044938167,0.10565734919712907,0.6923906900217245,0.20478767283899957,0.4854991110801484,Healthy,0
321,0.07069083145796301,0.13041458739162473,0.13565192956261649,0.2084758623801092,0.3765531750199692,0.20262155546495852,0.19197967601010707,0.4703218365105357,0.28729738507820174,0.48551132020207427,Others,3
322,0.07341712243048201,0.0639479228421087,0.03970592984534986,0.21499090181796282,0.36362559347087386,0.20555546579648049,0.1265100629190225,0.8031102081043179,0.2568794579192127,0.700879870233595,Others,3
323,0.048323621092235786,0.11348295167787771,0.034112549105292655,0.2150970126017268,0.3075661606188308,0.13192187573256167,0.12584166884427195,0.8003238239055888,0.17691919529613218,0.46095147400331027,Healthy,0
324,0.037518172366205485,0.12204669756649665,0.09791306562900613,0.26461676070463613,0.38229339927689565,0.19899102525665807,0.12548093931366094,0.5922043005056479,0.1819056893087272,0.5160142993572268,Healthy,0
325,0.0937034985343697,0.10439457534905527,0.11714405155285877,0.2460824588766095,0.4458974178188874,0.184187924257111,0.12430674125217095,0.5838883708385791,0.2887583377373352,0.6205847926368238,Healthy,0
326,0.057500727779110944,0.11700274877230886,0.0649312460334533,0.2787330249531197,0.3603933181183092,0.21113833141002925,0.16775505415308384,0.6946743663256431,0.12776862360696523,0.5098294398009074,High_severity,2
327,0.06804937437329817,0.08508799601615152,0.08004588519258903,0.24837293116437276,0.33339701848552616,0.2146437351476308,0.1301885627756627,0.6127838476342139,0.1461472655511336,0.5933522440822769,Healthy,0
328,0.09080160860230213,0.08615913939195907,0.06981762678912302,0.2521570508132565,0.4782966912526358,0.16927995485455766,0.13927678778764457,0.7452442875838035,0.3095879005285181,0.6947178690897128,Healthy,0
329,0.08558829614237386,0.15220926185809264,0.06442591121149867,0.21739768522769237,0.3495171251361368,0.14557779578342048,0.10431380980016272,0.6887208840136505,0.2330499000787333,0.39325789592229177,Healthy,0
330,0.10589515764265363,0.17932551311502173,0.1294302192477137,0.20236202897565403,0.3047657416644124,0.2873228980804536,0.14098728826047524,0.4038165671748007,0.2019288207378399,0.2591251697090558,High_severity,2
331,0.08384640236404013,0.11957192348456895,0.06062107439842691,0.2409430640620269,0.31468072923531687,0.2684315829339521,0.10135656189028766,0.6769475989111585,0.13271149663281073,0.4492979018751156,Low_severity,1
332,0.09582256157508699,0.12977464874135325,0.07162895738751915,0.2190274510890518,0.30466610390785825,0.18825521647446097,0.10103595245229866,0.6192936620483939,0.16352817788508348,0.402566872697877,Others,3
333,0.11687227366637398,0.1059520740015472,0.10870282733471696,0.20210247449469587,0.3028749977313075,0.22982118162677634,0.2214472337436918,0.47177510198816425,0.19955845315711573,0.48167779813377487,Others,3
334,0.08619949055097399,0.13532036380057294,0.09203446929412588,0.24610930180230814,0.38286403059956164,0.23953046853238907,0.0769427809153711,0.6124036217645283,0.21742532115793556,0.47771347318468077,Low_severity,1
335,0.027954385275081428,0.15356018575320468,0.04641505040868634,0.2986990246368428,0.4405221493045226,0.17357955520945959,0.15734185701072484,0.8093591927828748,0.1918547921341457,0.4830339948139237,Low_severity,1
336,0.06731004112630327,0.08341239811464599,0.12269107416896588,0.23647353778602404,0.3342129783755958,0.23032930874230353,0.12407105679091826,0.46294600152621823,0.17126642705168055,0.6005396088923013,Low_severity,1
337,0.0882776954012413,0.1264057154335374,0.07607447951722397,0.27841048085748343,0.3314662007744259,0.21803786649978166,0.16891265328079363,0.6266655909648946,0.08699417688011264,0.44785556414809896,Healthy,0
338,0.07178023672804867,0.14270566723144668,0.10299556546510452,0.23749537678625238,0.3441477113791003,0.2107021455601527,0.09969154928450794,0.5393173919911555,0.18336388201440842,0.4137632663093727,High_severity,2
339,0.11924994372044226,0.14017028704634812,0.118502178952906,0.2553153839353314,0.3526331395912883,0.23886995469782993,0.15365246233526403,0.49695056053501946,0.16007565096372134,0.43113103736830616,High_severity,2
340,0.07044962302651415,0.15460138940612678,0.0817610952262007,0.2280292438072496,0.38563947336491416,0.1869933618944185,0.17406536443806683,0.6501455037906645,0.25683275869747046,0.4276575503262208,Low_severity,1
341,0.08436912392337652,0.17660748496538614,0.131650031375939,0.21880487324353012,0.34748174611767046,0.17810393079926348,0.17923710364175896,0.45046420396236436,0.22722923070175,0.3260403973559314,Others,3
342,0.10039365330893699,0.11204780054815353,0.06739834236965023,0.23261823101086246,0.3573714415376,0.16454561173617369,0.13012304429295893,0.6826594314233668,0.21144982078731242,0.5226109605124171,Others,3
343,0.07019274343781864,0.13307556029376388,0.05133483495070076,0.25795743473967314,0.37112582409020667,0.17184250849322819,0.07826467255631918,0.7569722346821889,0.17989413604970395,0.4721333006399631,Low_severity,1
344,0.08171833771759587,0.12249469170780952,0.0895550402098728,0.2580918988032044,0.3464701953949186,0.23856752970590073,0.1062002547309526,0.5892208390844399,0.1461856398868955,0.47759546577321166,Low_severity,1
345,0.09692052732895642,0.10378547274048014,0.09841477858712884,0.23947206437140484,0.3991475951235742,0.23751551210689092,0.18574821179071954,0.6044122956759186,0.2500322819351363,0.5872791853546048,Low_severity,1
346,0.04246063409415893,0.12374245408488255,0.05708152137062664,0.26660002203627586,0.45397905449894926,0.22292022758911384,0.12773998932881686,0.7766154383029773,0.26003951344750637,0.5716190162688859,Others,3
347,0.08073861990009862,0.14766197903836303,0.07903257057087429,0.1990696967453094,0.326844030884253,0.2503087243854029,0.16731288125577468,0.6105586265011046,0.24295683384204025,0.37761808722952017,Others,3
348,0.09278783843361614,0.12204774963288235,0.0962753363381968,0.26746839471642275,0.365707379464408,0.21016638511848407,0.14591125126035875,0.583208059327773,0.1551527849830983,0.49955318826165324,Others,3
349,0.07570184005543651,0.094266054667875,0.06933636581210843,0.27195700968177716,0.3772738036862619,0.20452747422324585,0.09757989864368616,0.6894993865008197,0.16221779964220867,0.6001777877403563,Low_severity,1
350,0.11319795019024198,0.11231567694593655,0.06415097119067215,0.2484916777286651,0.3159928758981007,0.2300038025311605,0.16600426451544445,0.6624910718300205,0.11958023959335308,0.4755384817784165,High_severity,2
351,0.044544783298811466,0.11056242555726065,0.12820476442534448,0.23559489914658907,0.37922877389390486,0.2270279958477215,0.13682178546859072,0.4946933746240279,0.23361799658266522,0.5485324126642082,Others,3
352,0.03559632714855866,0.09354046231915937,0.06968767639384198,0.26584696788540185,0.39019198248785747,0.1409995174787158,0.14166459625022693,0.6969308163648585,0.18953907314757515,0.6132553715454131,Low_severity,1
353,0.08509835662090164,0.11717020754608669,0.10969169616937685,0.22684935953244165,0.3728531081589712,0.1480035744083003,0.10365483789726516,0.5453616112515968,0.24346030989096792,0.5217770102326692,Healthy,0
354,0.0890638663971361,0.12189978260002984,0.08226027001238191,0.25591865259357616,0.4188799871354147,0.14546693867306149,0.07856222363174684,0.6717075954721328,0.24149624043001364,0.5491703298750819,Healthy,0
355,0.06905457097595798,0.13969487845218942,0.0967662576938163,0.25240317205223706,0.3713370408362846,0.23056915595041644,0.12139443551316088,0.5865602400253377,0.19067853302782656,0.4532831583330801,Healthy,0
356,0.09638915536956368,0.1100799882314788,0.11317903261334045,0.17495357296833997,0.27875595692066757,0.2945750076980365,0.19014455911810285,0.4224601751024836,0.22878598996525623,0.43379726281012443,High_severity,2
357,0.09467153764514745,0.10645101471543046,0.024820423161127286,0.2476835593136726,0.3661782367356799,0.13152527293123717,0.1588197618823992,0.8730408786174464,0.19303152303109067,0.5495369176216045,High_severity,2
358,0.05057419095372884,0.14855472942110068,0.046339652855783266,0.21557707526461103,0.3979855974868089,0.23141736750326242,0.1227315355463862,0.7914156225870413,0.29729403420879097,0.45638145217367754,Healthy,0
359,0.06659990015463901,0.1212025341475754,0.1039456302829977,0.2128613222512699,0.3761432009088802,0.22265130763444912,0.18390254977645668,0.566973345224715,0.27721668041115194,0.5126024992098615,Others,3
360,0.09185717721860678,0.13239122004699005,0.12953356143613168,0.2158264262258154,0.3504385589769716,0.2724495405387273,0.16507755433399635,0.4602454770721079,0.2377193297638734,0.45160292178076367,High_severity,2
361,0.10386898582914282,0.12302701120680133,0.06127276032630617,0.20011985103805385,0.3265659829893487,0.2430890120751259,0.16334864896426476,0.6840297088295926,0.24007885494926007,0.4527182905651476,High_severity,2
362,0.04825819796559466,0.14422205657715004,0.08830468863448637,0.2446581204676689,0.3494535926888546,0.24412861367604682,0.12137363735468339,0.5965595973762426,0.17639018033225762,0.41572140820970643,Low_severity,1
363,0.06237086790588651,0.13698174937039795,0.04298885371898628,0.2585452780961727,0.39508851985661475,0.17847894913694845,0.14599323709577866,0.8037385342771303,0.20889868637163808,0.48509902810617883,Healthy,0
364,0.07693761454916001,0.1533282830251871,0.11437826557963388,0.20077290992591945,0.3516635935277321,0.17239881534532914,0.1661165375802012,0.5091502475820155,0.27313670016100244,0.39274950689580246,High_severity,2
365,0.074960301229268,0.1072529913334555,0.0718107799682489,0.27550883192807557,0.41793657169967235,0.16442058195410883,0.09811605905621162,0.7067435700318354,0.20539142523187615,0.5915646506223879,Healthy,0
366,0.08700221874597153,0.10926748100410742,0.13909000819552642,0.1926881391284813,0.33105175189111424,0.25351350782740245,0.12525546359716386,0.4083060897636745,0.2641838346383589,0.5036897194535733,High_severity,2
367,0.07204728857303114,0.17562372970591741,0.14142117222388062,0.2905257764086528,0.3270159632848371,0.21804821904162155,0.1950089944613059,0.39619999567156977,0.05908942591361652,0.30119434595012057,High_severity,2
368,0.11382497525366486,0.15152947079760445,0.12932999163039127,0.214002579146078,0.36197700508635033,0.25585541280306384,0.14545197780532293,0.473526766381651,0.2569091509336542,0.40982449914868074,High_severity,2
369,0.07027119898205031,0.11388051241114269,0.13152287101483687,0.19059144849488233,0.31081271666192356,0.2172673054989536,0.15908015120307936,0.405325392398913,0.23976918526283886,0.4637046008023351,Others,3
370,0.07565329023512178,0.16082908285543174,0.09750343257754773,0.19631092657039934,0.4371669001202732,0.19854960595598853,0.22735361677843538,0.6352764437646341,0.38021216118663603,0.4621064775213856,High_severity,2
371,0.034192395131864534,0.09713016925806123,0.1587730227771149,0.28601672769675657,0.41633154075264994,0.14092183496782718,0.1477161685659611,0.44784641664942193,0.1855415879982063,0.6216653847234879,Healthy,0
372,0.05225347834672092,0.1443570109509514,0.04291573880670893,0.2418189552337852,0.3453599497916859,0.16128238275722914,0.16878569587508846,0.7789419215937676,0.17633636643232137,0.4104471663303658,Healthy,0
373,0.07821818021389625,0.14480226505968333,0.05993249507804719,0.21535807269622667,0.4019124346809757,0.17873417113345677,0.10150784385517536,0.7404648564213178,0.3022246482784722,0.4702821594942588,Healthy,0
374,0.09407886707282792,0.10784935817428332,0.14315009181624372,0.24156013434779103,0.3505264514557787,0.16635896238339343,0.20162375370380303,0.420065248117871,0.18403780751104243,0.5294282293765699,High_severity,2
375,0.09006530757282133,0.13383073905138068,0.11723891180333902,0.22378091578390838,0.34334319598267743,0.17573597468358,0.14419532810923422,0.49090982988072357,0.21082207177955062,0.43906936558959964,Low_severity,1
376,0.08893694057545753,0.1387722879243507,0.10967974314595604,0.255971924764275,0.2977372970396499,0.13296395932751914,0.1542199283550218,0.46158490034688043,0.07542834872662557,0.3641730092327966,Low_severity,1
377,0.11300984179250087,0.17346431055423828,0.09408063598239447,0.28390671478166885,0.35213980550115925,0.15065422666336353,0.17883130766149177,0.5783221599189692,0.10727688705717546,0.3399431044944271,Healthy,0
378,0.050428468914665736,0.08930688705172243,0.01640617778209747,0.2644711799272609,0.41612436904797323,0.21353315692961716,0.10933555900878876,0.9241386399072388,0.22282424466198028,0.6466111425680934,Healthy,0
379,0.038449554887970944,0.15190144163174435,0.1346651003974943,0.31372346738348744,0.2975297970498446,0.15272754083346196,0.136775317950818,0.37683160447815023,-0.026492570716420336,0.3240281112752698,Low_severity,1
380,0.059020509978150684,0.12572813718423795,0.1017182157768581,0.1739923734285549,0.27981913524261204,0.24417042962199406,0.1298161556049091,0.4667981234074912,0.23319541217439577,0.3799581664950491,Low_severity,1
381,0.058963331805788784,0.08547294934658153,0.12583576323376341,0.2165741533536782,0.3878254645850458,0.2951032777801946,0.16379492803345777,0.5100437548377657,0.2833411970302232,0.6388200474344757,Others,3
382,0.05751619016719174,0.11865904392301571,0.04367136173053391,0.22441873431635373,0.3407071810272899,0.2604353233084077,0.13191332018136492,0.7727689926851672,0.20577440098499664,0.4833793279605949,Others,3
383,0.08486587871416147,0.12612486481717805,0.11605250395313338,0.2922245257262943,0.3074632355993307,0.2263468942353271,0.1893236155013584,0.45195659516329695,0.02541107365498143,0.41822727747361454,Others,3
384,0.10769425785067102,0.09654014509030812,0.08737018603055112,0.28366837424623326,0.32542041437298,0.2433293057279003,0.10228050256358273,0.5766851961011672,0.06854836422354356,0.542421001559472,Others,3
385,0.12323284907877682,0.14135902558378963,0.1389343988302166,0.24994002707494006,0.2521147208705977,0.1943364859740911,0.19195718365813633,0.28942737967796384,0.0043315869525320455,0.28148179207592244,High_severity,2
386,0.09188896349040124,0.14771000447292276,0.11343692220436186,0.2045879288780708,0.36214262469045855,0.16028361311564074,0.13415994026038935,0.5229528984372002,0.2780063556134637,0.420577649210908,Others,3
387,0.11354745032115511,0.11331440101574092,0.08404818457533436,0.2367956346445536,0.3638202576406827,0.17124274164430295,0.13847414467433516,0.6246746738418509,0.21149061259904908,0.5250212955192733,Healthy,0
388,0.07232353413196624,0.10949817362427733,0.07355764996471992,0.20481571619293149,0.3236760160756289,0.22732312833302354,0.15144284549661519,0.6296504739996114,0.22490474803170035,0.4944381441556557,Others,3
389,0.050164240396425766,0.1260935232275163,0.11428984887524848,0.19433787471781883,0.33700409941599313,0.27026879352737215,0.15100181366375479,0.4935015224201865,0.2685017025631135,0.45543437468871417,Others,3
390,0.1105830225216784,0.13121567896946504,0.11369769057541844,0.25995492816200194,0.307914794191602,0.21624879799653263,0.15889405299464812,0.46065311306781226,0.08445575480028177,0.40238408860622654,Others,3
391,0.04124440285273418,0.13022558865412745,0.12035470860612288,0.2193000273556976,0.3112380867215476,0.22494834886218595,0.13027158392421853,0.44227656295908224,0.17329209141883453,0.4100280683645893,Others,3
392,0.053408160642107384,0.13919517150343289,0.10916794546107225,0.24661860077767558,0.30321190505688855,0.18705476120979236,0.150894788166348,0.4705466558370677,0.10292863651374239,0.37073713835834693,Healthy,0
393,0.0922268016881132,0.13055201677729417,0.10875118133369481,0.2516629384580796,0.35749808427112634,0.21072339439708893,0.12198630613818187,0.5335062621809294,0.17373919516202255,0.46500567668423937,High_severity,2
394,0.0722833860040559,0.08154490264440475,0.055415272850395825,0.19102260364872262,0.36916968403385664,0.19314725482571563,0.129365357148348,0.7389673282018667,0.3180105908314061,0.6381528130900506,Low_severity,1
395,0.0835826155023759,0.11769463181233875,0.12254844156547458,0.21601222206697612,0.29610836120348294,0.2074051535907695,0.18180066926820032,0.4145637154110457,0.15640093710938927,0.4311562081531938,High_severity,2
396,0.04635240268475799,0.11824170730875663,0.15953109883859817,0.21243428132621617,0.3327076974132188,0.19854050714341065,0.18010999309522213,0.3518142005329215,0.2206276910927282,0.47558769977019316,Others,3
397,0.08677042791675313,0.15896948982018036,0.16396260733627205,0.20715139141467737,0.32019477163307664,0.24170928797172833,0.1691703917899824,0.32268880137566885,0.2143627623363642,0.33647184229457394,High_severity,2
398,0.09951810849122208,0.1523747710258317,0.014082955969192984,0.2175323117032423,0.3744508879619226,0.189403265656938,0.13756405487553705,0.9275071853370397,0.2650726850820022,0.42153625805316547,Others,3
399,0.0758190112601472,0.16194395307837758,0.09473014493850163,0.22010114342635273,0.3667856917522258,0.22163835304222562,0.147756889915536,0.5894825814959737,0.24993668205428352,0.38742245810612014,Others,3
400,0.04746720965296311,0.10981642165955857,0.09838258743229204,0.2653030961910581,0.4642316702294393,0.2039895253253392,0.05253596239993801,0.6502662842524548,0.27267867577365124,0.617396440433449,Healthy,0
401,0.039421793599630994,0.12693146051073065,0.06961121450403718,0.26290112260623083,0.42268260395390406,0.19529218094785405,0.08170027400640713,0.7171964713183399,0.23305903445136433,0.5381069418797666,Healthy,0
402,0.06456051161061216,0.08920599585207992,0.0950565808837603,0.2186621974517107,0.33261419022353733,0.18382520288129856,0.14626595701099332,0.5554684242851299,0.20670573839080286,0.5770425465788948,Low_severity,1
403,0.07656485671954703,0.11981391266210126,0.06952538947715765,0.2652535019568724,0.42006381191140396,0.1784215035060962,0.09901139047741482,0.7159847918215053,0.22589581033741013,0.5561442630115834,Healthy,0
404,0.09135657352258222,0.10031533889281401,0.12645557077217442,0.19634691627305634,0.3335564314903026,0.1928914842304519,0.11316811953870262,0.45020751567251294,0.2589330975099264,0.5375807059111785,High_severity,2
405,0.06114472111752326,0.1198718084839918,0.06803400642598827,0.2529358214099269,0.3521430229528594,0.21232645915961065,0.17396275838521377,0.676165036786691,0.16395747838020755,0.49208456810947077,Others,3
406,0.023515342410057698,0.18963401651456124,0.11932338873148304,0.2395099299479459,0.4267183673159784,0.15642837178438662,0.13904082967042444,0.5629514138434807,0.28099742706345965,0.3846571490937907,Healthy,0
407,0.08516920147913001,0.1257933366800092,0.0925655976860449,0.2236322517791783,0.3249131223548218,0.2447630389393507,0.14516803916278423,0.5565493844716985,0.18463535625569294,0.4417948349380643,Others,3
408,0.04997690123706606,0.08952062839423074,0.05466174321313713,0.22670430761986743,0.3848055195825468,0.20798548831847657,0.10419117293128144,0.7512363361702764,0.25854238955729275,0.6225355537489213,Healthy,0
409,0.09701850779046103,0.13517659172280455,0.13832280434514516,0.21903980968174996,0.38639733374094926,0.2590547587650901,0.15859098873108798,0.4727749354172887,0.27642427604141057,0.4816589360650526,Others,3
410,0.06721809439959392,0.11433312779401404,0.06784884864202637,0.27841416465256885,0.3437645980860649,0.2617752936683991,0.17676850056541457,0.670327346293685,0.10503481852360913,0.5008352090185043,High_severity,2
411,0.059852462826543176,0.10065142323652292,0.09071041615669631,0.22492804128236438,0.32506029587249835,0.20837158177494136,0.14756067703019038,0.5636517266260602,0.1820625053762536,0.5271381138053804,Others,3
412,0.08981895399644951,0.1828061135196067,0.10066989539359823,0.18276954984221952,0.25351382753428964,0.21822962823486158,0.18134932384311034,0.4315385554062025,0.1621521271735695,0.16205473864864856,High_severity,2
413,0.13655744658876232,0.15488523040316282,0.17293336754528787,0.24818844494718698,0.23748760063614624,0.28855139080736375,0.13960177747485797,0.15728785343715912,-0.022032884694134384,0.21052010663987095,High_severity,2
414,0.10225699764055957,0.138099373151745,0.09605871384094192,0.2042854712542575,0.40729913562816294,0.22523844544280675,0.169211713825107,0.6183283366207332,0.3319469818064529,0.49358360564394543,High_severity,2
415,0.06944201125474161,0.09757034536919762,0.013472088123596071,0.26562239678614835,0.4084012080675275,0.12284597848329193,0.15084828564490183,0.9361320650288671,0.21183058019514772,0.6143247789071629,Healthy,0
416,0.07530817321716102,0.10070276511630041,0.05959511837956914,0.23700330465364325,0.36910144231708203,0.20856071670246867,0.1560237210361433,0.7219706251772843,0.21794605358835623,0.5712990070205791,Healthy,0
417,0.03929238696195118,0.15892425914497157,0.11093455811583591,0.2727893276550265,0.36780108502512326,0.21102823269236665,0.18564264221469243,0.5365519166778552,0.14831904363441767,0.39655738648622785,Others,3
418,0.06363319876113807,0.1400355092046934,0.14265012498511442,0.19562783346523246,0.27688705448785855,0.29172848893773223,0.18140196167991574,0.31996432276008047,0.17197176870899591,0.3282421178434529,High_severity,2
419,0.02931044852797348,0.05098802406514885,0.17635214761427734,0.26283397223930505,0.3155629528278245,0.23566385848621996,0.16407926208318802,0.28299762517644483,0.09116400572565223,0.7217957267644304,High_severity,2
420,0.12402242530852814,0.19019797675186229,0.15503284547583848,0.18659178320845154,0.2859202142340095,0.23090486105894126,0.15330398870109813,0.29682834913152967,0.2102135640220509,0.2010472174649333,High_severity,2
421,0.1032650743506915,0.11561950944918147,0.08596736486376363,0.24188764501000554,0.32757946741157823,0.23378234225051855,0.07062209598544475,0.5842436302037682,0.15047721024165825,0.4782501066761001,Healthy,0
422,0.07555045498681218,0.11647959361203805,0.04984418278665799,0.29818297875703514,0.31014065464331336,0.11786594121254138,0.07741758816248735,0.7230762098620097,0.019656766940712726,0.4539424976269773,Others,3
423,0.09331700131860937,0.1618467635367349,0.1704966303293479,0.21435628864192643,0.2433856764080354,0.22488065064127347,0.17298698554298844,0.17611056305660605,0.06341867248929309,0.20121516649164006,High_severity,2
424,0.04610024638109464,0.1347610437525513,0.09304142009666852,0.2976735253820862,0.3856920980807732,0.18253872192691212,0.1487847859331107,0.6113018346787957,0.1288015809935906,0.4821395706139916,High_severity,2
425,0.0774993903086712,0.14418584622484756,0.08940871760210481,0.21727780765448668,0.29760704651033487,0.1433333174002352,0.19977123512353123,0.537958264789809,0.15601398682846812,0.34726950751887803,High_severity,2
426,0.12141686949543273,0.11453176836793075,0.09543103676228702,0.23374278924772598,0.35973990555294016,0.2496545263737292,0.19597489774838994,0.5806804525927027,0.21230124721249538,0.5170204139704131,High_severity,2
427,0.08685110678276493,0.09663792241222231,0.0762786896447305,0.2792345685165461,0.3692717776818172,0.20579307066689753,0.14101672815601188,0.6575979816498533,0.13883782278011933,0.585164582781956,Others,3
428,0.054395610068784614,0.11479762790876857,0.06158907814459767,0.2109466388468393,0.3953398101994976,0.20311535448046147,0.14208134028953257,0.7304216051307425,0.3041353994348727,0.5499345104547879,Healthy,0
429,0.029698795367421156,0.14536333760686548,0.07142228794810576,0.2041147992295526,0.37694515478215473,0.18994369826821317,0.10722711948778435,0.6814118013868652,0.2974397983536134,0.44338129773851154,Healthy,0
430,0.09951433487376352,0.09425934617034869,0.10006040395635174,0.22783953695634618,0.39134408389884495,0.19999961418926718,0.14400091308244894,0.5927574679137372,0.264064715918475,0.6117846772337762,Healthy,0
431,0.07061635896510306,0.09569448880117588,0.07518681787655325,0.2700847755087768,0.358176147156107,0.17227251201767063,0.15544448135446048,0.6530076451231277,0.14021462814156022,0.5783182201274533,Healthy,0
432,0.03215500133406295,0.14287193420440725,0.04766074003147557,0.20009817228395146,0.42803039922381164,0.1572040598715225,0.16504230292797692,0.7996147663961524,0.36287511391613736,0.4994872998802661,Healthy,0
433,0.06663159585707608,0.11938651657164415,0.07287746721563385,0.2339805899715606,0.39490400319022256,0.23789015905816163,0.1545604044319048,0.6884123385545653,0.2558870339144463,0.5357234404129246,High_severity,2
434,0.040916462262311125,0.10004720060464281,0.08520145002534009,0.26775660354628683,0.44448107825070393,0.21052668215466874,0.15362930712905912,0.6782923903393795,0.24812570188442923,0.6325362538931786,Healthy,0
435,0.06855183944092504,0.10375733261244502,0.08656966033982777,0.3075313129828819,0.2914081674417288,0.18422296325734694,0.07325894264758923,0.5419326003965572,-0.026919490312648568,0.474866441537934,Healthy,0
436,0.07624971612841705,0.11173348552887807,0.06952551293660637,0.2779880301715011,0.3591053969712653,0.16216675635537986,0.16894199306685592,0.6755926307248821,0.12732413072217524,0.525385478210398,High_severity,2
437,0.05622220450862553,0.06899388179988111,0.06253903322640718,0.26633554727942715,0.393078154409592,0.13095516084399567,0.1180028752596667,0.7254755311102496,0.19220499483939585,0.7013717498861851,Healthy,0
438,0.09868940565070389,0.11119578921845077,0.11715130667836067,0.2675852269986038,0.35831461931292957,0.22501375862431036,0.15541656713240976,0.5072147118256096,0.14495832336275474,0.5263330175521812,Others,3
439,0.08150152199374956,0.12835105499661403,0.14129502232477856,0.2466313728267343,0.27748389130802487,0.19273523620233385,0.08970857749505862,0.3252046952456168,0.058865903347088626,0.367471647450155,Others,3
440,0.09377168134041111,0.1174675871065699,0.06044339921059177,0.23539628063233542,0.31163067780309406,0.1801773358724068,0.11508496046252671,0.6751001859859831,0.13936131665027854,0.4524909713568765,Healthy,0
441,0.07103308639775796,0.15053994758938544,0.10297075680446162,0.19787911445746661,0.40210369584160455,0.20101557612726018,0.18924215485692192,0.5922551367823033,0.3403840541403826,0.4552006546034443,Low_severity,1
442,0.14418601018722121,0.16562920231255698,0.12366481523281192,0.21854133756325558,0.3337909377931265,0.18846700696967975,0.131398835953711,0.45933649576027985,0.20865990522735303,0.33671396480923743,High_severity,2
443,0.0549566434887688,0.14624110948683394,0.05407321859989671,0.2540469929531948,0.33310942067114324,0.1834629387571985,0.14036918529975992,0.7206836613247849,0.13465309393440864,0.3898364545935185,Others,3
444,0.04984093884237842,0.13396825092871423,0.08037844078010088,0.2558221548384729,0.3397730583787676,0.19993798159392479,0.1260160218168714,0.61738353455353,0.14095295206758818,0.4344244493918003,Low_severity,1
445,0.056817593303208944,0.11844872712260911,0.10049942041065024,0.16715172124676603,0.36357593708417346,0.27974426576519795,0.1817560309445168,0.5668831848639099,0.3701035978700125,0.5085366541667415,Low_severity,1
446,0.07285214039033597,0.10441508625054165,0.0607683827927758,0.22842751720321883,0.3221247002932033,0.23150635576248293,0.15072660820491693,0.6825830213332416,0.1701876409036412,0.5104086908439757,Others,3
447,0.03247505786063253,0.1122239343666298,0.08679979166703695,0.2502477493671238,0.3913898616371228,0.23816555880487422,0.09854384456337634,0.6369649946740833,0.2199716940674553,0.5543254165904797,Healthy,0
448,0.08561198551781926,0.13650415833415952,0.10187954304436857,0.24816291743918037,0.3097906659481694,0.18147688199799114,0.1508890708476017,0.5050429163009205,0.11045318166942394,0.38827810269291346,High_severity,2
449,0.03457220271256085,0.13939288569098351,0.11087568536651805,0.28582625518921734,0.28898756251640323,0.1457891450453692,0.1904364987644305,0.44543197728948525,0.005499706565517693,0.34920986112092167,Low_severity,1
450,0.08822243244710037,0.14376648290114344,0.07962219039058852,0.22623826182767554,0.3853598529482996,0.22701562484872423,0.17835536635839222,0.6575257409131462,0.2601734493228603,0.45658919936258635,High_severity,2
451,0.0355091797248277,0.10295543389553866,0.07150070956220171,0.23223967752267355,0.41647692924175417,0.19648921041505338,0.10997245731105497,0.7069508769399698,0.28400267512495453,0.6035848314352098,Healthy,0
452,0.07119588578647917,0.14205365970901795,0.14065499824416525,0.17628893699427342,0.33390812848335083,0.23609144534622387,0.21803204792816236,0.40722323196877314,0.3089378637282463,0.4030879653237863,Low_severity,1
453,0.09541001206433299,0.15679052495099738,0.1655488309008749,0.2463900821765293,0.31702221608002873,0.2618873139221821,0.1916310738056337,0.3138882577535737,0.1253649132652338,0.3381751423154302,High_severity,2
454,0.128923973930616,0.14284417518492998,0.13491892999978272,0.20745708944500513,0.4108654766174748,0.11853136778943167,0.171392390024247,0.5055962450961067,0.3289680796672004,0.484046648925293,Low_severity,1
455,0.054362816227647215,0.11986119097500951,0.06578234288072035,0.2598474539451751,0.37651127042034194,0.2506733640447071,0.15600868800404383,0.7025399377135325,0.1833302695605953,0.5170514067679419,Others,3
456,0.07670315944530015,0.10202251792469928,0.11550835366725176,0.2719023178995155,0.3915491317440446,0.2246302138277484,0.1733628693265695,0.5443974026985997,0.18033996897408155,0.5865949027130275,Others,3
457,0.06434314664558334,0.10172177139746334,0.08989869052390011,0.18314608203933425,0.3213791822208924,0.1596521650340811,0.17499411574285878,0.5628323501873181,0.27398647793038877,0.5191607557130768,High_severity,2
458,0.04664525555327681,0.08957801958118325,0.08034007942823988,0.2750519714635402,0.4005491660514728,0.1934967751057246,0.04938457501815839,0.6658686789799327,0.1857563399752917,0.6344703080872531,Healthy,0
459,0.06738672438998104,0.1328453229946573,0.08791251291534118,0.2625463970115583,0.35022801679956317,0.22858260851555978,0.1712895831973975,0.5987017545601391,0.14308955761170442,0.44999936013340447,High_severity,2
460,0.0952892825744039,0.13260631682219512,0.04879378672183112,0.266251539537626,0.3342607609317074,0.21727388865431854,0.13930107593236488,0.7452384417795054,0.11325200389888516,0.4319311721007868,Healthy,0
461,0.07936846255264868,0.099043196697933,0.11486571352865547,0.1468972337612523,0.3043575755386197,0.2795867080390055,0.16242134726060367,0.4520070018809364,0.34893886676059865,0.5089588145862327,Others,3
462,0.11468527639091153,0.09334343318114291,0.09137658342426483,0.23398964459828345,0.377339826011417,0.18140374284321217,0.10750933110169414,0.6100986371086132,0.23448923748132963,0.6033704987032248,Healthy,0
463,0.08085384644179484,0.1194561969893328,0.09314035632207535,0.20818997920326593,0.39249667174082037,0.13522978753448034,0.08341617519790434,0.6164198735273845,0.30682668284351516,0.533331272132016,Others,3
464,0.06648597464555277,0.11031509846628271,0.1327958454877071,0.2282917642716467,0.26052117073512776,0.2352135951590858,0.11967766349101083,0.32473887469709045,0.0659340294729197,0.4050468757878275,High_severity,2
465,0.07864614052432078,0.14137749471964725,0.12330135446809222,0.22897248964153996,0.3436566553671216,0.17733961897640088,0.20608732703305846,0.4718953230436956,0.2002765083217113,0.41704106939952196,High_severity,2
466,0.06221093187301413,0.11500179633153602,0.11386583855402395,0.14936011235399346,0.3586941413552534,0.23510780073179918,0.16491161770128066,0.5180893711063554,0.41203085590354926,0.5144488808870644,High_severity,2
467,0.10331431894249404,0.11130056015417299,0.12992520477799838,0.2095494342048321,0.31636294128551784,0.27974064255667846,0.0937282868119165,0.41775193482505235,0.20310133790081475,0.47949469721175814,Others,3
468,0.029912234200625748,0.10814772054843537,0.06509189137154493,0.2820908216201106,0.41582353543014133,0.12529753933800417,0.09804802941667687,0.7293000484328955,0.19161765689311008,0.5871997964985425,Healthy,0
469,0.04061988905584063,0.12137365901139575,0.08400840591709596,0.25419764088586677,0.36781076644194666,0.1583070580041408,0.15244151623871194,0.6281326200547425,0.1826552892494957,0.503771368440788,Healthy,0
470,0.06486017911874908,0.09921442712180063,0.14711307820613034,0.23863962012253545,0.3268049079166249,0.1752931112017333,0.1375617812401159,0.3791622917302624,0.15592208151669212,0.5342257077939817,Others,3
471,0.10056052777655936,0.1231183457360959,0.11869622237099518,0.20797879274340628,0.3469021666893441,0.21436836736863768,0.20301337288470678,0.49013473774879085,0.2503660858861653,0.4761150099566077,Others,3
472,0.11211861805465184,0.14025343601387869,0.11474454649046154,0.18824918775065796,0.3506557613172717,0.24297887113526306,0.19575587628600122,0.5068995676820011,0.3013640417433654,0.4285972364079846,High_severity,2
473,0.11671314411167472,0.11105199217670618,0.11932622887663671,0.21680589345394116,0.3018703884788563,0.21727925931542913,0.12703321892983563,0.43339417288850396,0.1640030554470901,0.46211686564240867,High_severity,2
474,0.08380492835078526,0.07244098746019058,0.07993276486987357,0.24726421371317456,0.3511519557802163,0.21102205433913318,0.1269413210938083,0.6291551936736133,0.1736045036266172,0.6579688655527142,Others,3
475,0.08277537213433316,0.08969873035399567,0.10052205144626666,0.2392597517415695,0.32131356203680317,0.2645992523173179,0.14981173937227787,0.5234065202970299,0.14637480643196357,0.5635228823340968,High_severity,2
476,0.09213864168047271,0.10629944132379276,0.09725058541701395,0.2615812501097341,0.34347995688048405,0.23462603469087143,0.09601195525117523,0.5586846107371941,0.1353560694762472,0.5273263215336749,Others,3
477,0.0449162364571602,0.0785769717102662,0.06747265300369625,0.25238534249358163,0.4435081213871331,0.1425915903612726,0.08233098464460484,0.7359092303066219,0.27464373329178504,0.6989878747769303,Low_severity,1
478,0.035087342883063116,0.10921529749764539,0.0895037286191096,0.2715076474027048,0.37445690771735074,0.24775546146843702,0.11611312958611412,0.6141753346755812,0.15937292456474236,0.548391260361557,Low_severity,1
479,0.07931756690981474,0.15272247436584496,0.05867603150450392,0.2393291795545029,0.3845125743106726,0.23183451345862033,0.10574476965930882,0.7352096568611981,0.2327247156136117,0.43145007109242817,Healthy,0
480,0.06498732286710074,0.09652046664421202,0.1211220049077654,0.17245476681485714,0.2819883654590443,0.28955372001848084,0.1782141025742663,0.3990628184655701,0.2410281746279515,0.48999622488131817,Others,3
481,0.07157785078962182,0.10780870602421451,0.1042458846453482,0.2582824122880214,0.40121963912020525,0.18537950641556247,0.1647925156465359,0.5875252425971595,0.2167350753905492,0.5764137417784568,Healthy,0
482,0.08506362278726076,0.17894398921456617,0.10213458771833474,0.22892772975555997,0.3122175840894334,0.19418554566803947,0.17309119322937955,0.5070155550398882,0.1539140267926835,0.27134369241947776,Others,3
483,0.0948628246144167,0.1438080455743861,0.06677439157958667,0.22609955684540756,0.28467452868178006,0.20796474042317872,0.19812195258340976,0.6200051402637534,0.1146788247409131,0.3287566206208835,High_severity,2
484,0.09719984597240351,0.1097422688129413,0.11203418635823685,0.19892959530180743,0.38936469577361177,0.16350991921941732,0.13460600510550935,0.5531135375416487,0.3237072046435865,0.5602454920505913,Others,3
485,0.10788387845220299,0.1298816190624875,0.12674705683252663,0.2645674340387616,0.3256309328319035,0.24336929777830862,0.1941482969806907,0.439640920962815,0.10346266987642007,0.42973418175927625,Others,3
486,0.07691003687868084,0.12515696031096527,0.0592324524017481,0.26607500160792596,0.2729876784308944,0.21933778338028148,0.12800027015484214,0.6434144297439536,0.012823512142355338,0.37129902988792063,Healthy,0
487,0.07233769026205263,0.16760804275983407,0.12892733771157924,0.21723604040526714,0.33174449984344645,0.26506734279346417,0.14348675361424965,0.440263861598966,0.2085838222722825,0.32869855078321586,High_severity,2
488,0.08189213398839751,0.10903879471309003,0.06267559731749583,0.20289366954602372,0.3525128463968363,0.1943583719023757,0.20711083199191624,0.6980860220636613,0.2693867870758025,0.5275120484855103,Low_severity,1
489,0.06082174816858764,0.09698931702543398,0.11913936466216207,0.27443784764209567,0.35464503795142016,0.19245223942070278,0.06592726302326742,0.4970735042988237,0.12749860494718762,0.5704962833024313,Healthy,0
490,0.08470641856404307,0.09870447293555584,0.12059628075311839,0.17889119684172666,0.31859680004864227,0.2375838365823686,0.11844392640466758,0.4508279568841744,0.2808220581806367,0.5269390278649188,Others,3
491,0.1368226272650987,0.1245463287514075,0.03766351777442671,0.29939532085110293,0.27621346408298675,0.1881797430860417,0.1609110804859985,0.7600109600165817,-0.04027363267357122,0.37844898126856896,Others,3
492,0.07117440815105774,0.07304779830497488,0.08034944572541321,0.23727138233978035,0.2801417327374972,0.19827368555528407,0.11047799028247757,0.5542224025119658,0.08285516765711284,0.5863535474034723,Healthy,0
493,0.08406628874274301,0.10458931822850309,0.0789713959104187,0.29329335970233444,0.3283836479557833,0.20720536921669475,0.09330420815535022,0.6122724041371768,0.05644456497697312,0.5168782977365532,Low_severity,1
494,0.06823662961672727,0.10443400413840721,0.09531651389051345,0.21695137865702804,0.3430488418306465,0.22962930908614274,0.12945162433896046,0.5651275236670693,0.22517395272417365,0.5332379550226178,High_severity,2
495,0.0963815389387502,0.1427844292156162,0.06921494391628255,0.289542553710023,0.23922489111493278,0.20635187938620717,0.10811334437861456,0.5511932243818136,-0.09516028849269928,0.2524557825339642,Others,3
496,0.0861882702647502,0.09810412113429257,0.07671426564054112,0.2290293908628948,0.3511125571504159,0.20127937842928437,0.1511016654554685,0.6413770172702569,0.2104367158858163,0.5632213767801592,Healthy,0
497,0.09424561994989318,0.12976767391154764,0.08362299638620858,0.2358373638614384,0.278595210169951,0.22576243887593347,0.1810222482825994,0.5382728152664332,0.08311652190575246,0.3644492241089698,Others,3
498,0.09374958765249565,0.09306567735655102,0.07020263081340974,0.2360985194572781,0.3024991065527596,0.211864789382339,0.22381482610413997,0.6232771475146758,0.12328421791863595,0.5294541822616455,High_severity,2
499,0.09013466464971866,0.1117247967674351,0.11143750627592539,0.2750973490151753,0.47089532087336367,0.2045735871978165,0.07131318987247624,0.6172721128518595,0.26246634821149534,0.6164746345531565,Healthy,0
500,0.09962055816615299,0.08322783102798284,0.07810830814775985,0.27973588732935883,0.3680657345213059,0.19553162047369885,0.08892668104228255,0.6498751577724838,0.13635323563964374,0.6311587960414073,Low_severity,1
501,0.07692433441801087,0.10158296829298369,0.06242615853896519,0.2339835201713003,0.37597129861526724,0.1684049303515737,0.08443561254525218,0.7152074788745727,0.23278409165851777,0.5745699480369209,Others,3
502,0.06488310654848338,0.1637424397238233,0.04427109070263889,0.2577350942925134,0.4260665176874218,0.1814695714610146,0.15770605474979008,0.8117476046443475,0.24616997159089435,0.4447610953807416,Healthy,0
503,0.0976401046331081,0.14382955126026023,0.1200652325685033,0.2715325715787754,0.35414538886739894,0.21850098921578173,0.15869841524837167,0.493620652338205,0.13203728197443915,0.42234221174507863,Others,3
504,0.06087246485191902,0.12051908153919834,0.06813652257151169,0.2073158917559647,0.3342797918349881,0.2531182676531921,0.1557971177415489,0.6613630206717526,0.23442561291702346,0.47001152115853606,Low_severity,1
505,0.059179800617579756,0.19708774979157073,0.09584077329013081,0.25722637825131817,0.40144468031308006,0.16044860863224336,0.1453958154211527,0.6145442317055865,0.21895345208591957,0.3414300048633595,Low_severity,1
506,0.0856327116763337,0.10775528327758312,0.10109779770425731,0.20981455436706445,0.3393128717754951,0.28061974135441586,0.1672246153938988,0.5408930586369219,0.23582562305822882,0.5179469525634638,High_severity,2
507,0.03164717023620344,0.14050986754256134,0.06662473323677463,0.2562621717137929,0.3945617919929568,0.18210433194520653,0.09196951905682878,0.7110725071441028,0.21249927475239588,0.4747998140490778,Low_severity,1
508,0.09713002956319165,0.08330934834430366,0.06964947644295263,0.23469063940284082,0.34416361215948643,0.19175671307887324,0.16405415566588055,0.6633771218876711,0.1891200979541536,0.6102240092747807,Others,3
509,0.05061654451994514,0.10738838825216504,0.06791816312695048,0.2227502053880646,0.3623264259324853,0.16830122378675053,0.1247603735154578,0.6842811514472389,0.23856058005494013,0.5427506861218586,Others,3
510,0.07835737810006353,0.09913974832903136,0.12181141961883955,0.20471884309012223,0.3499747361377441,0.2052469816877594,0.13786796178359825,0.48361596400175966,0.2618669090235696,0.5585101271149694,High_severity,2
511,0.06153896757201649,0.11355317636523926,0.07994113950271066,0.26188573020835826,0.38339734011893906,0.1086514949104243,0.13325143995866837,0.6549341657615464,0.18830745063394932,0.5430000670142999,Healthy,0
512,0.07617729122470902,0.11889980622536254,0.07081694156012716,0.23629231773832232,0.4123733280450862,0.2218355079987796,0.126602608155083,0.7068776173080323,0.27145111114078924,0.5523966918122546,Low_severity,1
513,0.07409703619535347,0.1170597037651652,0.10386256875316753,0.2738672619405064,0.2976723431779758,0.2873971643128443,0.16251498303093947,0.48267228742999935,0.04165079904223698,0.4354923636696256,Low_severity,1
514,0.07799921732598368,0.1495658603310735,0.12662253913513902,0.26133590597438816,0.4049919453957546,0.15461065822376502,0.1463456032426199,0.5236302139251413,0.21559362876093566,0.46059415705078455,Healthy,0
515,0.0839720667925963,0.11471838248085646,0.0676261319165376,0.22813166554443406,0.34497006870427654,0.1961986291587345,0.1917570409800782,0.6721921732929982,0.20387026626783472,0.5008863843105109,Others,3
516,0.0726154287496422,0.13382856205797053,0.10793184691965432,0.20220539488353698,0.2978724808988607,0.24686289961775204,0.1643337430431399,0.4680596557465798,0.19130437607472162,0.37999426111484763,High_severity,2
517,0.06905698317783317,0.15030502921636746,0.08923646648420915,0.19314478475128943,0.34353788932594426,0.2303283863978562,0.1405190951008598,0.5876074204204705,0.28022724011584516,0.391284055828819,High_severity,2
518,0.09333014392774977,0.07381971845408289,0.0509628094491511,0.31013889587455923,0.3585620758687245,0.20918035733997076,0.13418565622825276,0.7511125146419687,0.0724138023426637,0.6585438174162781,Healthy,0
519,0.04149613749489082,0.1130531419664356,0.12686488581700026,0.18411731102831763,0.3181057455219397,0.23378940808760243,0.182108537877856,0.42978310530177166,0.2667906874168249,0.4755847774587104,High_severity,2
520,0.0692530491350882,0.11709370433523508,0.07425892166294439,0.2458582232779221,0.34935657901908745,0.17298278294460964,0.15077114456392943,0.6494041339687258,0.1738840421000151,0.49793704275107503,Others,3
521,0.0695916663052681,0.13850521227053178,0.06858834393696184,0.24101355205701872,0.3407415388839995,0.2046618122847059,0.18226682540781097,0.664874973386871,0.1714260663635375,0.4219878927217962,Low_severity,1
522,0.07622294204995539,0.14354183482457855,0.11210034939647254,0.24664123177155547,0.43162183705363893,0.08865681958152688,0.09954502046690028,0.5876557838172447,0.27272693116327945,0.5008661296154621,Healthy,0
523,0.041316067495939836,0.10981501533963975,0.11428502572848698,0.21331286902396318,0.39130143258539474,0.15181107624885753,0.15426509320805087,0.547911049241213,0.2943836477034415,0.5617185754155578,Low_severity,1
524,0.07193639869043854,0.1182958538740933,0.05503473936008148,0.20058974843420974,0.28981058702313056,0.25526076043359064,0.10722265023054171,0.6808149326697055,0.1819347013817084,0.42026960606640107,Low_severity,1
525,0.06369901210202712,0.08498615781586041,0.031467997236945856,0.24170299743127566,0.3551727019772559,0.21041940561706507,0.11170283732655532,0.8372235654399519,0.19010608851796448,0.6138387042541612,Healthy,0
526,0.10040173055642271,0.1275183007367374,0.11274560755750723,0.21499499167052144,0.36820775450560084,0.2522047326170878,0.1351147749284717,0.5311578358705251,0.2627092616412517,0.4855291571293366,High_severity,2
527,0.08020122192665052,0.10730709226572052,0.07965171694027484,0.2840453064811255,0.38583863234926946,0.20595176404815635,0.1765891777237972,0.6577728536720753,0.15195665990421148,0.5648057484448534,Others,3
528,0.055170233065620175,0.1173857348061972,0.14745960512351408,0.22731227278635088,0.31425344134978556,0.13768807818629095,0.14984215522859576,0.361249996075034,0.1605366925823886,0.45609323114926364,High_severity,2
529,0.07405716790666436,0.12597467960252315,0.130360967127403,0.20472265552853391,0.39160646950764,0.20565997516522364,0.18196392090705396,0.5005015333224677,0.31339038482779036,0.5132176671461022,High_severity,2
530,0.10383879804537104,0.14161432245149944,0.12055432385398872,0.22451740474234452,0.36211302956825075,0.2728779061521147,0.1097497883371154,0.5004662196470235,0.23455248275280471,0.4377342350631498,High_severity,2
531,0.05214997278109745,0.10712618740640983,0.07117431569618406,0.2529046374960376,0.3260137288679613,0.2651603892526256,0.1371910263400981,0.641608972524401,0.1262856658549262,0.5053506574602971,Others,3
532,0.06516141873940993,0.08857215365567978,0.08852802677820967,0.24587822353106845,0.3655124432625525,0.2193519621708601,0.09233044220339799,0.6100434537464823,0.19567557411187533,0.6098869934950508,Healthy,0
533,0.08697373040235971,0.14184953934813863,0.08250942431971073,0.24271067813940192,0.3099540586934155,0.2271363591437186,0.2441423117621343,0.5795306932189095,0.12167119787553028,0.3720743262646963,Others,3
534,0.0763758973016736,0.05277187701857014,0.14982497112104712,0.18213934752944239,0.3143770749687206,0.1824110934753858,0.1439298463090375,0.35448379694529025,0.26633102440789347,0.7125315121673186,High_severity,2
535,0.14914083350806423,0.11900438198587282,0.13575051110641384,0.24547052039051626,0.3594332066851724,0.24234281925184428,0.17891512891652722,0.45171658021458316,0.1883980560767756,0.5025291289656778,Others,3
536,0.06392114937231466,0.08607582420642818,0.06476454702256042,0.24372894684651192,0.41109059342205556,0.19137929028999295,0.1372290378743827,0.7277972159256384,0.2555843805560567,0.6537343587404174,Healthy,0
537,0.09397970988033692,0.1576070285745573,0.13414141736108776,0.2203898766989574,0.3319446682928585,0.2804900944508292,0.11424819051995994,0.42439209626745483,0.20196960810328105,0.35611691438078436,High_severity,2
538,0.06576985831054635,0.114837804313994,0.1712523032287544,0.2039526043553132,0.36306757145847773,0.22909078479258502,0.142406465283231,0.35898958155356603,0.2806160589873221,0.5194119583678102,Others,3
539,0.08026205880647977,0.09586964338402539,0.0724458704535344,0.21586129011961186,0.420784483690237,0.1777745934915189,0.1343899744773165,0.7062392050898911,0.3218794532229643,0.6288826959462366,Low_severity,1
540,0.09010501697612816,0.11129608340625169,0.09887090469432532,0.1981044622347671,0.3816675811335149,0.1869793554133758,0.13072287071680153,0.5884995370391739,0.3166125738528325,0.5484613109967921,Low_severity,1
541,0.0677973025306115,0.10880998796154935,0.09233558906084981,0.2056516772534551,0.359098276486954,0.22915438039291752,0.08429984285439933,0.5909230737538803,0.2717071479461008,0.534908886083483,Others,3
542,0.0772409427767109,0.11101309057361149,0.10191353933228213,0.25074143119503334,0.37525979494947925,0.22989346296264196,0.13041866935162413,0.5728447840209603,0.19891073460246037,0.5434123765539874,Others,3
543,0.05321057425636801,0.11717830791082734,0.04545470916333495,0.2153481889429257,0.3915649490826485,0.16520519584755286,0.16381338205646537,0.7919786521925747,0.2903492264362505,0.5393420696981148,Low_severity,1
544,0.061528608001122934,0.11996955127016681,0.11721122762087982,0.17013557069582963,0.289656019929292,0.19691483205336968,0.1863179526182409,0.4238355221432455,0.2599448351610025,0.41424774376817364,High_severity,2
545,0.09941885562235049,0.10825168495873731,0.0968116426081413,0.2095093284601745,0.33119971559315825,0.2501703817293946,0.17925077340221715,0.5476211518545288,0.22505705882178814,0.5073326205228298,High_severity,2
546,0.07008470562658141,0.10020060265552778,0.1580992086859851,0.2139095476028272,0.32572894391304885,0.1625635520651049,0.12770330499849986,0.34646544300200044,0.20721167609099644,0.5294968218909649,High_severity,2
547,0.026268883275060294,0.09329066877525855,0.05124352963481588,0.22089825431565374,0.31979382640124104,0.26819313236491454,0.18823222620698335,0.7237823696122064,0.18290553091597583,0.5483216152404945,Others,3
548,0.10768481125175677,0.1116267519356394,0.07109306844976165,0.2484392611349229,0.32821578123295614,0.11093102670979704,0.12141718491705993,0.6439193946928515,0.13834357499147565,0.4924240221540745,Healthy,0
549,0.06093751880571167,0.128903430931033,0.13588931619874542,0.26381095855537834,0.3780132193322025,0.1879467103634797,0.19555311594753988,0.47114751610108774,0.17793387147348527,0.49142159420451054,Low_severity,1
550,0.07699223031632639,0.08991029793829622,0.10125704942931284,0.26265275858517856,0.3506101294678515,0.25445397756088173,0.1577311145965268,0.5518282621170109,0.14342523018459105,0.5917996426739983,Others,3
551,0.121858241688162,0.14843659088999217,0.1103987911491781,0.2786472780271055,0.2707516565555176,0.23096661875778468,0.10481136010588024,0.42070753523179966,-0.014371381112317193,0.29179030283148655,High_severity,2
552,0.08116536341968311,0.14685397898626004,0.08870522478575166,0.1726854015154206,0.32016677056131415,0.18024347884259928,0.18792141011815733,0.566097821346481,0.29924057841614093,0.37110297934931297,High_severity,2
553,0.07225767898864284,0.14248275329934712,0.06785365843210817,0.2126213139157423,0.3537531115721549,0.2147426787109591,0.1274545205561192,0.6781187435324055,0.24918462293708993,0.4257458463376388,Low_severity,1
554,0.05840444952459772,0.13655352026675432,0.06335664420962056,0.24010604170237373,0.3328448244086196,0.23224995812067512,0.15408977124248407,0.6801796599564458,0.16186166771284768,0.41817638764281595,High_severity,2
555,0.02922675567051572,0.12186202057845025,0.05351003819951122,0.2459928694096049,0.35743445582261124,0.15875947210040048,0.06976078522816397,0.7395753490901834,0.184681040703817,0.4914962801584228,Healthy,0
556,0.08396665985660319,0.18619954060327867,0.09149911062339916,0.24056927874004094,0.26322507347155655,0.21499092966685487,0.21970724757002763,0.4841112350044571,0.04497032297416466,0.1713869922919978,High_severity,2
557,0.08740852118587579,0.11466390987089979,0.10493374339145826,0.2373599905909886,0.36863264268965207,0.20984415222171732,0.13432135204478685,0.5568361840044715,0.21662417146557936,0.5254925396699012,High_severity,2
558,0.08965564811399682,0.10006810005874374,0.087089767046478,0.2715079480343843,0.2734577598710614,0.20171130942936988,0.20622444530458658,0.5169027074403079,0.0035778615211792125,0.464197204030002,Others,3
559,0.06749684227620291,0.08231660125834994,0.08532413680405396,0.2651123113249293,0.3435221406764324,0.29204591384165834,0.133565926414709,0.6020758892657688,0.12882910110275464,0.6133907362005272,Healthy,0
560,0.07480358441710283,0.16030089149177373,0.07810520506182145,0.27311467313382926,0.353627522052782,0.18672426858531896,0.10908799121644477,0.6381779737486131,0.12846246756208934,0.37617424035312175,Low_severity,1
561,0.026660019222568207,0.152309554747219,0.07381988729540562,0.24348657349962216,0.38877653911173277,0.15916565813565065,0.15778809010033767,0.6808454061405327,0.22979351904943207,0.43702284543678377,Healthy,0
562,0.09990383582128676,0.11091947658419997,0.10901600831920642,0.2075158518889794,0.319496676916308,0.2246375277724556,0.17437751532824347,0.4911888862319665,0.2124822825012982,0.48459426681778073,High_severity,2
563,0.09106806623740688,0.11326513700013993,0.08923528445133003,0.2058081209680476,0.38173631343186876,0.2986757121213724,0.168851193742829,0.621058743871598,0.2994295957266687,0.5423644237757741,High_severity,2
564,0.12282954312232845,0.11408194229064138,0.10399218210976574,0.18600522878989162,0.2839297277323718,0.15363238440318702,0.11146008780657793,0.46384991684494065,0.20837883537578664,0.42674071700437766,High_severity,2
565,0.08541003223662433,0.15945839896386135,0.14398698723080616,0.26366211763449543,0.3612943375386218,0.24192307195706195,0.15118824796958877,0.43007200079476166,0.15622243613290074,0.3875849792558853,Others,3
566,0.058460326456181544,0.08975921898472972,0.10473787963227443,0.2539635148585058,0.2482029184278481,0.20196472933785387,0.16222986608908926,0.4064847124053218,-0.011471488432546835,0.46882085862089723,High_severity,2
567,0.07611634970928692,0.0705285217740535,0.0798512962848349,0.22518466895909,0.41174291378979777,0.1543395235522868,0.10533612245385401,0.6751332922626894,0.29290338475458894,0.7075152431883321,Low_severity,1
568,0.07815304257000728,0.183176019823032,0.11090469673671216,0.2584084988830878,0.2440737131743354,0.20104976277448028,0.1490507244700459,0.37514680532540967,-0.02852794659149892,0.1425341870293893,High_severity,2
569,0.07966252799642126,0.11935099489697049,0.024222900037458008,0.23089106083064034,0.47994538166849376,0.19283296227761776,0.1133553480067056,0.9039094646910548,0.35036796926482394,0.601696257264345,Low_severity,1
570,0.06834934621232644,0.12022629933867528,0.0727204105579954,0.19934052423759707,0.3755948950761022,0.1441276457114929,0.12194164919552027,0.6755836365874702,0.3065637720648696,0.5150417098221082,Healthy,0
571,0.039986046516483534,0.10367792008673354,0.06530052182184182,0.28481134470752506,0.4429972192265379,0.18330005558371826,0.164199322356798,0.7430619239536359,0.21734544268614012,0.6206964149971304,Healthy,0
572,0.05052382423325,0.14194196774840023,0.09067063120478572,0.17862283985948324,0.36489987080622327,0.2938380608065088,0.15917043148527216,0.6019468740643148,0.3427217065476214,0.43989640573800887,Others,3
573,0.08187281265059902,0.08053208970810126,0.07341731511900347,0.23194907164593517,0.3427819167750395,0.20653592487957798,0.12065626290878143,0.6472011022947095,0.1928429950046861,0.6195160638451088,Others,3
574,0.10161158183869555,0.09175762804011973,0.07247713810368765,0.25381756735316824,0.3640729440847132,0.1342738293336127,0.21114756393689743,0.6679549904544108,0.17843837167036555,0.5974046777406973,Others,3
575,0.07312575452935363,0.11563477691902606,0.11217476261435846,0.25880375818173124,0.34424469460533597,0.15612816280175137,0.11626755645770917,0.5084575784841534,0.14168171069626045,0.4971083334694998,Healthy,0
576,0.10203295637793511,0.07081677292514031,0.14230715150917952,0.24717120250273278,0.36183040960292084,0.2158806735749433,0.15635560697212844,0.4354431707280148,0.18827406171183703,0.672634997822748,Others,3
577,0.10983141466282398,0.12392233196360972,0.09304738105569152,0.23232631624733582,0.3007341408271236,0.2242562696848419,0.16010647161944128,0.5274162149061866,0.12833033040046404,0.4163643325663967,High_severity,2
578,0.0789984924761816,0.10590054430586714,0.07362755898211117,0.260238632059463,0.33847553479423187,0.19658328188068225,0.12545739748622262,0.6426740779477362,0.13067488138106353,0.5233742350833773,Others,3
579,0.06320576211154569,0.1165751154520943,0.09147442729126982,0.20402829684931192,0.36302833391297273,0.22732702391257903,0.15665298120489884,0.5974747125896407,0.28039534049697956,0.5138687363219564,Others,3
580,0.08196104784500866,0.10641069191762548,0.12051928152255975,0.24349876677001725,0.3185027967260325,0.26608475549032257,0.17304630283238576,0.4509648261729707,0.13345875675049154,0.4991418499926046,Low_severity,1
581,0.10129528551012812,0.09194805269075765,0.0956592162942229,0.19535413693266174,0.35209331810765465,0.19619452652537892,0.15002167108284734,0.5727139035761903,0.2863090872592512,0.5858581711635125,Low_severity,1
582,0.08428658191546202,0.06888233497095719,0.08966023720594327,0.29160615130505707,0.3773765581047646,0.14936430523560115,0.16478741216338558,0.6160463667694768,0.12821019974548284,0.6912898049103118,Healthy,0
583,0.09355224174997422,0.12315106955946394,0.11163859076381571,0.19374136686996574,0.3308225419436438,0.24409729635446603,0.1752687453438499,0.4953744746767287,0.2613240689465473,0.45745273981141577,Low_severity,1
584,0.060749814278596846,0.10498356501102765,0.06671292084124465,0.23775514164567566,0.35975639255016795,0.2285441880599036,0.1343515587005772,0.6871384704764647,0.20418225242912968,0.5482051271771539,Others,3
585,0.06822875185868296,0.08011000084787857,0.12536139816709269,0.20507270368302938,0.43430019963126787,0.19798861694847159,0.14389644800412815,0.5520100051164886,0.35851925341220925,0.6885364995746187,Others,3
586,0.06602837649293161,0.11143805227254677,0.07846624387667656,0.23081425675855105,0.37973776189556097,0.1685316677848682,0.15548021342938934,0.6575052034107258,0.2439161620745989,0.5462396597793129,Healthy,0
587,0.07515595122375529,0.11123811629982785,0.07093170996283674,0.23783207790383196,0.34512634028455763,0.22297176982499226,0.1085404123073779,0.6590297439472222,0.18405131315223983,0.5125031553404552,Others,3
588,0.0926085442749363,0.09637549986292074,0.0683846331507985,0.24031033439919114,0.3873164238502119,0.16434022782101887,0.19272380803971462,0.6998706406307639,0.2342253377804588,0.6015004793833235,Healthy,0
589,0.03411270084129912,0.07550679681808665,0.14967368493083216,0.25282634201489107,0.34253340032807567,0.1589804022105386,0.15083807630778587,0.39182636978050933,0.1506770645259843,0.6387581991705612,Others,3
590,0.08644761699267617,0.14652721556984105,0.10332982224647383,0.22525548189513242,0.2829068624660784,0.2507311762499315,0.15575161481775407,0.4649404039734098,0.11345071355772544,0.31757993571444054,Others,3
591,0.07739016914603526,0.09104696903878268,0.12759995282608827,0.21783452930049813,0.3660005696334249,0.24138022555826524,0.1128577721031866,0.4829829101870351,0.2537806319001315,0.6015864375802661,Others,3
592,0.05751282225294822,0.13322272478785332,0.1018171335839392,0.21062084737133963,0.3273996602476971,0.2874507162095378,0.13572765469921821,0.525567801413298,0.21705271680656196,0.42155340636529726,High_severity,2
593,0.0995071821477583,0.10805420706599307,0.0915506380248799,0.2571344069460099,0.25660580064365157,0.20214097941413878,0.19280808790826542,0.4740833265930646,-0.0010289369890638578,0.40737012679476664,Others,3
594,0.0625060191189387,0.11136186373755984,0.11799377751462668,0.26037607981507993,0.4232601374385072,0.2158858594148581,0.21553585835085137,0.56399843306503,0.2382613055197561,0.5833996225647846,Low_severity,1
595,0.06406784813213318,0.14243310248563656,0.061077124911710745,0.2119917403437323,0.43414872430688967,0.1961439075525486,0.11364082460749936,0.7533362807774182,0.34382150030377845,0.505939674588846,Low_severity,1
596,0.1126469906733753,0.1269747849661259,0.10868924565335537,0.22563287117023917,0.34350341036557147,0.19062029694124777,0.14120923822241901,0.5192790320380343,0.20710424378017053,0.46023094704057044,Others,3
597,0.10298763041463287,0.15198609594269236,0.11434883538288301,0.24270727431098388,0.297963872314378,0.2192914788750204,0.16000896676364,0.445329560558472,0.1022000126107749,0.3244311293923328,Others,3
598,0.08976622809874858,0.12783394072274623,0.07224118862967036,0.24634596670569914,0.3655055739700873,0.20512909477051278,0.17404951942621827,0.6699407291986204,0.19475248380150695,0.4817607877919972,Healthy,0
599,0.07704106911556984,0.11980527709811147,0.07656526721114353,0.22116060065125126,0.33078498414557467,0.1846408696517764,0.1888402307871038,0.6240814043632685,0.19861447670548305,0.46822962055400963,Healthy,0
600,0.07131454326365357,0.07254295786000396,0.07664325648744247,0.2625987901642965,0.4190891613347004,0.222870276570398,0.18403992648717898,0.690787797077494,0.22956305861984155,0.7048892656613662,Others,3
601,0.11833097668506354,0.10845579154981765,0.10050993683013648,0.21458442210056553,0.3479816222813394,0.23779333345077516,0.12972653346266097,0.5517867179963849,0.23712273698875347,0.5247725613048142,Low_severity,1
602,0.08471072156782125,0.10244931519079738,0.12799342302190028,0.2949887358634182,0.4586381520495618,0.14572647111500722,0.13402511566706732,0.5636326837459834,0.21714912088571858,0.6348187362135108,Healthy,0
603,0.06071316113808151,0.15025248821773318,0.08648439807340302,0.2514769561968545,0.32312604513051446,0.19803683878198153,0.16307868762736782,0.5777236664332396,0.12469320342592376,0.36519095128803486,Healthy,0
604,0.03634302308285514,0.09551029332077654,0.09025703539013147,0.22175172007334132,0.38897233039236945,0.15766528872966878,0.11777084073148336,0.6233242708624213,0.2738071477478465,0.6057225227655365,Healthy,0
605,0.09722335537373365,0.13491053838922562,0.11372630795948271,0.2046218602961582,0.37874908960892134,0.20799635682075993,0.1307722799864488,0.538144205696341,0.2984845737366515,0.47470842154753773,High_severity,2
606,0.07810116808387998,0.12773569236706828,0.10209566341692425,0.21494560368172977,0.33527220474711106,0.15419123713665006,0.12574317072049562,0.5331359670041734,0.21868903409174736,0.44823536201773156,Low_severity,1
607,0.04432135451730048,0.14695101522429382,0.08914138702690913,0.24328031325883762,0.37235397702088385,0.20037291055236164,0.1749651360167466,0.6136845828957121,0.20965964014674998,0.4340473616902402,Others,3
608,0.09787486204709839,0.1291660738297108,0.09694795379096417,0.20698876025673812,0.3580499035915872,0.25617782162433633,0.2106860106212307,0.573853141425004,0.26734656050970484,0.4697789899528674,High_severity,2
609,0.06346680945901484,0.1314208531297496,0.08949550497819796,0.2168645186268099,0.3628980188762653,0.174068502067697,0.11790688273277146,0.604346657239112,0.251885023268998,0.46827499182288773,Others,3
610,0.09509850169110692,0.08414851259456485,0.10210924527976267,0.18132447895431755,0.28252747829708275,0.22330436123311015,0.1680644789548093,0.4690613817098898,0.21817952422245532,0.5410197848517949,High_severity,2
611,0.09202591918296162,0.08514395356175197,0.08246767150284785,0.24185543110757252,0.27879464814530774,0.23475500078653344,0.1932804032569279,0.5434471462002147,0.07094825970398788,0.5320971550564687,High_severity,2
612,0.07164111327329976,0.07151401623840309,0.14201739794423285,0.22854126244239645,0.35039502920196214,0.27803265767927177,0.11321658976053763,0.4231770356922022,0.21047871504732105,0.6609979472530118,High_severity,2
613,0.09540876761786904,0.14420526186466082,0.10881408972252961,0.23019376111507792,0.3557453136493404,0.20283624455409427,0.14185961141907114,0.5315385333598501,0.21427407377591529,0.42312192873704446,Others,3
614,0.07255727693927605,0.14371160345299708,0.10399434795991182,0.23109957825432614,0.3751392543963379,0.18288588352108023,0.22099348396310636,0.5659066805229452,0.2375955949773551,0.446038871175083,High_severity,2
615,0.065163827352132,0.13920609341846876,0.1289942178459964,0.22205796845002224,0.3544856480099896,0.19299445605043697,0.14674639064581962,0.46639259685564705,0.22969238714856596,0.43606067617948463,Low_severity,1
616,0.05675856625940182,0.09274428234171334,0.02673658244451635,0.2585826963231101,0.3313159429342818,0.2425400468624605,0.08789975598622532,0.8506555292901192,0.12329787148302918,0.5625891002564473,Low_severity,1
617,0.10260333576648106,0.10616490668133974,0.13361447897886397,0.3107113702400418,0.2600657138596911,0.16506587528419903,0.14908906457655083,0.32120293878407985,-0.0887310611991936,0.4202292177289666,Low_severity,1
618,0.07050337924307519,0.11603206239660924,0.07108896266762404,0.27188507006187207,0.47277917761877525,0.22516494636901918,0.17352413806017405,0.7385801542624327,0.2697781022556323,0.6058768769645854,Healthy,0
619,0.11184399284487703,0.16083561728507828,0.1123162886874849,0.2180472607262779,0.36066173292949283,0.2585705834812928,0.07927606498076298,0.5250676202521742,0.24643555529058403,0.3831776241282831,High_severity,2
620,0.11709832642244125,0.16275902808007167,0.0818091990524708,0.21857552903030214,0.3591283643523505,0.12334294576738193,0.15121855551715363,0.6289306884142124,0.24329563454915246,0.3762676376546233,Others,3
621,0.06846451583280498,0.14809245435300877,0.08711954981790968,0.13475414438804728,0.3393420535648849,0.24203770412047737,0.15238385810291843,0.5914307448696119,0.4315324823531888,0.3923595808364297,High_severity,2
622,0.020408071208228726,0.1364697424133004,0.1496530401518903,0.2527208883264184,0.2711151318677607,0.24865355785389373,0.11417711711662053,0.28866748911369133,0.035114506891915864,0.33034932832569236,High_severity,2
623,0.09911134133482657,0.15182128902291295,0.14654291685033632,0.26133389784752725,0.3282857752251463,0.19134425229783203,0.1439404412098313,0.38275458372241467,0.11355095570117942,0.36755236351002446,Others,3
624,0.0673517482377971,0.11060408711951272,0.08568096030974166,0.22393490096226482,0.43448272233783175,0.17412505886955199,0.13415592728075282,0.67056154372933,0.31977853253724725,0.5941780824613112,High_severity,2
625,0.06082732149059006,0.1129503732573642,0.1120006257603557,0.18728192435469845,0.37248117899596866,0.19181757434007,0.15040609335276933,0.5376477520484482,0.33085291533631317,0.5346393421150397,Healthy,0
626,0.06019151225784409,0.11179537337689405,0.0897599920319987,0.20905535551788945,0.34063808292010483,0.17980765022301134,0.12334926577519557,0.5828977997079213,0.23937474636066258,0.5058041273432872,Low_severity,1
627,0.06723238256127395,0.09422732548602666,0.14350766279872265,0.2506153626117295,0.3101680365317431,0.1908383968750971,0.11142403906478703,0.3673557432742765,0.10619550081363487,0.5339841435575803,Low_severity,1
628,0.10087508616329885,0.10972400951132293,0.02726786925995084,0.24264610165405145,0.3535496938752243,0.17159572346019952,0.08807921313843238,0.8567930058925785,0.18601874258894702,0.5263102191674747,Healthy,0
629,0.08400411757562497,0.09547745068898968,0.11445817844979397,0.24977561990693917,0.3312916558144233,0.20232815856098182,0.13195776830483463,0.4864465686735438,0.14028674357248316,0.5525568780212252,Others,3
630,0.10723414218426625,0.14733373526893206,0.08034397532229973,0.234603349507271,0.4314130870954297,0.25137619827484914,0.17462177796427777,0.6860073608257593,0.2955028236120872,0.49085254700137215,Others,3
631,0.09241764538096792,0.13821481649792947,0.04020044187775203,0.2559131594498125,0.33244575186452374,0.17520722997375632,0.16239303018653642,0.7842433785567934,0.13007807129791726,0.41267730594549845,Others,3
632,0.06557052164733747,0.14988031430926493,0.07642000921679865,0.2563400590632712,0.3264588519303293,0.12767140470455984,0.12974262245038315,0.6206303353856498,0.12031387077836884,0.37069917851820516,Low_severity,1
633,0.07445046536764918,0.08559744288514853,0.16111320294175158,0.24878721372831475,0.33208498834208605,0.26464363938770996,0.12804835968336262,0.34665939255632733,0.14340120652507268,0.5901314659865098,High_severity,2
634,0.08661404756021529,0.1638380294373079,0.07218488347676894,0.17879218758489374,0.3776128200012877,0.18809229427478386,0.12544766498394985,0.6790340060938507,0.35733077471557206,0.3948184600423706,Healthy,0
635,0.0995854335401839,0.08530076573500892,0.12829015495851834,0.1898974934953476,0.28878702088700914,0.20409666023268477,0.17749319168036745,0.38481335163718927,0.2065860173464312,0.5439532174772782,High_severity,2
636,0.09627871381614572,0.08644146924375025,0.12431126736933125,0.230370900441918,0.38278931523540577,0.19120512125164016,0.15204164789643312,0.5097175131181954,0.24857844800827417,0.6315609627373453,Low_severity,1
637,0.06941418208285882,0.10181435199485152,0.0921474095262073,0.27205100488075695,0.41201824342496934,0.20499563385994854,0.12468753790628324,0.6344558222607407,0.20460975097313222,0.6037061373591324,Low_severity,1
638,0.07606298406348777,0.1466455375536345,0.08953373279249344,0.30199898133685343,0.3802011605032699,0.17002763775042384,0.05305110602833865,0.6187903684808038,0.11463231150242638,0.4433085066510357,Healthy,0
639,0.07863694166745663,0.11225425476081657,0.02434662861079056,0.25349682120071476,0.3666189126031805,0.18589861212543674,0.09463813508788259,0.8754538390509156,0.18242093408686091,0.531173336026611,Healthy,0
640,0.06951797037248508,0.11443592695764192,0.07844427099494312,0.21572219619716254,0.3321172932799801,0.1727828700235619,0.13171539546821356,0.6178684133110196,0.2124620428401481,0.48747015239640307,Low_severity,1
641,0.058514317579677254,0.10702202650340027,0.1357169241741073,0.16438494702558967,0.2664239957325554,0.21323979279148403,0.13317167470035804,0.32502803143929077,0.23685452779528335,0.4268407205806028,High_severity,2
642,0.05873707024340652,0.08443023118874335,0.09700265838315197,0.2629568455004885,0.35345360828130085,0.12426430844200097,0.12996909890514574,0.5693137577974479,0.1468125049236242,0.6143715589461975,Low_severity,1
643,0.07020570278079762,0.1460396631115862,0.10351802289653733,0.22247731771045912,0.37482826321059853,0.23976924477319966,0.16437545888919364,0.567183749918977,0.25506365647079854,0.43924493818322446,Others,3
644,0.09097816626095313,0.1387198206097663,0.09889186051278223,0.32593082168453164,0.3231847195838424,0.1954099881001763,0.14107724434929275,0.5314032326070153,-0.004230528967652461,0.39935718946767024,Others,3
645,0.11189620186050954,0.16146691309350683,0.17323046106442144,0.19942048848311802,0.4077071316259614,0.24950669079284518,0.1919161021860939,0.4036176579237263,0.34306896317025015,0.43262727950607843,High_severity,2
646,0.05423251747168079,0.13742394581891948,0.09951449343495297,0.28502714077813507,0.36230482872377395,0.242314715221395,0.11663169588051844,0.5690327855067532,0.11937876018250784,0.4500058719065059,High_severity,2
647,0.05204836667758683,0.03987881794645044,0.11607281759800192,0.28207110753953113,0.3290119233584612,0.18555477569142798,0.10419368193461398,0.47842373859608084,0.07681577370909823,0.7837906269732693,Healthy,0
648,0.05806766993730817,0.07567473510890622,0.07646804352043074,0.2272707782749596,0.3270442452753845,0.16839845467123982,0.05710528063302067,0.6209877833032986,0.1799941599298242,0.6241809361123515,Healthy,0
649,0.092106453943464,0.12833341605498813,0.13877188392980058,0.24771895519387194,0.32632623931318094,0.2095449506201272,0.12480384927474043,0.40325760524601434,0.13693570623269666,0.4354748016906502,Healthy,0
650,0.06391674489622755,0.10851156199741328,0.05899027780386012,0.2620710624469649,0.4252253314783511,0.16517988653644483,0.10857787350477577,0.7563470624530019,0.23738560317416002,0.5933893147585441,Others,3
651,0.05738725637592614,0.09384765682082029,0.07983033555245807,0.2495596987349615,0.4302260739415183,0.13051019201552386,0.15602967348940422,0.686974483345255,0.26576957398686046,0.6418532305204242,Low_severity,1
652,0.03578172126302432,0.08024282568956664,0.06364582282227693,0.2814483653959105,0.4595221296839657,0.1679759030597794,0.1298942235018661,0.756690666859922,0.24032504056569615,0.7026749332622515,Others,3
653,0.09254249772024513,0.1487269240640303,0.11084994705130131,0.25066364124279295,0.33903752060684317,0.19506008510248182,0.18677855084479064,0.5072103358276575,0.14986214218547542,0.39016906341180296,High_severity,2
654,0.07796864271811745,0.13599844148877674,0.14033958326731225,0.24485131029934065,0.33169114383289705,0.2675237163356322,0.1424552227370049,0.4053794585388548,0.15062175024779445,0.4184243320481985,Low_severity,1
655,0.053327543157329835,0.12134867648913845,0.0871420987933388,0.25407273110481293,0.34143820882916004,0.18738201879594613,0.0892509728984803,0.5933452972827903,0.1467067552680623,0.4755742639263579,Healthy,0
656,0.06149082488728442,0.09238864758139133,0.10959953494766256,0.22035156566903516,0.40724406964336407,0.14755208679857995,0.0869676937161368,0.5758889769589483,0.2977912742833196,0.6301737480500857,Healthy,0
657,0.11360304775579691,0.13733193307341995,0.1029676952025634,0.21007814530912475,0.3051478712453138,0.23103911717984768,0.18204384140020635,0.49539932476104664,0.18452042963972493,0.379262367533977,High_severity,2
658,0.052768327591696126,0.08355683635906819,0.06883743427804884,0.24553026076200996,0.3553599939602899,0.20140786903302904,0.19255700373225818,0.6754462441513343,0.1827783565054446,0.6192589092640999,Others,3
659,0.0654884043483599,0.12418849045900404,0.11189004826064133,0.16570864140358726,0.3955609162065972,0.22306391898022482,0.17409839621597212,0.5590113879156295,0.40952207666792434,0.5221216653012748,Others,3
660,0.10728429627660127,0.05935575188643814,0.10120647278867309,0.2356075746150251,0.3416457039938035,0.22153458736868037,0.13950344866172068,0.5429333845709674,0.1836942869070032,0.7039624120259322,High_severity,2
661,0.08064954056110105,0.08249137577270604,0.09547271126867872,0.22913097336632335,0.4027328501959301,0.2120621769966231,0.14314900266110983,0.6167336591425792,0.27474571316789886,0.6599865738029407,Others,3
662,0.1006331925209426,0.12154060662887736,0.08865531680967889,0.17930401308989052,0.2602822046649681,0.18272262132528572,0.16565739620159578,0.4918556397431144,0.18421458249684294,0.3633664462475427,Others,3
663,0.08195366951023393,0.17436667078842624,0.12166608913751464,0.23377955329902966,0.47881115863696977,0.11593731224913373,0.1945238903513389,0.594768695771775,0.34386022892752405,0.46609739971787606,Low_severity,1
664,0.08397975111922401,0.08327526461545368,0.1028915111030285,0.21113038705558929,0.31311419681379055,0.21473174741923734,0.20066940023996585,0.505336060804234,0.19453478947836192,0.5798310867539632,High_severity,2
665,0.07211221169534848,0.09151024783406542,0.1423047423861338,0.2883532513715691,0.3748381323263846,0.23176659195923793,0.15864823608152542,0.44965018626528874,0.13040712391734643,0.6075455529508615,Low_severity,1
666,0.09979693145181537,0.1299938327255161,0.10643393199108084,0.2335982404709783,0.374783912351224,0.2048968565128133,0.15858450035262384,0.5576476091133014,0.2320674122758278,0.48494626003864943,Others,3
667,0.1148522324308778,0.17769937600925925,0.1409006413607198,0.2425197016613732,0.29134836986857654,0.28530520320614183,0.18427415926860813,0.3480580049911283,0.09146204991669757,0.24229728179722954,High_severity,2
668,0.11188358991041142,0.1370902510259102,0.13568325488024877,0.21040264831316596,0.34864440314843503,0.23645779667786151,0.1869091319312111,0.4397047014308108,0.2472810731652064,0.4355344019712283,High_severity,2
669,0.06182333116034749,0.14944349727971426,0.096713965342883,0.15797509029375445,0.351197786403891,0.28519922742212267,0.15935645109798036,0.5681561603788415,0.3794834818447627,0.4029917142264304,High_severity,2
670,0.09571804382225696,0.09957133643843863,0.08530311343850197,0.27615025260528525,0.36543707179078,0.21234805343896468,0.09270334954073965,0.6214976332979494,0.13916549749411217,0.5717439311791691,Others,3
671,0.06680356664233153,0.10400947997329242,0.1454464843765355,0.22089811364301432,0.3374291770181996,0.23292634444724264,0.1687104021343938,0.39758204438621414,0.20871461116862167,0.528770404104881,Others,3
672,0.04914529558341968,0.10863283212672938,0.07937931182125149,0.2484201052815506,0.4004330471330244,0.12596720694660252,0.11546048439848931,0.6691235215605774,0.23427942252540285,0.5732071759172104,Healthy,0
673,0.06730583590580771,0.09614967407402067,0.1088737027820583,0.21634877205710765,0.3744077883636484,0.18526892268816358,0.15682738296371393,0.5494397994677868,0.26755355233628886,0.591337161774342,Healthy,0
674,0.09401700521092982,0.13608636733703816,0.11312342515313342,0.2407186766467254,0.41729139375942415,0.24224106520189093,0.18983893866875598,0.5734529989751942,0.2683434875148813,0.5081610541507966,Low_severity,1
675,0.10090684978206498,0.0930050742217291,0.13077589986303592,0.24392207538177837,0.34033064438785493,0.25072721252879526,0.19023265333756634,0.4448139111674477,0.1650117590279935,0.570748174093987,High_severity,2
676,0.072318754581024,0.14274939654767704,0.10365838047161699,0.262107631970603,0.3505589648375813,0.22577682869210589,0.156880826037491,0.5435736589889412,0.14437107119562934,0.42125693492474886,Low_severity,1
677,0.09912944105673248,0.12464087329090257,0.1196836756241472,0.27618410126272086,0.3673544624024722,0.16648357627512106,0.24923789737801286,0.5085244202473286,0.14167039286737068,0.493324979940126,Others,3
678,0.0730305316109408,0.1060075198098164,0.10270105166038837,0.30193158607015685,0.3011633669324089,0.2484403867645868,0.13180557227928,0.4914082700415441,-0.0012737946718394612,0.4792971537921943,Healthy,0
679,0.05463704752657663,0.06720243715927417,0.03765887733494753,0.1941389335553676,0.36848714477194255,0.14506378661103086,0.08590696088346263,0.8145549862111592,0.3098829185716257,0.691512306255312,Others,3
680,0.053430185797966476,0.08579895408354278,0.08622511380124359,0.21617745912601938,0.39805840996141456,0.1085027149683393,0.1147240025226918,0.6439064739129902,0.29610929610088466,0.6453543525047154,Healthy,0
681,0.09360677258191585,0.1580595508336326,0.10752068934901846,0.16659104064092298,0.3733115120584629,0.2149670751907062,0.20976038536429825,0.5527725096851405,0.3828847824185793,0.40508784963426037,High_severity,2
682,0.08104359395689927,0.12090957835755729,0.09802078583098607,0.24323994402200272,0.3430859751339596,0.13618058679483908,0.11995522443547932,0.5555688803474238,0.1702910068442632,0.4788330299817503,High_severity,2
683,0.055994334739117135,0.1369661880630687,0.15254867714326534,0.19669665025759117,0.38080932414629975,0.1945377425769916,0.14494022131196896,0.4279689185334065,0.3188065267701378,0.4709437397739086,Others,3
684,0.09032211790230625,0.09136548830114741,0.06451025874302035,0.23195545993512776,0.4113177812604096,0.276270832902241,0.1632388286056254,0.7288505370866528,0.27882758031708743,0.6364888436377171,Low_severity,1
685,0.05971357635876438,0.1110217792240799,0.04297423842953773,0.2429428230651731,0.3622853513655687,0.1690059718941067,0.11828470726647032,0.7879174755555327,0.19718600908268252,0.530867920431419,Healthy,0
686,0.10768445097093599,0.08016227732863768,0.10940395155762359,0.25616148321235754,0.36738401893402844,0.13980916508270946,0.12924130308688872,0.5410792288034915,0.17837116191010524,0.641769899569942,Healthy,0
687,0.03925544419923768,0.11406416935450156,0.041917308886436785,0.2051979208145237,0.39874375020830366,0.18269498677240112,0.15822718884785372,0.8097526068105567,0.32047106315083934,0.5551388151269306,Healthy,0
688,0.08236151453308016,0.1393655694645099,0.06245424450357541,0.17955988881365656,0.30423105002929246,0.20135062326395647,0.1462193455540794,0.6593577902646035,0.2576963543670407,0.37165630511998515,High_severity,2
689,0.05820527013895917,0.12356368726147937,0.11458459359819512,0.24282932780268887,0.4307195701006385,0.2230160494636858,0.09092564438850945,0.5797406246783067,0.27895560794892277,0.5541496676283181,Healthy,0
690,0.06495718359938017,0.10760064100652497,0.12105096383221031,0.2531294199892708,0.27753260387977663,0.20188915258563084,0.12626150985387669,0.39259430825467095,0.045986301624869726,0.44122901652756225,High_severity,2
691,0.06283484714118184,0.1069278601516202,0.1022595272303246,0.2421495920827352,0.38233707006604406,0.20204330042859556,0.1522814664990873,0.5779601928662123,0.2244843428696164,0.5629040483075289,Healthy,0
692,0.127262573328145,0.14578423756877668,0.10827649775473788,0.1896300369498762,0.3442661248066856,0.19882748948736265,0.1805713266332046,0.5214749181330802,0.28963700984109736,0.4050234475407609,High_severity,2
693,0.08174144569051585,0.11595669091663814,0.061066561062304826,0.16837913569233737,0.33842357032613646,0.2993832197637935,0.12701892389844893,0.6942774989206068,0.3355239279791862,0.48960506955348276,Others,3
694,0.05757823659519319,0.10995543795433912,0.0589318439802838,0.26858864065433513,0.342749291027294,0.21475652961127112,0.10379691452968018,0.7065740018924612,0.12130876644438292,0.5142288961651197,Healthy,0
695,0.04227392680106043,0.1733052637339056,0.10060103616267407,0.20291454686131893,0.3333713842076333,0.21563337426334703,0.149749596661634,0.5363712925497361,0.2432598540973864,0.315913751154753,High_severity,2
696,0.03165867352916434,0.08711515722699083,0.04479125472575222,0.2165195934298215,0.41708781361581415,0.16969364552417585,0.15799776028446302,0.8060476960491813,0.3165496772223603,0.6544440938879329,Others,3
697,0.0544780888233193,0.1341879222667177,0.08205521995570289,0.2059796872183736,0.3766793332642832,0.15036201713862832,0.09107474765523185,0.6422540252102904,0.2929666237802468,0.4746661845561375,Healthy,0
698,0.0652699107079928,0.09308846496556912,0.08821770564727197,0.1884048829476544,0.30588783747575304,0.18374560247801588,0.12951931283610596,0.5523143118048776,0.23767890902270142,0.5333634383999049,High_severity,2
699,0.06593352096951674,0.12878396886620014,0.08845808755481874,0.2194383003730336,0.42567645548349803,0.15654582931892408,0.09221684685391685,0.655895178596369,0.3196921993152024,0.535461997969485,Others,3
700,0.03656481854626031,0.14804994213121253,0.12124313792430227,0.20972881360247742,0.33734694233855567,0.2921933622559795,0.1572564017276895,0.47123523537706147,0.23327323017003454,0.3899839621223054,High_severity,2
701,0.08215366785626141,0.11486448592047117,0.12262466526806921,0.18539642296261,0.3705375491296644,0.20662345217122424,0.17229550301451635,0.5027004839865009,0.3330271857110479,0.526724333124779,Others,3
702,0.1094015672489518,0.100181949759265,0.13139589404062502,0.22198821673499827,0.3508619382380403,0.15967223373990377,0.2323475346431324,0.45508031079648736,0.22496934038379987,0.5557773758820403,High_severity,2
703,0.1185932242869288,0.07689998915624771,0.09942231955443079,0.21682513411262394,0.4221729097644459,0.18113338271036983,0.16539528870009768,0.6187759627929837,0.32135900511665205,0.6918286313580505,Others,3
704,0.03953108593117577,0.10886090648869842,0.1105987848629319,0.2942419663048302,0.3858229627358084,0.24912690828250728,0.152926831319511,0.5544160367755309,0.13466507758335766,0.5598768698103916,High_severity,2
705,0.0632071369337362,0.13697006921251967,0.1112606082464741,0.1771911512342249,0.3136393577304445,0.20665881630701005,0.179470954960405,0.4762974010098273,0.2779945500617634,0.3920674490023191,Others,3
706,0.06539613261430442,0.10070418470764678,0.0438252375362662,0.22646582779788307,0.34896483062507055,0.22133058774185163,0.18308746598396383,0.7768516004418666,0.2128823013408996,0.5520964030259717,High_severity,2
707,0.09041838730198849,0.13352373269043513,0.13641525494783185,0.22079511787838035,0.29662539211439687,0.27646855575985857,0.15264521644551887,0.36996558695688103,0.14655444222161787,0.37917468621600586,High_severity,2
708,0.049848054520788956,0.08215559655402421,0.09994777181003331,0.2057171802541637,0.3398693435656518,0.17523160850890657,0.2119610705819418,0.545503036075986,0.24588613804506834,0.610659993076585,Low_severity,1
709,0.12140993223869485,0.12203867035935276,0.1280793841554797,0.22405729039000807,0.2728708896990445,0.24882077696994923,0.16201171854557306,0.3611208545928045,0.09823069261294202,0.3819411698146467,High_severity,2
710,0.0897445589624177,0.10422340477826768,0.085654946296044,0.2355137018215386,0.30163208997982166,0.21709772131133304,0.1811151399729547,0.5576668554687602,0.12309207140309131,0.48640141072678994,High_severity,2
711,0.07344250553319188,0.11650960047866739,0.08576918801925558,0.2405912966811859,0.38180925420679684,0.22091824310790883,0.15807346192714708,0.6331345490997201,0.22689240445583542,0.5323893551962527,Healthy,0
712,0.10925944940601276,0.10372415298871647,0.059908062207860185,0.2830943920190118,0.36454292767570984,0.18100090047755005,0.14694123541842433,0.717715054808597,0.1257625729398834,0.5569872097712195,Healthy,0
713,0.07974457943147592,0.09320956334984239,0.12391518245105247,0.1644741171345207,0.30137693441375957,0.20470974995845237,0.19744154276674805,0.41727025948876684,0.2938768020899281,0.5275582723781668,Others,3
714,0.07890636455422456,0.09507066546563755,0.042298928846196626,0.22453361839341157,0.321566093859469,0.2104465596482626,0.10827336825503828,0.7675020889248116,0.17768270755126295,0.543628048472541,Low_severity,1
715,0.057121855284067054,0.09223398392565547,0.06322498888437246,0.2869728468239441,0.4538131446036804,0.21904760834357706,0.15857425479941809,0.7554339427235559,0.22522064362773087,0.6621757386617214,Low_severity,1
716,0.035704576976760063,0.07384402238887211,0.08750855789437942,0.28564954518200253,0.4112569754635358,0.16261340522155998,0.11999436812486611,0.6490994182968811,0.18023569382760865,0.6955519666387527,Healthy,0
717,0.07292975958126069,0.15719174903149688,0.09885833196985228,0.2334999203892811,0.28913714716840483,0.21633170589815148,0.19725867850162393,0.490415031693576,0.10645480436188691,0.29562369647205694,High_severity,2
718,0.12294057554953555,0.10794089363758338,0.06577743395151228,0.27734224801008495,0.38339922632933143,0.25256964489121325,0.13167728331087877,0.7071199829911665,0.1605120647606965,0.560626583292845,Others,3
719,0.08986425248090206,0.06315898276583155,0.11954055463838734,0.18062768040176885,0.44836993138605563,0.22071678063228015,0.13047043204892103,0.5790162091381342,0.425664972277514,0.7530580148316782,Low_severity,1
720,0.08609543693476035,0.10733874611678115,0.12951236600953783,0.25375697884505016,0.3703260038892288,0.1993421440402568,0.173533928812739,0.48178301703501375,0.18678449544234924,0.5505686944015417,Low_severity,1
721,0.046573947448303614,0.13207254945388863,0.09747691203195799,0.28582278080782664,0.27860182626145463,0.15245512795804658,0.13145050008167145,0.4816143423885476,-0.012793479334407644,0.356801606022607,Healthy,0
722,0.09217353065040819,0.09482433477286684,0.10974818450339303,0.22598696895720077,0.4810521905554987,0.2239817394048033,0.10657234728991975,0.6284762531084948,0.36075119484766893,0.6706782422888383,Low_severity,1
723,0.05349510368964257,0.16414571778139328,0.10358225674233296,0.3021484020876448,0.25924824809721414,0.22746983528900508,0.20044814045554596,0.42903225963241615,-0.07641683286906743,0.22461947495748674,Others,3
724,0.03551981256321462,0.09000636800450543,0.07568937054494691,0.25590036000940775,0.37463503420465494,0.17568867346158612,0.1476768498549804,0.6638451314357117,0.1883077068865345,0.6125770644778284,Healthy,0
725,0.06453019449280545,0.13181458561964185,0.07790881962149127,0.17056550633234047,0.31216832926993693,0.20690493776132457,0.14103998878963697,0.6005466106235515,0.2933351932145533,0.4062177565890123,Low_severity,1
726,0.12918322893529288,0.15584102618293652,0.12080590713634962,0.22906930219373053,0.29314346550454756,0.244116809924738,0.15328445517642925,0.41632520728012196,0.12269742770409921,0.3058066411282207,High_severity,2
727,0.12531536591620185,0.13818249822614517,0.0957081885568,0.20128081349318924,0.3438615284146377,0.22206691436541112,0.17151113697251602,0.5645369329979621,0.2615476802305628,0.42668100592762587,High_severity,2
728,0.06535146267440553,0.08309899360073708,0.08061416429672497,0.2743925080260506,0.2804096950060764,0.24014773349810264,0.1591025783960199,0.55341364721764,0.010845643631442742,0.5427950076284394,Healthy,0
729,0.06595696433564677,0.10019753441810653,0.12134580372866927,0.2448596355297341,0.3391726178466931,0.25941478098057,0.10563605767345277,0.47300347589325953,0.1614859141283954,0.543903772699974,Others,3
730,0.029947042676106275,0.13614892626643188,0.10609925794959141,0.23999232269487142,0.44347795451266053,0.18758325081567317,0.1267890185659115,0.6138877102482523,0.2977241858258627,0.5302187293887047,Healthy,0
731,0.07459494331265279,0.09460273342165593,0.09874757430072893,0.289317022845465,0.3384368225691431,0.2385897191997242,0.15269218568980558,0.5482566394970351,0.07824691171941174,0.5630757878217204,Low_severity,1
732,0.07152449568937765,0.1334893015854283,0.12729844811030408,0.2822631088881013,0.33482208420422593,0.17531520591398897,0.04989566666118149,0.44906820100491973,0.0851729646156991,0.4299122095426222,Healthy,0
733,0.0861699004843129,0.09929963954546167,0.05910198446589915,0.2275630745855753,0.38174333374355574,0.20181766854995847,0.128513394341738,0.7318697419496307,0.2530422412276622,0.5871485706712484,Low_severity,1
734,0.10057798284199847,0.12701298160773006,0.0525561762782369,0.22435381248548486,0.3301659323593783,0.24971785488545895,0.17366163344318275,0.7253559431655394,0.19081758739446922,0.44436203102373184,Others,3
735,0.0753757794271603,0.08788338849251305,0.12226471294232658,0.24606938049135796,0.3229486643280015,0.24764053345018266,0.16813250786851924,0.45075903292955666,0.13510869213479804,0.5721687833791889,High_severity,2
736,0.08168750824123687,0.09559890491393157,0.058649149804161554,0.24016231212376932,0.33734797553962736,0.2117753544456381,0.1483860377773488,0.7037900224490533,0.1682838652261429,0.5583804423592043,Low_severity,1
737,0.06756331113516215,0.1043771876064766,0.1015738305755454,0.2140132854290105,0.3554228801156685,0.24430620136590048,0.14925765825375922,0.5554723778124636,0.248332654725919,0.5459888115129587,High_severity,2
738,0.08749423700889836,0.12355919272105524,0.044044200448672695,0.23974314829800797,0.38557313572209134,0.26777728805436046,0.10912101023821331,0.7949607860742098,0.2332099629431624,0.5146283753032086,Others,3
739,0.06128283837385069,0.11654930417165248,0.06148342184698326,0.21314215429105637,0.33116119541578537,0.17021390038228518,0.07800124057423778,0.6868240686674849,0.21682585857370398,0.4793541617672497,Low_severity,1
740,0.0952207977024929,0.14026648780753548,0.07175058308839624,0.15279161914025047,0.2896340729113172,0.22349293353922775,0.19734223812017954,0.602912952184372,0.3093004231660146,0.34744682550313183,High_severity,2
741,0.08857757040653637,0.11088041313726414,0.0912335255890708,0.23667296336944446,0.3502433836878409,0.20613669153234296,0.17316478517163747,0.586689479463373,0.19350359022682245,0.5190861373857101,Others,3
742,0.08196238765916698,0.1001142000963505,0.09277121794386792,0.16943558573339332,0.3054487900706698,0.20138501759973276,0.1876370596519627,0.534070533490215,0.2864133066222322,0.5062951870676309,Others,3
743,0.09162341658901219,0.12073227604090071,0.09282648321514926,0.21192175332664562,0.3746133203754192,0.12484411296178302,0.11461486926483498,0.6028302147052237,0.2773773885709929,0.5125331610319611,Healthy,0
744,0.03488694390312853,0.0850439613940397,0.11493165044422406,0.19798108228541567,0.4436748882446919,0.2277753991151314,0.1483783816094959,0.5885058892651858,0.3829058206320359,0.6783017611263552,Others,3
745,0.05062839525403681,0.14302519408044756,0.10907455839191926,0.19243356245736595,0.3653970422612482,0.15826631896305812,0.09106499101103245,0.5402272412436699,0.31006452199073953,0.4373763228391746,Healthy,0
746,0.07128294655162609,0.11682180818646401,0.05148837740709119,0.2483421364839931,0.3074795247860569,0.21007690839689092,0.11820614590388727,0.7131310231777376,0.10639633613223196,0.4493450804500312,Low_severity,1
747,0.052844892394353915,0.11995712159813843,0.12973161846108933,0.21413738120186376,0.3443250170353924,0.1775387319684753,0.16702794001195032,0.45267460152637334,0.2331179972804901,0.48325765039682694,High_severity,2
748,0.0572276314904379,0.11861570578091692,0.07636909755116393,0.24989068471467346,0.38994453637969,0.19114366740863534,0.1357841881221563,0.6724560810825955,0.2188905003158013,0.5335234808093503,Healthy,0
749,0.07009567979653568,0.11904808327219771,0.09655560194922165,0.19384785391479617,0.34588283228687794,0.18014342707656725,0.1975240638923896,0.5635297728329975,0.2816867416637357,0.48788914959959867,Low_severity,1
750,0.1147543508913828,0.08819591574736645,0.11495292941471959,0.19844191216541207,0.3426594867433509,0.19177115649386042,0.1595042975416021,0.49759698226801596,0.26652596882725094,0.5906008594181821,Others,3
751,0.0749182317359485,0.08692995569873427,0.09097566145542156,0.257728674205233,0.4038779607648552,0.19383270501140246,0.10432534050913578,0.6323128401193148,0.22090057571177435,0.6457679153788338,Healthy,0
752,0.10617783456179734,0.15333458489763485,0.09104942104103166,0.22137661426402094,0.3340215178906189,0.19942692476091148,0.13299223509235092,0.5716036421126782,0.20281829755097946,0.37074929801687295,Others,3
753,0.091191121901615,0.13015914079645882,0.1075104861774555,0.24557166565565716,0.32637118300550993,0.2070750199129236,0.14250419387504573,0.5044248521496355,0.14127201264775388,0.4297897247547633,Low_severity,1
754,0.06471674458194465,0.07681957585411406,0.12851049093122155,0.2659499112656773,0.4412506541510353,0.20787425654328698,0.2090630384489538,0.5488969648407023,0.24787981155255917,0.7034395284463633,Low_severity,1
755,0.08637594122806913,0.13558471190518873,0.0905067197310405,0.21556506133696196,0.3809809516850358,0.2516498840298059,0.1829655054679803,0.6160802276792915,0.27728940724975415,0.47505333218297746,Low_severity,1
756,0.09222094096784023,0.1045025999276362,0.0658207687128097,0.1820853981797204,0.3932686158433719,0.1721871765915349,0.1749651139657286,0.7132551048792337,0.367049177578477,0.5801179472952449,Others,3
757,0.1008225932600702,0.09478637441966152,0.08948883157024667,0.21816512487134665,0.37113939982996935,0.16109266479934545,0.13029039715746055,0.6114487759544445,0.25958442290283856,0.5931267182103669,Low_severity,1
758,0.07536207757113486,0.09226149495137374,0.06750035125873455,0.23052352366243448,0.31189950301448643,0.2082510393374843,0.14693799398553234,0.64417302485243,0.15002309148007703,0.5434418688803457,Low_severity,1
759,0.048211650521182474,0.15294896213833548,0.06416968264059403,0.1977916190679821,0.3742555980324129,0.2457383350362956,0.18386706722833432,0.7072719778289699,0.3084779956782154,0.41977375124069816,Others,3
760,0.049288893307558264,0.08181173266654068,0.10838465397941965,0.1842001877183072,0.32518689197702905,0.2863067096234765,0.15446171925158922,0.5000379753227319,0.2767771501841896,0.5979753851100231,High_severity,2
761,0.07501890416296275,0.10443310566533763,0.148132801879649,0.22769260535563607,0.3144561649865188,0.18227483475711384,0.14834643033783068,0.3595489192784596,0.16003644087604493,0.5013808517805978,High_severity,2
762,0.029622405060049768,0.1270674412452727,0.1040395954982438,0.3007966169113881,0.3320654975396444,0.20504789972363863,0.13390348273144095,0.5228691562691519,0.049408678311199106,0.44648954360994775,Healthy,0
763,0.11254315218440915,0.15437433836624329,0.09296627422640472,0.22925265026251102,0.3328780970085925,0.23216948039768753,0.12013455770551225,0.5633791098058104,0.18434402894546734,0.366347596610839,Healthy,0
764,0.09306448469243593,0.13662583045349144,0.04306717511814375,0.2300519172219632,0.3882601911990507,0.2817015915128722,0.15272295335075,0.8003039988588505,0.25587122073527657,0.47940762444638535,Others,3
765,0.06196871335450227,0.09708182754132755,0.10645334428143578,0.19873214855618704,0.3880660438035167,0.1653810330807245,0.11637169280678832,0.5694674593298317,0.3226558938192317,0.59978458826496,Low_severity,1
766,0.049038656021568386,0.153606297026684,0.09143760788044966,0.2804002254717216,0.37730480127058985,0.16641584966030462,0.14316740589041219,0.6098598885214742,0.14733744134334464,0.421348329242592,Healthy,0
767,0.10027246589770936,0.08629773876307276,0.07921205435683008,0.2609345997280728,0.35271714984897373,0.21882201863951203,0.1539330558168519,0.6332174181068457,0.14956781298865543,0.6068573481145269,High_severity,2
768,0.05232804075312726,0.12586547062239245,0.10110153786522943,0.2605159078290788,0.3302690288223371,0.1826671728666543,0.13789469031347007,0.5312543521846016,0.11806855027249133,0.4481212415390047,Low_severity,1
769,0.052014688946414214,0.1286696764245338,0.09565414330678867,0.2819625188478676,0.28125314833729176,0.16873330436415482,0.11224508996473634,0.4924261460183349,-0.0012595006707131213,0.3722248742831346,Others,3
770,0.05783638926053694,0.09475748178127372,0.06180690930838671,0.22780535947690747,0.30893046720942186,0.20471624246644482,0.14091597703144654,0.666573087996064,0.1511453189800282,0.5305409437255322,Low_severity,1
771,0.07429715987807065,0.13091095401998976,0.09455026883005638,0.23735299188976036,0.3465130213201823,0.24127529961854663,0.11516290048770897,0.5712621252253848,0.18696075291364989,0.4515945541833602,Healthy,0
772,0.09839298007588222,0.1154218169646354,0.14652429843355919,0.2718254831273206,0.29240686660792786,0.1819080626889598,0.16500323293653962,0.33235864707984475,0.03647678742678362,0.4339691070596369,High_severity,2
773,0.09552262752977027,0.12798866171037845,0.07351157810379656,0.27041416629908543,0.39709159666174726,0.23161947158396368,0.15681655132256908,0.6875857110805923,0.18977728342113936,0.512498671699546,Healthy,0
774,0.09919469813498902,0.07253048932324374,0.07043306852782152,0.171012686243352,0.3922685256057612,0.18081411310382106,0.10408264392215169,0.6955572687848257,0.3927981880242036,0.6879060110128576,Low_severity,1
775,0.07004082443201286,0.11983017691726307,0.07650733553594133,0.26359702361141324,0.37763116359394966,0.19360609756327524,0.19098008309526893,0.6630660660458165,0.1778370668318972,0.5182332086585044,Healthy,0
776,0.09432941984635032,0.103272117666901,0.10938189036975612,0.22879318532949014,0.4322386278310737,0.24301043257022822,0.12836755733591035,0.5960939931407919,0.30776951797351226,0.6143042187851239,Healthy,0
777,0.06745487782563851,0.15413330238347378,0.07327064964207304,0.2525114160734629,0.3061642908363805,0.231210772206089,0.16948427078805361,0.6137907091546106,0.09603581129325156,0.3302884713983099,High_severity,2
778,0.04705912559380032,0.12989268508368462,0.13431001248587904,0.22800935825867807,0.31385385411420413,0.22481637246491395,0.1471499547806513,0.40062096703690786,0.1584246612343418,0.4145636140916065,High_severity,2
779,0.05106114160174081,0.13788905283371383,0.05349993483150937,0.2061316667205721,0.3963209907340859,0.1934465116437707,0.14924755409034884,0.7621278522592532,0.3156917338817248,0.4837646558915229,Healthy,0
780,0.06451609874828675,0.13812326776852923,0.11446454498370065,0.2335572449901342,0.38103037006459217,0.21387979168579765,0.1534553403625615,0.5379789317412289,0.2399545995754017,0.4678905907506014,High_severity,2
781,0.06331285780729114,0.11648837239450811,0.0810913815563093,0.24188568504380217,0.360288210703473,0.2223565173802696,0.13244763941512688,0.6325549120151371,0.19662513851208668,0.5113502779956419,Healthy,0
782,0.05979389374341086,0.14357760449662302,0.08890953480071437,0.23910359902047876,0.3477136733744618,0.20852231238650684,0.1364777608133305,0.5927402248162527,0.18508329502763196,0.41550924690220986,High_severity,2
783,0.07243996003651344,0.14566217103405474,0.15104173781872512,0.24209712407086506,0.2699214697818339,0.25111980230202724,0.1500193354232967,0.2823993399345024,0.054342451709817274,0.29899949503264583,High_severity,2
784,0.08671368807436224,0.12673867510005582,0.048559809817141204,0.2887323600660449,0.3354457254212996,0.14228943447712494,0.14616750091108202,0.7470879695159137,0.07483980364158717,0.4515666259739988,Healthy,0
785,0.11620153320714774,0.06379632500416603,0.113159989289642,0.24548491579128665,0.39525054799606757,0.17256235642365925,0.15266800430095737,0.5548479781958182,0.23374019493087522,0.722048754685086,Healthy,0
786,0.031122625447744585,0.08581341388111074,0.12793475753745978,0.25252645805134777,0.3032596744678954,0.12922542704272874,0.12215341684468835,0.40660292414967497,0.0912819040420932,0.55888280916446,Low_severity,1
787,0.03925111285260298,0.14326696004198447,0.09544020246499477,0.28927647733680806,0.4455606859893818,0.1718518331463032,0.09815206369001228,0.6471717348277761,0.21267869461740888,0.5133823589718042,Low_severity,1
788,0.05184005023087067,0.07917491695456448,0.04255471473023938,0.3187784858619124,0.40562249870171935,0.12554346152788487,0.1007153132982545,0.810098713388962,0.1198838967510798,0.6733690634576376,Healthy,0
789,0.09025441822822916,0.13738506809407275,0.052847382017420334,0.27063592877579445,0.3402976440025602,0.16792562806433714,0.12065173504307011,0.7311557897480075,0.11402502388265187,0.4247852617857336,Others,3
790,0.07510310017141202,0.14007496661014215,0.08098008356137029,0.2369622959706045,0.31387367782409464,0.17287473686438037,0.16423898429378486,0.5898224027182776,0.13962665024153925,0.3828598528597007,High_severity,2
791,0.06504642148665767,0.1058297045546634,0.10937175951170798,0.24102226770319285,0.41792429281273635,0.26771583041794766,0.17380820186009388,0.5851599532005913,0.2684618688517566,0.595880107506171,High_severity,2
792,0.09625733463481469,0.07353544756813381,0.11023184214584081,0.23670289585135693,0.4003534579595081,0.1797208428504884,0.17659786196055738,0.5682138043414228,0.256885534739894,0.6896511114297674,Low_severity,1
793,0.09896608054284753,0.10626346468938667,0.06280427080101765,0.2347045630915514,0.34864196031448447,0.16130816940241627,0.1460501223795266,0.6947145651049258,0.19531683596514282,0.5328107388981681,Others,3
794,0.08202368195165693,0.1775919773010845,0.08364079343272093,0.29008232282723784,0.34204846524475274,0.22920625201001474,0.16920046095061791,0.6070335733037985,0.08220789652725585,0.3164813099187553,High_severity,2
795,0.06592729506509179,0.10571420260990186,0.0884587433304389,0.19976016266901953,0.305440307089398,0.2841031114262813,0.156362782412568,0.5508557675569147,0.2091845727517114,0.4857689743584886,High_severity,2
796,0.08184207520407892,0.09831033749918999,0.08900178521185503,0.2728553253974804,0.366349352991986,0.19589627279037333,0.08860629527903541,0.6090850434109917,0.14626618164008465,0.5768501571751599,Others,3
797,0.06988539583298944,0.09222306422104967,0.14775139370189133,0.23618969888109098,0.33726532290114336,0.1958420415899899,0.13213810139110754,0.3907369018671598,0.1762572829267771,0.570544550277624,Low_severity,1
798,0.07671041845962384,0.1555269945684854,0.08104085464019482,0.18156200525003036,0.3350967854051038,0.264359313438302,0.1453443122124491,0.6105093755452011,0.2971686206294645,0.3660030315821317,Others,3
799,0.05503593911827892,0.10113710026939442,0.04616391765973932,0.2517329798373662,0.4689806977455179,0.2005655077526363,0.08505112825217812,0.8207729779979441,0.3014341543187483,0.6452063043057322,Healthy,0
800,0.08910652304950778,0.09436022040018219,0.04703683946830484,0.23608294177053893,0.3836498407352733,0.19241118380217054,0.10549589600621487,0.7815728155508718,0.2381137534278339,0.6051956723419551,Healthy,0
801,0.08946264277302647,0.16272573933712606,0.12914941469586178,0.2393967639648558,0.2890652358005175,0.2049375190009095,0.16567774247002445,0.3823773770594873,0.09398683700571384,0.27964147894919905,High_severity,2
802,0.10917542814825297,0.14464736219459542,0.11539245404494523,0.21995898918639492,0.2673250855929283,0.24889855420960066,0.13386261892091342,0.3969837172650654,0.09720427745968116,0.2977813784809326,High_severity,2
803,0.11896069971034871,0.11080234339704918,0.09825178060087675,0.18021614507090106,0.31528476211521084,0.19528020512212146,0.15469178459708843,0.5248217729172667,0.2725900499584303,0.47990754958971166,High_severity,2
804,0.08397013631964335,0.08526475582868666,0.07956863666401512,0.28638511859553695,0.3380375446032871,0.17177082818564476,0.18210935607835166,0.6189297944654482,0.08272029356388587,0.5971448501854338,Low_severity,1
805,0.056049993852411856,0.13717423812758242,0.053250190958652646,0.2883190393745013,0.4031491614111564,0.22270616254878722,0.07041378548615276,0.766650891671269,0.16606710461331872,0.49225135078479,Healthy,0
806,0.10172953749350226,0.12195383024744805,0.108661442411871,0.27989694519355807,0.28523396627466646,0.2547885908891784,0.1429563190580734,0.44827261239623156,0.009443866850678329,0.4009946698349802,Others,3
807,0.0851141325883165,0.07826712423296027,0.1670257788578532,0.24736992164565808,0.3923804000126052,0.21204470748248666,0.10324659966814441,0.4028461423321843,0.22666730044163647,0.6674066251238855,Others,3
808,0.13132636542986134,0.07148184993062504,0.10553621980243968,0.24082345927139273,0.32539924329364756,0.12663691053496728,0.11358531579688516,0.5101994203762809,0.14936840864754952,0.6397820347152112,Others,3
809,0.08975681865117176,0.09830995223919306,0.10654179680046949,0.24523770426998134,0.3366663999837357,0.17979227684835408,0.15304245337962738,0.5192246101335355,0.15711986742387776,0.5479756463229135,Low_severity,1
810,0.09359568472859732,0.0898660828634671,0.08048043178666764,0.216182653631798,0.3386949792127619,0.1835647583051254,0.11729241084473331,0.616005950373949,0.22079160940928355,0.5806148023429976,Low_severity,1
811,0.08754830331867135,0.07302976453907398,0.06772546422899274,0.2315838312212778,0.4101450698534227,0.21049017813507206,0.1716267182871151,0.7165530854124078,0.27825026788276047,0.697708740849902,High_severity,2
812,0.06488304217795302,0.0805845667041323,0.09567876504868134,0.2506032406222558,0.40062478248356076,0.12843427350073924,0.158697061676448,0.6144344906482232,0.23036714720264473,0.6650748085415906,Healthy,0
813,0.0696557708542689,0.0945649116105555,0.11191302759110414,0.1954706005939117,0.4408076195567153,0.18961931521666442,0.16471967679929855,0.5950466906977183,0.3855813560689295,0.6467322990801342,Low_severity,1
814,0.07881292674460026,0.10253532454708493,0.0733910910114684,0.2491445408209486,0.3965970365432244,0.2506368144163602,0.16246869623419918,0.6876895959337703,0.22834598373571718,0.589145755554275,Low_severity,1
815,0.09324617276899982,0.16721452967572997,0.14064543629902548,0.21321038078951093,0.3961179566130034,0.23248164669578072,0.11461443136109417,0.47594996918101634,0.30017900792732394,0.40633805524922284,High_severity,2
816,0.09890646488193652,0.10876883944298221,0.0895408466239806,0.23570357289993255,0.3614683276954062,0.20011871543859366,0.12744769214766385,0.6029311520808607,0.21060059033269143,0.537387314129629,Low_severity,1
817,0.07928234681431069,0.11008221137825508,0.10845251744455209,0.2559382793062429,0.3874374794335665,0.1536324117194691,0.14613369224478895,0.5625944539018081,0.20438942304088858,0.5574759616101634,Low_severity,1
818,0.07087125295350884,0.13679402959538944,0.11341097637020407,0.26606636439387105,0.39054214568440665,0.15880780759120586,0.1802766797993718,0.5499145797219038,0.1895738166349629,0.481188524482286,High_severity,2
819,0.08330440216859725,0.128918694044793,0.120387031278658,0.1835465170960109,0.3429305490236267,0.2028551511150004,0.231016792876573,0.48032608130210264,0.30273689431971773,0.4535598141201241,High_severity,2
820,0.04209508251321909,0.12280347581955522,0.057262577862866954,0.23750386303194118,0.3996408630296233,0.12642042205513027,0.16087040412424025,0.7493449480222196,0.2544743656592954,0.5298887682846282,Healthy,0
821,0.10357318804337978,0.11504563876355217,0.07098172573839301,0.23299455213962772,0.38078423945927464,0.17470946798778958,0.1449627590996739,0.685758860974242,0.24078656568542017,0.5359471309962065,Low_severity,1
822,0.075897779378661,0.1348402557126893,0.14315655917788359,0.18948738461379092,0.3103784301364295,0.2508187424792051,0.25050283595477424,0.3687077621317905,0.24184699564431517,0.39427405004117183,High_severity,2
823,0.09443444797424644,0.18419108965471684,0.07395241226227142,0.22586141598808185,0.41666080604534494,0.15754580489799075,0.13670550692276534,0.6985306978993664,0.29695376053053757,0.38690019629508543,Low_severity,1
824,0.08009835808375286,0.1387944194954141,0.1023432716912114,0.23607801307550993,0.42178356141779344,0.19922192873115965,0.1273648619899398,0.6094713522521499,0.2822866626391991,0.5048167276591509,Low_severity,1
825,0.07499469980786222,0.08245706413021206,0.04749610858060348,0.2709509506475346,0.36541012114820204,0.22754009637480077,0.12669599304254417,0.769942397760389,0.14843643756227057,0.6317789432197267,Healthy,0
826,0.07202052195570102,0.12594626918237758,0.11313672315099095,0.2504046225201603,0.33600481881094363,0.26441887193318664,0.11010252501660509,0.49620904511843417,0.1459734278774187,0.45472032664982714,Others,3
827,0.07021674844839193,0.11169037868856842,0.1277944802749591,0.18319764203114502,0.2815123021902417,0.26354480912764155,0.17286756099692238,0.37555649820767795,0.2115613435469326,0.43189411405364886,Others,3
828,0.05501456949357157,0.12981038144937637,0.06131735940485301,0.2761801131087246,0.39256215949859613,0.19517939131812803,0.09016618696940559,0.7298077712209057,0.174031239173974,0.5029969178172967,Others,3
829,0.10989705428813064,0.07918696112591844,0.07916505562944207,0.2745907377254671,0.3387293978182174,0.21314192655813818,0.11463938364862247,0.6211241619680536,0.10457615260893706,0.621039189152662,Low_severity,1
830,0.08172495125334231,0.09426872239095527,0.12726136157289197,0.20452881544386312,0.381323708313442,0.2577121730596292,0.1459572028724054,0.49954739488780436,0.3017737155687628,0.6035734956869081,Low_severity,1
831,0.09577650553058177,0.12119267776448571,0.04836269267839569,0.28468209652867993,0.4008939004425849,0.11438323410846983,0.15682778330561445,0.7846990186947703,0.16950973258589136,0.5357372404374734,Low_severity,1
832,0.1010301786433121,0.13701284328579816,0.052646734779465965,0.25868370034765514,0.3589652010263643,0.23506798379895527,0.1604927260847478,0.7441923802506009,0.1623600405596502,0.4475044012248092,Healthy,0
833,0.058626858672198856,0.12132667001526141,0.07448013769679585,0.24997535864347945,0.4540825483406334,0.15503100484444204,0.09080275097444876,0.718178601462905,0.2899011397676976,0.578294312482773,Others,3
834,0.08242286315325888,0.13633091770949052,0.14781698110105781,0.25453092872868677,0.3128311945510932,0.17246575352899052,0.1959814677976554,0.3582217887141758,0.10275671115545577,0.3929545080133677,Low_severity,1
835,0.08580885965987582,0.13770960408231464,0.09435057635917869,0.21958963093310202,0.3941978486223824,0.2155789062708437,0.16827051960792663,0.6137513845726155,0.28447666905120755,0.4822046452552043,High_severity,2
836,0.04920114368897863,0.12106651373906567,0.10528163060700142,0.2570326649237418,0.3783045729642335,0.20727675083110916,0.14489809932325215,0.5645796764692322,0.19087801061941642,0.5151240551858493,Low_severity,1
837,0.08103366882353895,0.11610964333603348,0.1210999948987648,0.22539100910706986,0.24377992635804557,0.19003653289990274,0.11604863963346257,0.3362200118787462,0.03919449365026363,0.3547484944632797,High_severity,2
838,0.0869511486292322,0.13635476366817043,0.07354916488678447,0.23182521114389554,0.43157860046955043,0.18411323452400558,0.11746514480946192,0.7087898550383573,0.3011037709292629,0.5198212597522087,Healthy,0
839,0.05622059363388525,0.13384968052823648,0.07993867080167104,0.19482672273691026,0.4321484761191956,0.19101087642324482,0.1500070386880078,0.6877927076188692,0.3785185663089553,0.5270313906283152,Healthy,0
840,0.06789716907069507,0.11561492985261394,0.07969717096607559,0.25572803748120576,0.3469948607219389,0.20493025459820013,0.14377720368707417,0.6264417188631825,0.151424184335489,0.5001622005923293,Low_severity,1
841,0.07004387315975136,0.11291449921637418,0.07967706011581384,0.23107445369192692,0.3299388140426121,0.20688204621996314,0.13886915487447762,0.610966931984685,0.17622463858994858,0.4900591422228319,Others,3
842,0.128559589757641,0.16504908182884878,0.060854267726963854,0.24912650935171993,0.27512953650513783,0.2081369205400873,0.16365902232279833,0.6377547550778669,0.04959986128708898,0.25008133083094286,High_severity,2
843,0.044678042423271586,0.12809187726410215,0.11294532622281997,0.23439601378913313,0.4236599757540156,0.25293650817483926,0.12105931980631092,0.5790376062005603,0.28761072761647194,0.5356902688647752,Others,3
844,0.08567027511683185,0.11861685823141456,0.1165334521959289,0.23030182858885542,0.32870941274866394,0.23296752081882957,0.13473234421055233,0.4765398331069017,0.17603864982098288,0.46966290188354665,Low_severity,1
845,0.061855968729936366,0.12059642304180408,0.0775281254712969,0.28583078887335206,0.34186143763902244,0.20822500813264455,0.16135415519188748,0.6302810928515962,0.08926452550956639,0.478454435332711,Healthy,0
846,0.05712124145409431,0.11037272867674369,0.11456775181977343,0.25371395097280147,0.38905863847831396,0.20021554210740297,0.16144147008205925,0.5450287990191982,0.21056387550858036,0.5580064211606619,Low_severity,1
847,0.0629419854538493,0.0898403502300365,0.09565327779636147,0.2567987833987684,0.32085047185906035,0.21132060162651692,0.11952894790841324,0.5406846739051138,0.11088335677279294,0.5624915610578403,Low_severity,1
848,0.08380483917546785,0.11987492431509669,0.07788119016089505,0.24761155577484065,0.34685426304943967,0.20915802899328934,0.1703680763166161,0.633272006976412,0.1669443458849809,0.4863191436901973,Healthy,0
849,0.08450267335193798,0.10881758678771127,0.06076770083756401,0.3033803628002227,0.42799276614204346,0.2705905473391857,0.0842465843830541,0.7513395417878614,0.17038143515340656,0.5945771679185524,Others,3
850,0.07952991660089352,0.1636991466630955,0.07946505862844273,0.21772691831247235,0.38122898985126763,0.24115033001759578,0.11054560124458665,0.6550202508989327,0.272978476896663,0.39918996398241313,Others,3
851,0.09175198913645352,0.1285245625280611,0.035350735674920024,0.2448964035274129,0.3759018181054817,0.1711306643373323,0.1757387060489105,0.8280825962053653,0.21102736769039598,0.49041300192651105,Healthy,0
852,0.09549286327780791,0.09377412842246238,0.06876151404637952,0.21772287087640962,0.3925834137707586,0.14190948529758743,0.13682686111221487,0.7019084424674359,0.2865127679218309,0.6143819298058396,Low_severity,1
853,0.08736238008438371,0.1289717733214396,0.08423534244294671,0.2729977135967948,0.36737905830653916,0.17040957764805173,0.11551023238071106,0.6269590061647625,0.1473840851991293,0.48032010786231305,Healthy,0
854,0.0664209499184992,0.12876771311826082,0.14754004183210284,0.21566116212179376,0.34903911906278295,0.19633296499146302,0.14575034433141176,0.4057743318659575,0.2361924748137208,0.46100514079936805,Low_severity,1
855,0.0966430522247971,0.16218175828248219,0.1300044079277667,0.20436825626398272,0.29382771731261975,0.24887656688847737,0.14205479325733428,0.38652876841729905,0.1795668086323499,0.288691279623821,High_severity,2
856,0.07949138833412384,0.09661318620278864,0.05401760391272657,0.237473953369134,0.36518566726748036,0.15223352060803974,0.13017799648213127,0.742284435135023,0.21191350726872854,0.5815789256436139,Healthy,0
857,0.05271627762822553,0.11689995418721631,0.0425409079321513,0.2505613191449723,0.35597796044394103,0.22522958981834168,0.13333351696535756,0.7865049245698229,0.17380018878648001,0.5055808251125546,Others,3
858,0.03727810232836311,0.11101495362703832,0.07951459441017938,0.20886569646511205,0.3471156076491303,0.13846910564312886,0.13095420471816963,0.6272434814677028,0.24865928073655305,0.5153566995495998,Healthy,0
859,0.03799050248858386,0.1271666326151136,0.13092561770865715,0.15771950969928403,0.37821633698102697,0.16354939958522968,0.12304276938064332,0.4857009268134081,0.4114239206941323,0.49675141322338395,Others,3
860,0.08948840007889375,0.10981468832796004,0.11371898392204231,0.22782796252893034,0.34698454400808115,0.23311876036852439,0.17981817295144953,0.5063246663946082,0.2072964316608488,0.5191993306714858,High_severity,2
861,0.07552905665254815,0.1246517150412305,0.09440166316903373,0.1886489029629368,0.34938021839830846,0.14870872247251007,0.10718598454999151,0.5745582814889721,0.2987409213626058,0.4740788278259343,Healthy,0
862,0.05154354859136735,0.13049795638163225,0.09252008020605404,0.26053864691988043,0.30706548747076395,0.1610961511953854,0.11553059352746271,0.5369198104728166,0.08197058078308882,0.40352441130501165,High_severity,2
863,0.10377865370190185,0.1558630960067842,0.12457446014154797,0.2752239477145107,0.3365782911276226,0.1929669419301136,0.19140041230953425,0.45972582924552474,0.10028460099987228,0.36697808072641563,High_severity,2
864,0.07183037240726424,0.10944258012632269,0.033451574912976866,0.24811013963646267,0.4747085180471072,0.15000436865371625,0.18690140019354023,0.8683423772295144,0.3134927080283573,0.6252935910981372,Others,3
865,0.10468506358960683,0.10684356207833272,0.137053755210096,0.27899057627867657,0.32318825505239573,0.19748846350067192,0.19684259087979528,0.40442744402263686,0.07339626780971929,0.503089967662311,Low_severity,1
866,0.08534470981788744,0.13938141165231344,0.06569243633169707,0.23488646605720656,0.34969160474977273,0.18231841596921025,0.16371405037122166,0.6837026470219508,0.19638974574274348,0.43001798513568984,Others,3
867,0.052161311597365964,0.09799706209281625,0.11569732704394942,0.2867359344149215,0.36552925874207937,0.18022376945147042,0.13219983380144307,0.5191565451232457,0.12079952319055022,0.5771672171008297,Others,3
868,0.08834347144538783,0.1479946530948185,0.09151017261999334,0.21979089493059456,0.3478266839556056,0.2072223090859834,0.14484692188673026,0.5834168190064122,0.22556699050132933,0.4030323342871075,Low_severity,1
869,0.09443481624955068,0.14957662817804482,0.09895477799479345,0.15966878379233745,0.3285284757424382,0.24738879514317097,0.16280561894994824,0.5370355347036838,0.3458841455009692,0.37429394937845323,Low_severity,1
870,0.07087005745161178,0.1576237169182184,0.10235866736381992,0.22176709499455313,0.3810800296209031,0.2735033883642176,0.1463239923033452,0.5765392054783958,0.26426755328388174,0.41480371008791006,Others,3
871,0.04968315937901524,0.13388323783965306,0.11303379692394001,0.27842048516265716,0.3586584394440746,0.22245793854927293,0.19461654405466972,0.5207307298746764,0.12594664676899844,0.45635772965247007,Low_severity,1
872,0.08924439826316813,0.11873803026182475,0.13074901188705676,0.23197327948136698,0.3534057835128041,0.24287021868058267,0.1084541647803739,0.4598875684828368,0.20744251324999352,0.4970260043754267,High_severity,2
873,0.05805052817661052,0.12566581904742447,0.13263935837440288,0.2144020828367315,0.3690327888448344,0.20666280059156916,0.14273451663240538,0.47121099263883287,0.26503507677288635,0.49194997906768556,High_severity,2
874,0.10442750761919506,0.13209369841338034,0.14178252378097694,0.24033107701484163,0.3823340107539388,0.22897163580216826,0.17486409084392002,0.4589656519545211,0.2280566817194484,0.4864440773332585,Others,3
875,0.07560614022127424,0.11406963280248514,0.12192820443258898,0.25000569077225804,0.39213841803937094,0.24085890593394546,0.13780985192901496,0.5256326744332069,0.22134085685244073,0.5493171923568577,Low_severity,1
876,0.11076591504119734,0.1479846965926673,0.1354643587645942,0.24178212543587632,0.4256071932205384,0.2367108396743209,0.125773309346123,0.5171226975051348,0.2754390318303834,0.48400701188135836,Healthy,0
877,0.022977330154650456,0.12559789943500196,0.08340784728488262,0.3293740608801417,0.4769308238350243,0.11440877490547807,0.14277484179031996,0.7022948742117634,0.18300368229445646,0.5830973874461595,Healthy,0
878,0.07308210344725657,0.08925625486673652,0.11184675904893185,0.23424426099228876,0.43111770781948106,0.173587608031986,0.17156218789815383,0.5880144433980508,0.29588923932453914,0.6569534170926321,Others,3
879,0.10016772538873109,0.15703879883336105,0.0906921950695908,0.2826331470483384,0.3608295189433207,0.18928077695418824,0.08360750460887506,0.598282021639396,0.12152433393236821,0.39351841600365967,Healthy,0
880,0.0606980229484791,0.12561726661982545,0.0880895229586604,0.2522886812984548,0.37854924376537735,0.21283203202259637,0.11111846853363896,0.6224509010381684,0.20014738722968622,0.5016834159656938,Low_severity,1
881,0.07790531427088004,0.09711340661980729,0.11094827386836739,0.20618970754970864,0.3689029634134487,0.18441039627704264,0.12666755541968291,0.5375722088501874,0.28293397582554847,0.5832189044651928,High_severity,2
882,0.08051035239536121,0.11281751905859837,0.1370398228089059,0.1985125157568295,0.38769671179562687,0.19685031457660385,0.12941513677113564,0.477681412397992,0.3227246981912587,0.5491935609261169,High_severity,2
883,0.07160429316257441,0.1676485114033332,0.1161995550848512,0.2472485968445317,0.2823384145417998,0.26196956896505896,0.12452996965460494,0.41687084322878176,0.06625883366250127,0.2548738563849981,High_severity,2
884,0.07751485603647292,0.15949108911337337,0.09755960664384312,0.2500773207642098,0.39725202807987076,0.16164037730799574,0.10201971303705283,0.6056697143012124,0.22735676603952387,0.4270568088297914,Others,3
885,0.04836925105536059,0.1445154420825554,0.12037700488402638,0.24640509924713644,0.33010266003634126,0.14159385109751815,0.18038101687482774,0.4655607599721257,0.1451802849856344,0.39102431433871937,Others,3
886,0.0839541537384994,0.16314896413212338,0.11590726686932436,0.16813004553334054,0.34246149843230916,0.2629372318733202,0.1585117532721885,0.4942619321233611,0.34143035653308207,0.35464561668823275,High_severity,2
887,0.09279784144843156,0.15492506443496065,0.023526791461256857,0.24678802321612117,0.3317536800297763,0.23346601591934957,0.1560880286059378,0.8675593321382391,0.1468617669857797,0.36333745331182843,High_severity,2
888,0.0797827333847931,0.14193981243087223,0.15952326788888418,0.22958931525187856,0.3481237991793812,0.2229909052713308,0.1343741166738584,0.3715190011432394,0.2051788006304757,0.4207290275460947,High_severity,2
889,0.043432891418336894,0.11444019763015768,0.06331897670673928,0.2572079316847175,0.3433904755183684,0.13507961482429642,0.13298795635542765,0.6886279560982852,0.14349445952577955,0.50007631929444,Healthy,0
890,0.10900416282433315,0.1435995330677439,0.09339119107762447,0.2281465877815721,0.3538944613432926,0.2288126707980616,0.22400456554809772,0.5824091804771823,0.21604640042277148,0.4227084761586089,High_severity,2
891,0.08540563651275068,0.12907465277250235,0.04853916177282108,0.23904350207191252,0.393551013852204,0.22189979942645216,0.09738820354013734,0.7804105838624591,0.24424415307265412,0.5060531427546978,Healthy,0
892,0.06346317113079361,0.11159638000766967,0.10708513380496348,0.19950434708454395,0.3281446422156799,0.17636043295877346,0.21954919401660866,0.5079144869909621,0.24379899846248293,0.49244498753637517,High_severity,2
893,0.054610180713173716,0.14467673639699663,0.09370137603098799,0.21658233976348748,0.41228138546026316,0.16779964586564733,0.17028270986447155,0.6296262119490877,0.31119467993983224,0.4804753509490067,High_severity,2
894,0.06485878913114373,0.16595242264872015,0.09465186276053125,0.20447165208443535,0.30886790930382924,0.2091174677303761,0.16685165827782442,0.530868773659822,0.2033668648819251,0.3009885572241906,Low_severity,1
895,0.09361638524742064,0.11954968998514785,0.08722984074442747,0.2921751356178922,0.353386364737415,0.21701722286901526,0.16759896652984788,0.6040552314727691,0.09481858674321979,0.49443613447793083,Low_severity,1
896,0.07671725422660781,0.1043455487377343,0.09766419289388606,0.27604682096644406,0.3844364120065377,0.16611582784371054,0.1391134675532637,0.5948389531099706,0.16410649904344737,0.573038462471706,Low_severity,1
897,0.09581348148122576,0.13297841408230385,0.1563465945068441,0.20408260866600889,0.35946110826778344,0.23042666009702298,0.20310883436240604,0.39377952804571903,0.27571685200782586,0.4599198153402227,Low_severity,1
898,0.07116366032480657,0.10471737852199099,0.12227378714853174,0.2944109498239851,0.44075600001857934,0.24574593558172675,0.1627639608395891,0.5656578392992198,0.19906369597536175,0.6160495355349318,Others,3
899,0.05504279554962037,0.0846646188981669,0.12440478226160523,0.2262404041076652,0.3654007596765227,0.20811588897436134,0.15579965484040184,0.49202378654457934,0.2352107393589315,0.6237674661121859,Healthy,0
900,0.0884123025319186,0.13806175290182904,0.0669989758054905,0.25448830145032936,0.3668602830980709,0.19537926850426246,0.1084347534243227,0.6911488026102812,0.18085175446148982,0.4531363535028747,Healthy,0
901,0.07830395441503414,0.12356030045479675,0.1282445339017585,0.2359628724260201,0.3816253454628955,0.2553172096981306,0.20354899849354288,0.4969519122739186,0.23585694936796128,0.5108321012156077,Others,3
902,0.09051561790210076,0.13064585523750608,0.1285377087612621,0.15807722233644508,0.3095923668815638,0.23334054529816345,0.13921003252268732,0.41324407564273613,0.32397903998519006,0.40647654531836314,High_severity,2
903,0.04347117763254709,0.1048263300811816,0.07918135917747099,0.2277501764056003,0.2905346417658923,0.15994394979903953,0.1484488959267501,0.5716638772710259,0.12113892431153088,0.4697183710802464,High_severity,2
904,0.06944366741672947,0.15703829523206048,0.09517847963569126,0.20884099096732286,0.30872812095033064,0.1830987085968056,0.24301721260670467,0.5287104518836867,0.19299283454708954,0.3256778944295318,Others,3
905,0.08796736301284237,0.1279129970452479,0.09627169187360272,0.2646311144820659,0.34873982270180637,0.12082273429838822,0.03968738685894317,0.5673294343160683,0.13712535616034074,0.46328651905121393,Healthy,0
906,0.06634125197517057,0.11923784569048027,0.13788382380403327,0.23690290561414842,0.2659182951346229,0.2142572512794997,0.1638211618835398,0.3170723117231588,0.05770518322868345,0.3808337292245049,Low_severity,1
907,0.0972944338452478,0.09264582276471957,0.10340609420353039,0.22893151949339985,0.33351381495296245,0.219023687524321,0.15797101561489071,0.5266588130389218,0.18594215127147815,0.5652060187544338,High_severity,2
908,0.03187223864835292,0.11778923712368006,0.07615275314782391,0.21998123712564402,0.33118829409237377,0.17204764270677322,0.1526979137769378,0.6260983091992751,0.20176561052091477,0.4753000810323475,High_severity,2
909,0.05463090289976891,0.12218241111236457,0.0665895374954463,0.2880789023552254,0.4414531873608857,0.17434445908603,0.11170375779862596,0.7378585137134797,0.21023651621047146,0.5664489203899591,Healthy,0
910,0.07684788658266524,0.1282789655071189,0.0638234899309445,0.23780920032605285,0.3685960775408271,0.18416587899998577,0.1557592072313752,0.7048075770294049,0.21567569081000812,0.48365703891978085,Others,3
911,0.11840735933349439,0.1256662770083985,0.10511596603243265,0.23109980498163538,0.3688021881595755,0.1756597941932317,0.14405226000453641,0.5563961198673776,0.2295414663600332,0.49171166268122324,Others,3
912,0.04308660103051373,0.11535645114769577,0.08602125366738188,0.2568241489621409,0.3515636577690021,0.15578872136298902,0.1293033517267687,0.6068362897385339,0.15572223466458826,0.5058835593295201,Healthy,0
913,0.09586677222093153,0.14308981404013463,0.09764493618471845,0.28286683048371547,0.37700762865735254,0.1771130702527951,0.13964147239402447,0.5885624837307795,0.14266470973308523,0.4497576711856193,High_severity,2
914,0.09560198295361538,0.11306721563110753,0.09323109372560529,0.25048125177723934,0.4297798023245651,0.21004573239359253,0.19242759996106304,0.64348316859287,0.2635731524922678,0.5834288044653484,Low_severity,1
915,0.053268046775716185,0.12169698656444784,0.091260704012398,0.2362849068208484,0.4018312221772255,0.1728481337014283,0.11594455088274007,0.6298430407586809,0.259429761815152,0.5350890953633511,Healthy,0
916,0.07508066015060506,0.10195351926192026,0.11711682368055142,0.16613365329445978,0.35036457822138695,0.25175536549732175,0.1769979660037238,0.4989455272271193,0.35669226666321074,0.5491954895053349,High_severity,2
917,0.08320534987811715,0.18680571725781775,0.0694061165033758,0.18680284507044087,0.29479410255333843,0.19761610921822564,0.13158767462993132,0.6188573599261471,0.22423575983139266,0.22422845867729943,Others,3
918,0.04833919985156937,0.11682565316544223,0.09776260416379816,0.21412548488799715,0.38443048982208017,0.20158686224202962,0.18181909724581874,0.5945084847413378,0.28452644719915077,0.5338684431111287,High_severity,2
919,0.06525402899058427,0.12253702479885271,0.10418910264474288,0.23621609537830734,0.43452982324475864,0.26354819133329244,0.1612602327244849,0.6131967984131544,0.29566147532221687,0.5600634816837652,Healthy,0
920,0.10943487245548299,0.13857353246784024,0.14997623149941477,0.21061054110236918,0.35357943933027236,0.16032559294869675,0.16750456937938124,0.4043310792139215,0.253405595963029,0.4368680454715009,Others,3
921,0.0968856632754151,0.11874424568872691,0.10678734492845476,0.22975980443857857,0.3019301812443942,0.27474536689122564,0.13446145843561033,0.4774515987685158,0.13573770194883483,0.43545774077869065,High_severity,2
922,0.07365076496857,0.11973766938446669,0.11206486847797853,0.2187461719903481,0.35000854479373844,0.26164897752023675,0.12139752022161213,0.5149477755731422,0.2307890711581049,0.49020272747087035,Healthy,0
923,0.07025177973007404,0.10876523931747242,0.1012257987545915,0.22703694635659427,0.3743447596835741,0.20120534535954834,0.17055024383725476,0.5742974540432866,0.24494894315448404,0.5497288835156697,Healthy,0
924,0.08740424607723367,0.09386256544061267,0.08583227023609412,0.259130658989565,0.3512630811700102,0.1843957073981186,0.11470120371731055,0.6072606585268963,0.15093933000747853,0.5782648510355564,High_severity,2
925,0.09363460440685598,0.1299836855274435,0.12781594797143153,0.2777986726006735,0.3841077354086666,0.2522436847055104,0.16201970235651833,0.5006445213571824,0.16061041488888714,0.4943168462498132,High_severity,2
926,0.05743900211236497,0.06983244073462341,0.114403967325862,0.21742474535819312,0.39522385772076574,0.16916156580435213,0.0965515801495172,0.55102935238909,0.2902138541882183,0.6996817763072523,Healthy,0
927,0.1199802351258191,0.17377928177317692,0.15482871764014128,0.22487872716390161,0.36278235942237963,0.20769182396021907,0.1976650311717666,0.4017565523566262,0.2346652439751612,0.3522485827128261,Others,3
928,0.09921083511771696,0.1315399003429906,0.09480290364134006,0.19234751087295665,0.39676031008090384,0.16862858555425136,0.10576824276677266,0.6142799095014946,0.3469870742455429,0.5020259399955704,Others,3
929,0.08000456244978184,0.12181222417791862,0.13702290280900636,0.2155540669141629,0.3664754440219741,0.1460871735314577,0.08423123515611444,0.45571657316680875,0.2593019327577893,0.5010636880223166,Healthy,0
930,0.05395989040896036,0.07087538428353463,0.06956851739453408,0.2273270102455449,0.35352514848933597,0.15616964263732022,0.11078545916141572,0.6711436591743772,0.21726378450353978,0.6659976658348565,Low_severity,1
931,0.04967577876433052,0.09403901712571286,0.14544711108433223,0.27980590354474866,0.3524665967248611,0.22694391757841925,0.11455344850575562,0.41577382263968776,0.11491990106975854,0.5787778956921081,Low_severity,1
932,0.08300136562784122,0.1692326556235164,0.1461980624387924,0.18626552080290323,0.30041935722424434,0.21780163356756013,0.18976301275535412,0.3453096274252101,0.2345539004295374,0.2793274552477061,High_severity,2
933,0.08889113055471107,0.23527166167631466,0.15657577048160679,0.19040838894396547,0.38944401071802853,0.23556157895114463,0.17293542137236387,0.42648315730393044,0.3432522170988417,0.24678802830545074,High_severity,2
934,0.0441639771128601,0.15623393808946492,0.10047636749103048,0.224941022146515,0.41250444766102795,0.1719762066443995,0.12647022714445313,0.6082646191700283,0.2942423068300132,0.4505947127753562,High_severity,2
935,0.09058008909312634,0.14843425971928031,0.12585280630112258,0.23171882802423413,0.3803043560130922,0.21298272863448964,0.1498106071278001,0.5027125340844428,0.24277761343726492,0.43853444668996094,Others,3
936,0.10963016288587948,0.137474062081384,0.14561097604234458,0.2038340696549337,0.34561400614312454,0.17650428099315962,0.120481797132958,0.40715158502518084,0.2580406461197619,0.4308530012482328,High_severity,2
937,0.10018367345623426,0.11024256139862285,0.08848519164706366,0.2745841622579872,0.26338643952284857,0.1951154722489039,0.1900242013556279,0.4970598149508915,-0.020814748423187045,0.40988220332610953,High_severity,2
938,0.06841527271057134,0.15149470564831058,0.10533065204973506,0.21546223006200982,0.34230043313222086,0.21936714545946842,0.18469163249485235,0.5293863382748782,0.22740533104856095,0.3864066542961947,Others,3
939,0.06282583576060884,0.09567291429077066,0.043550732951140224,0.23280212846570317,0.3129896405583878,0.25080254800636587,0.15148854970945533,0.7557037789439777,0.146919606787154,0.5317754800114509,High_severity,2
940,0.07965746617279626,0.08466190184403684,0.0829939222217233,0.2318251846667537,0.436709650201904,0.20646243924535912,0.1417342967779825,0.6806105379084358,0.30646789792995976,0.6752339036841932,Low_severity,1
941,0.07652421040914184,0.09090107217441697,0.0797879680400786,0.2434053625713718,0.28185303014964797,0.2303523031181894,0.20372716026828552,0.5587448965162977,0.07319762637033553,0.5122732567788649,Others,3
942,0.09179606442611352,0.1495921045539496,0.10115070172082473,0.26295040960615645,0.35348249856112296,0.21475025427711156,0.1519697466089084,0.5550228111009289,0.146864464494811,0.4052885849229319,Others,3
943,0.08367848386433764,0.11049677853197094,0.16423475758510264,0.2990286835746098,0.3462510027022202,0.17106594795891772,0.09851955378507991,0.3565549899269887,0.07318116489932652,0.5161584442363597,Healthy,0
944,0.11050361679038301,0.13278662410298145,0.16484569495039395,0.19416797943268274,0.32125758486320233,0.2609191442620711,0.18547249319022055,0.321766785800719,0.24657218080390472,0.4150938543833686,High_severity,2
945,0.061306221319770066,0.12957254358084094,0.0758660477357099,0.2505979817765973,0.34928039108934106,0.21267231483831905,0.13342508154303276,0.6431062767672433,0.16450402911057677,0.45882113609646685,Others,3
946,0.08856450317679587,0.09893009941188555,0.1263225717107355,0.23911265193830855,0.37289145549030017,0.2536559809957325,0.1545972102209543,0.4939141737703422,0.2185913491889385,0.5806461218907435,High_severity,2
947,0.06000674006413489,0.09237823037960377,0.09951976361898154,0.2832297179812343,0.3878462571151104,0.21841102619529895,0.10260993043508194,0.5916015504360335,0.1558937333717789,0.6152706378571727,Low_severity,1
948,0.06849935315721649,0.09668285812800019,0.07340171898040243,0.24590497357162722,0.41081974383316755,0.15408362412777316,0.10638080989349102,0.6968258343861854,0.2511170447691395,0.6189857637995007,Healthy,0
949,0.10536156909814659,0.0949762987787194,0.121445272187227,0.21169962812266616,0.29564991993761736,0.20849164129105954,0.16024056328920983,0.4176616058864751,0.16546834847081834,0.5137228673957042,Others,3
950,0.10515535997495555,0.11453370849500916,0.1186130534529661,0.25057825783576343,0.3416199125389955,0.20553279968866323,0.18805940176083785,0.4845521193932127,0.1537351164824073,0.497828348987408,High_severity,2
951,0.11587794365999415,0.1016669767061555,0.07610670302748312,0.2484164084785811,0.3668144727003149,0.17758031291779952,0.19774424941086383,0.6563419985399148,0.19244493058420808,0.5659722414411087,Others,3
952,0.08897874203329842,0.1368598981790423,0.07315654206815185,0.27774010386546355,0.36042545488915523,0.1952204249005755,0.17822669267179694,0.662548064349843,0.1295672414303465,0.4495719717677935,Low_severity,1
953,0.06751036395489546,0.12787368614376823,0.0861044510124683,0.2560949599604688,0.3619406711251254,0.22676161705032616,0.13562679414919712,0.6156438413985196,0.1712615031252099,0.47786877111252435,Healthy,0
954,0.0710444387320984,0.08663932485972486,0.09837133876921841,0.23357703105094363,0.3471523207888658,0.1656006890639986,0.13497418474124503,0.5584012805659159,0.19557353073011405,0.6005486701792763,Low_severity,1
955,0.04904078809171929,0.12367608948740229,0.09845752570632074,0.1417935963113699,0.35957762082271016,0.2818845436852945,0.09922198822360641,0.5700874640191815,0.43437679920325184,0.4881525507252199,High_severity,2
956,0.11094980521762696,0.1709450790098978,0.08377668429093026,0.1787109154004246,0.296559573897688,0.20232429440833788,0.1662528892465237,0.5594599121844265,0.2479612371289963,0.26869143249494265,Others,3
957,0.07596509487743157,0.10182019610743276,0.10687230953931262,0.21207873188306559,0.2966247718541841,0.29642423580941907,0.09088340249336106,0.47026972700658004,0.16619905180520908,0.48891212441040877,High_severity,2
958,0.08147349021807414,0.12248737961403106,0.10697741575069615,0.21628072226659334,0.4056438893427176,0.15864548667913464,0.06889720858640702,0.5826259475064077,0.3044792946626158,0.5361479737566451,Healthy,0
959,0.10155491867209687,0.13305747132808737,0.11489481649726627,0.2411899267514707,0.3035711315397785,0.22861404494576637,0.16359367202692593,0.45087614877043625,0.11451113077718658,0.39052333972562164,High_severity,2
960,0.04520690933494326,0.14172658955636133,0.13244471440218317,0.20549167008453878,0.31506337016241176,0.1577556943966973,0.1403472187121769,0.4080790092047349,0.2104901338115799,0.3794671422129479,Low_severity,1
961,0.051621587545751024,0.12102690895377859,0.0660924707651547,0.2310904537897654,0.42970197344218525,0.16344112720406548,0.11715798820476987,0.7333876103802606,0.30056567155952507,0.5604846129469473,Low_severity,1
962,0.12202983796617806,0.12121235592157162,0.12539721732135767,0.20014840518393098,0.2720330741583913,0.2848218137316234,0.21805410591456606,0.36895994085167877,0.1522394929055346,0.3835282159697358,High_severity,2
963,0.09121837171806327,0.13004486346313676,0.10328427878442775,0.2564847117559328,0.3198015780816919,0.2446421251522295,0.17770851068476307,0.5117573555898334,0.10987050610487259,0.42182553221251895,Low_severity,1
964,0.06647671385114795,0.12403378970251804,0.11771204606895702,0.21325364059798008,0.3237206656655735,0.24650736030631598,0.14201673027941017,0.4666818160963709,0.20572124919022636,0.4459740680835798,Others,3
965,0.0869452404650721,0.1316789058256472,0.10181169939029035,0.22412261412168355,0.2976859830845584,0.19737540926782277,0.21802469046656886,0.49030142673380783,0.1409776867547457,0.38663402981147993,High_severity,2
966,0.09744154588328723,0.08250145244771645,0.14299070991960683,0.24878251587175196,0.33430769549379147,0.21548690264527348,0.18178168779626075,0.40083307089300024,0.14667572522225583,0.604128398548037,Others,3
967,0.09090718235326882,0.14290837381750632,0.034846275140544974,0.2763941269651901,0.41011990396817166,0.14853517014057077,0.14199686771624787,0.8433756236919251,0.1947895759991568,0.4831787828654599,Healthy,0
968,0.0387499889585262,0.13923659709980624,0.13161299184204334,0.27349887610789775,0.3835617294118826,0.13777718490264496,0.10503772436447087,0.4890549306390667,0.16750791689438987,0.46734107574962497,Healthy,0
969,0.10807432779811965,0.08774679802806845,0.08849128407220024,0.24475663013923762,0.41432869178403725,0.19644850503436542,0.11465781539393155,0.6480200138369164,0.25728392971940556,0.6504637258396884,Low_severity,1
970,0.09784485181272937,0.11144139648770152,0.11101702071196733,0.1859319743602678,0.33401477533837126,0.21013756922321164,0.0992567975178644,0.5010827464588173,0.2848037824333592,0.49965269969942844,Low_severity,1
971,0.07398704690527887,0.1141917181413375,0.13452705955256147,0.22836476861904362,0.4409095762035916,0.20636896717725067,0.14331992832516857,0.5324348461901941,0.31757501124725557,0.5885734034322716,Others,3
972,0.054761424169853835,0.09506339332209522,0.1289702031169964,0.22744269482851207,0.2658908677424417,0.24104954361207642,0.12244557425947977,0.3467565549762338,0.07793544942201215,0.4732662634776413,High_severity,2
973,0.09626299139862121,0.06827272338283571,0.06757667853596752,0.25243067436002165,0.3080310559332079,0.22166705382863278,0.12374867459711236,0.6401741906008953,0.09920459965053552,0.637140378941047,Low_severity,1
974,0.0763407485851386,0.08993157636351384,0.08935824378733206,0.23615465848606176,0.4683601177593598,0.2198556066904157,0.1228848925796299,0.6795578200455177,0.3295962939355129,0.6778330134221164,Healthy,0
975,0.036624212202504856,0.10102797180253814,0.1309230780628029,0.286835480511827,0.40666306819419706,0.13566757840854507,0.06284930893472217,0.5129224256451972,0.17278707778978394,0.6020100264003564,Healthy,0
976,0.07801625001340727,0.09039427257594704,0.08470290564083605,0.22416464720686666,0.3477738491145886,0.2752396098433885,0.12154425024196978,0.6082892099542438,0.21612324175193828,0.5873991369924912,High_severity,2
977,0.14048094899606525,0.1178017518217147,0.14439845028763962,0.21897479105637524,0.3937747622040928,0.2526684983681839,0.11489350072399013,0.46337555665739155,0.28527147872666575,0.5394559812971713,Healthy,0
978,0.08405283436233214,0.15614545981058264,0.12156351753400879,0.2088735734393199,0.35485762106607704,0.21163559305028265,0.15934079645057161,0.48968042059925976,0.2589603858179957,0.38886685558644873,High_severity,2
979,0.07129695777582566,0.15261897319837184,0.10705600278168304,0.2726156579165847,0.3294009827985776,0.17840948233909917,0.15620693248239706,0.5094315989038221,0.09432517482329904,0.3667524703091848,High_severity,2
980,0.048488146056447315,0.10903294074325308,0.05786305111638331,0.2685811931620081,0.34171355360027744,0.1351277637411887,0.11933464672090602,0.710378183140057,0.1198312140588602,0.5162116972110933,Healthy,0
981,0.12501709222022853,0.08373932425529157,0.10952849316967109,0.24939186749736955,0.3560413820308668,0.21564664750520415,0.14575102161995662,0.5294863391988445,0.17615404277284133,0.6191769076799667,High_severity,2
982,0.09470520753923946,0.13624055710908228,0.03965470409116253,0.20664339337153695,0.3867961330355595,0.2709519517904265,0.0978010015791049,0.8140244987753235,0.3035738801470374,0.47904015272272393,Low_severity,1
983,0.1138931424607355,0.12986492646039283,0.0975077590546893,0.203476145325373,0.391970598609812,0.2226618861500031,0.14291900170425145,0.6015850035946916,0.31655971789973686,0.5022764061801981,High_severity,2
984,0.07812996498224492,0.12508865056727045,0.07978779874108023,0.2242175533591278,0.44351005635638185,0.16821820621494135,0.1261846581349357,0.6950578032611272,0.3284161083150138,0.5600107807347984,Low_severity,1
985,0.11390211079572607,0.1784753558571683,0.08630289129286248,0.22290443689084913,0.33548248917451273,0.20871108204390962,0.1583520650534248,0.5907734345973238,0.20161298022670002,0.30548640289295764,High_severity,2
986,0.06163030318139065,0.10257211126338474,0.12442541921041782,0.22419324156454387,0.2955227327893467,0.16748382412933774,0.15553678206760851,0.4074248517684269,0.13724706328967365,0.4846850553543061,Others,3
987,0.08302908773090212,0.050360557272829884,0.09555758569354893,0.21641099536074773,0.41865031154522236,0.24174528894123626,0.16258648721623803,0.628330929156551,0.3184563663149124,0.7852478028931703,Low_severity,1
988,0.08156982503061326,0.09109751864185674,0.07488628353910975,0.22856861682247026,0.32261388256680523,0.19472077242435884,0.1596780237528766,0.6232138251778435,0.17062454967009938,0.5596083725238685,Healthy,0
989,0.11114484527878984,0.1358437127381641,0.09531424862708432,0.20471691884467796,0.35651766314462247,0.28864864442822363,0.1343017935054625,0.578098641800923,0.27047646237672235,0.4481950884364107,Others,3
990,0.08496471015099107,0.12118761984987365,0.1084076448269174,0.2287044948571556,0.3430586079481048,0.2284021277169005,0.09888365857129486,0.5197530528115029,0.2000026103991142,0.47791662013198005,Others,3
991,0.06309374616719167,0.08887195902904828,0.09816806064747956,0.2696864585442356,0.3401706836183085,0.2320206423017966,0.18148933107714266,0.5520904235289087,0.11557497682840426,0.5857196921934175,Low_severity,1
992,0.07978389383379382,0.08550623042349847,0.07974613191400268,0.18785728069841623,0.38232471860180567,0.1992740346820067,0.15881149872487843,0.6548315834033578,0.3410620435967063,0.6344567173178891,High_severity,2
993,0.04441766794507503,0.11547621277507979,0.10915849384284743,0.23779686621065627,0.350668709916546,0.1787528931328432,0.12612836534843982,0.5252195044120744,0.19180704578969532,0.5045480186363754,High_severity,2
994,0.022116352976640684,0.08390782194848237,0.08681892699225885,0.2850474506292156,0.39158404639026084,0.1608401846011793,0.14221657625970952,0.6370468754472373,0.15745142848113475,0.647069371589312,Healthy,0
995,0.1026318725932685,0.14083567825737595,0.08025720700373222,0.2158196621412606,0.29695805929017366,0.17858092466666728,0.19463448830032248,0.574475297395837,0.15823307791612473,0.35661172749379716,High_severity,2
996,0.07498497930532312,0.11626215041755779,0.10169903601907392,0.20767502951749775,0.32675657782706646,0.2548703274349731,0.21160789668191438,0.5252762118990728,0.22281905986296435,0.47513663416341795,High_severity,2
997,0.07472078429421156,0.10771858417373859,0.12008996772559369,0.2567830148349628,0.31317987413977,0.20086842947198028,0.16016050366930254,0.44565738889848233,0.09894830066261971,0.48814930515376803,High_severity,2
998,0.10117105144066402,0.10720334649218026,0.12507035233695613,0.19469289470473775,0.3270163026438213,0.25527822444017473,0.1906506963923205,0.4466974374977997,0.25363441666656494,0.5062252631566049,Others,3
999,0.11020886676054777,0.12883479763830527,0.09529236645606196,0.2303699775227049,0.3429151402154848,0.21596301013368832,0.11378957914658666,0.5650810859911297,0.19631621196937735,0.4538004680003364,Others,3
1000,0.08874064308677776,0.12047312554322483,0.1153394412838022,0.20484086082728636,0.43069650834321405,0.19312306865840018,0.14259068108785355,0.5775390196832727,0.35537744666488,0.562845562830674,High_severity,2
