sample_id,uav_Blue,uav_Green,uav_Red,uav_Rededge,uav_NIR,NDVI,NDRE,GNDVI,SAVI,class,class_numeric
1,0.05322018836310356,0.0998651479935134,0.08388925022461005,0.2570904181252033,0.3941215513067082,0.6490068845479265,0.2104247765916293,0.5956767737472215,0.4758111576012543,Others,3
2,0.07227375351497085,0.1377818480991461,0.1852521613163141,0.18943970093478538,0.3013685690809898,0.2386178814656578,0.22805008591767797,0.37250726535172973,0.17653654163223884,Others,3
3,0.06674772685639392,0.13823553338902497,0.13710411308613066,0.19797204382436726,0.3114430224990065,0.3886746689073109,0.22274759067021496,0.38518067371019943,0.275693588972777,Others,3
4,0.06065278051073041,0.14383433984901708,0.19988099506547619,0.17186393828755148,0.2741162488934386,0.1566153701821882,0.22927545560312199,0.3117160558055876,0.11432566306793443,Others,3
5,0.03695411175735727,0.0951725061482436,0.09043370453435808,0.3145082140072088,0.5005515222797602,0.6939561246839693,0.2282572675225962,0.6804812241689,0.5638726460252215,Healthy,0
6,0.07894495906688584,0.12460441792327233,0.10582887051434225,0.19757639334025207,0.3311399608847292,0.5156227954497208,0.2526185666041317,0.4531828642662586,0.36070211113739226,High_severity,2
7,0.051833146723406553,0.1184957948950582,0.10904462845810727,0.22613228765443388,0.40614756624388165,0.5766836936604455,0.2847082308246345,0.5482805895501371,0.4389852571802761,Others,3
8,0.09276496684543688,0.13205023494710322,0.10676518214058028,0.2261060746999187,0.39352984988497225,0.5731911160168096,0.2701970117326796,0.49750670256353524,0.4300201319060433,Low_severity,1
9,0.06180733608902626,0.10198245879458749,0.07956574817200941,0.2901953004275104,0.37448810078777456,0.6495316652230092,0.12681646661575424,0.571925455860368,0.46368821781494163,Healthy,0
10,0.06915324833803894,0.11096546745781101,0.08422808419410079,0.2595404680520698,0.4210805776089288,0.6666271902264241,0.23734221941370634,0.5828726912390017,0.5026105506899945,Others,3
11,0.09256858651227434,0.13883823850090532,0.1912533975793581,0.1656378529099147,0.28060898472055146,0.18936789727899966,0.25764021639038154,0.33799424187580096,0.13791395073302498,High_severity,2
12,0.09069068951609824,0.11444618803300888,0.13368038084598624,0.23884448752183182,0.3360745122131137,0.43085050173530437,0.16911951898634026,0.49193815968728566,0.3130597218159016,Others,3
13,0.06838512720311014,0.14323817620950086,0.14982384480134264,0.2369333479855891,0.29662765055568013,0.3288236399274236,0.11187905925150538,0.3487187797111256,0.23266454721849184,High_severity,2
14,0.04041251963841418,0.1190412527570281,0.14084132737952604,0.2169978215404896,0.35060411090383675,0.42682822381467195,0.23538730530388394,0.49305896760437795,0.3173590428044698,Others,3
15,0.058026535971590826,0.12384825544107335,0.1278618933699124,0.2592127280561975,0.37577089716344686,0.49224158643640503,0.1835609053177257,0.5042293523158549,0.3705174932483849,Low_severity,1
16,0.08043936819862538,0.13091272492311662,0.13346641595968559,0.22624747219374197,0.35549796085377505,0.45408531873231794,0.2221770577259966,0.4617193710947211,0.33676371480057254,High_severity,2
17,0.08636109728721968,0.13889245220369056,0.15893517554418216,0.16316710281335028,0.2876430307253107,0.2882089931264095,0.27611608225147743,0.34874139309619956,0.20395756155485345,High_severity,2
18,0.07254370219031739,0.12016349454824488,0.1676052345886418,0.21866619720515348,0.33915052953871255,0.3385167117841785,0.21599268461679194,0.47676975556271933,0.2555912283731961,Low_severity,1
19,0.06645746537365249,0.09510603952370153,0.07218323582921553,0.244650780449401,0.43777350088716477,0.7169044719597016,0.282995089300636,0.6430486355307548,0.5429790976689366,Healthy,0
20,0.04871250349065168,0.07026635753518681,0.06032314298751222,0.28434327940088255,0.40645170934561675,0.7415321640144372,0.1767650778218721,0.7052079104324952,0.5370359482191563,Healthy,0
21,0.0793559596087671,0.13146623180063516,0.13334008234564096,0.20412298007999596,0.3310848208982927,0.4257840980779376,0.23721971276619547,0.43156012278624795,0.3075585323764226,Others,3
22,0.04430106340723754,0.11216418195053958,0.10494876448964405,0.24832999518996948,0.3820588696110954,0.569005669968882,0.21213711391194615,0.546098946230348,0.42113672004258484,Low_severity,1
23,0.04721800148856668,0.12718032469771834,0.13768002612384303,0.22798646724674773,0.39557201945055637,0.4836211983939444,0.26875674981416814,0.5134203562303123,0.3743887966609553,Healthy,0
24,0.10165820896837022,0.13277475673588973,0.18556553330216838,0.17584930653827482,0.27546202156078764,0.19499157330268835,0.2207184017340861,0.34952084773019393,0.14031307604614726,High_severity,2
25,0.08008694527867466,0.16508210661044181,0.14385290335762965,0.20179149852595077,0.3074653088733563,0.3625211681729993,0.20750593573223844,0.30130987409409776,0.2579774097859916,Others,3
26,0.045113085255597665,0.09941416333059705,0.06701365496572592,0.2623530225117365,0.46692085033116787,0.7489817410153591,0.2805089218704235,0.6489210063569524,0.5801729122831752,Healthy,0
27,0.03809560112723231,0.08353615742683684,0.06067253351948944,0.24716599790545865,0.4693606549892931,0.7710613794196998,0.31009963995920176,0.6978236967517022,0.5951576988429034,Others,3
28,0.03674634929128031,0.0805377183034873,0.05958398225981921,0.27237727379939997,0.5325169433430071,0.7987370744298165,0.3231973394804271,0.7372576269555299,0.6495731529878542,Healthy,0
29,0.06084119371253896,0.09920960630966193,0.11221683685206815,0.18743564744658558,0.34732829551901667,0.5116177761558682,0.29899668849347966,0.5556497851430974,0.36753580014414144,Others,3
30,0.05626124924900272,0.15098024584219288,0.15726718244335652,0.21623594045494476,0.29628586660375233,0.30651030668290463,0.15618833198182291,0.32487509497854145,0.21868529123678748,High_severity,2
31,0.027085941845907915,0.11667519486859473,0.048978151649439854,0.2958115845979325,0.45845687509045535,0.8069579391706224,0.21563315872934255,0.5942664269203346,0.6096850604342797,Healthy,0
32,0.07394337429472123,0.14255128963516048,0.1812498039116091,0.20353736932267538,0.2947508276288035,0.23844721245408287,0.18305362010212353,0.3480420788856425,0.17443793587211637,High_severity,2
33,0.05373211405379142,0.10157533728052676,0.13985116245099444,0.22587968354063087,0.4022281664915989,0.4840195706270704,0.2807614694545199,0.596766054543082,0.3776732683684082,Low_severity,1
34,0.06695019410462386,0.13356615443855197,0.08726904504843028,0.26667708708057225,0.4025316260260242,0.6436548571605999,0.2030077258181366,0.5017097279425218,0.477766771922929,Healthy,0
35,0.055855720074524946,0.0995307728595615,0.0936009903122386,0.25604907422572104,0.4259210816590266,0.6396650099693332,0.24909008989245823,0.6211612081919464,0.48893511060173633,Others,3
36,0.04830597756234368,0.09211121101328967,0.046887287872960606,0.26289342788105285,0.4683142998124953,0.8179846918422677,0.28093367199414376,0.6712811632091332,0.6226748712543984,Others,3
37,0.03202359553303955,0.11268813471497269,0.06217826616826557,0.3122036852078383,0.48371536152066946,0.7721964023229214,0.21548884527616374,0.6221077326801954,0.6045601830711826,Healthy,0
38,0.04679799153628372,0.1097840577979852,0.06727811122541472,0.2932596240026738,0.4757335889035185,0.7522038246710334,0.23728943485890597,0.6250017111646405,0.5874173956451477,Others,3
39,0.06418083421460206,0.14683513224654862,0.09323793308924903,0.2634012109028007,0.40884940146810017,0.6285987449914483,0.21636007151013395,0.4715162170702043,0.4724310808472583,Healthy,0
40,0.06854718692776897,0.11767423956624552,0.10551848932985583,0.23196508145594366,0.421418852901028,0.599502707919221,0.28995780502551755,0.5634362925049383,0.4614210876073328,Healthy,0
41,0.08672976529176134,0.1414722986582972,0.18658318150386477,0.18958913806591274,0.2332994475383187,0.11126029705258557,0.10336128938063394,0.24502153594002885,0.07617754356840611,High_severity,2
42,0.09064930199978276,0.12606270672557376,0.15822205889862045,0.18456886835934033,0.3264841792925794,0.3471424692652405,0.2776919374324877,0.4428744926972408,0.2563131732104772,Others,3
43,0.06700189194283945,0.09458228162527356,0.1449632592500778,0.23773316977012668,0.3206075635764755,0.3772665633555678,0.14842978284893063,0.5443901977934257,0.27286083036181735,Others,3
44,0.07137040672476336,0.11204855297096838,0.10378911001811762,0.2285842711175231,0.34726668944147704,0.539794809677799,0.20609919311195463,0.5121060978405172,0.3840115052582203,Others,3
45,0.07287647179363545,0.15367453803845701,0.1922894398867239,0.18700720149430985,0.2603795870455113,0.15041927569075875,0.16400212842823067,0.2577079723222537,0.10720955321395803,High_severity,2
46,0.028506220399902433,0.1112912495483124,0.0608959479037981,0.222856056615783,0.44484097600268113,0.7591793478972518,0.3324635404119654,0.5997669459343073,0.5726323936794008,Healthy,0
47,0.05477480538778914,0.1041700171362863,0.10889494669237952,0.26160914262327445,0.46766516624398285,0.6222598676214747,0.2825494071507389,0.6356641907882975,0.4998841428924615,Others,3
48,0.09444697253578027,0.12996768387638,0.17198159200546195,0.17374116475724236,0.23793379558269703,0.16089223672544126,0.15593037471224336,0.2934647391607635,0.10872253257313748,High_severity,2
49,0.08155057543978846,0.13497878421990822,0.15392402388624368,0.19478906677004984,0.3009920646021619,0.32328608382393254,0.21421347266316046,0.3807898643471173,0.23101722102418615,High_severity,2
50,0.04902356507892372,0.10994099574793992,0.05451903372285302,0.3240432509650144,0.4732299953522246,0.7933903021350813,0.18712122233667433,0.6229545110241719,0.6111087674870253,Healthy,0
51,0.08416837486056788,0.15448249098948305,0.18989832528301542,0.14136670662781678,0.2532230434437416,0.14290603574970953,0.2834750187901226,0.24218595068012397,0.10071564529316594,High_severity,2
52,0.03269043462538594,0.09534669511578005,0.06913452747353235,0.282088484258269,0.4752538633453772,0.7460102800152111,0.2550568837175351,0.6658023070537509,0.5832877971097585,Healthy,0
53,0.0708438183259286,0.10711333011766579,0.14516663925064188,0.21407792632755387,0.35585994892611,0.4205232110379336,0.24876750388882787,0.5372807245424727,0.3157158543499134,Others,3
54,0.08357646045222183,0.14915863696109125,0.18323514494786225,0.18103900433813144,0.25868602454370804,0.1707337978007524,0.1765808519087993,0.26855172549887096,0.1201547677868403,High_severity,2
55,0.0575722088811847,0.07218502528441002,0.11683614892880412,0.2525798669391444,0.3544707831754947,0.5042035626034517,0.1678458234368229,0.6616240826769682,0.36698178463299597,Low_severity,1
56,0.09635897427804029,0.1473977464422599,0.18190148035927514,0.20903216066487956,0.2969887701816111,0.24032080355018656,0.1738201014127902,0.33662367813460264,0.17635371752667534,High_severity,2
57,0.03873761313307458,0.13975322888334393,0.06626482981791194,0.259854549720213,0.45188035395067466,0.7442229247951204,0.2697996167394034,0.527568302617631,0.5681147398430492,Healthy,0
58,0.05718587340142661,0.09640018392632521,0.10769120715213687,0.21781301809416245,0.35088760593043905,0.5303262859954893,0.23399761177423975,0.5689567830268937,0.3805577519435832,Low_severity,1
59,0.09160010537767269,0.12473506157496675,0.1286944949027881,0.18736101910531813,0.3583033840385308,0.47147821184537353,0.31327380702924207,0.48353981879623176,0.3489504294305488,Others,3
60,0.09560584801064366,0.14410077285753314,0.1789849946687482,0.1996136864084433,0.24138219275617712,0.14843498720644704,0.09471405135770432,0.2523624351176363,0.10169397432889035,High_severity,2
61,0.07357009394865224,0.12850070453236473,0.16734270132325768,0.21639471240416142,0.33102137914260127,0.32843193206528976,0.20939586634100238,0.440720221736907,0.24592032258858032,High_severity,2
62,0.07122043863935382,0.13887185778674216,0.10463838297462105,0.22011912765405686,0.385122075779894,0.5726956674259838,0.2726234552268775,0.4699486047806244,0.425078144400048,Low_severity,1
63,0.054597071550923484,0.11237424275529441,0.08752338831120078,0.23640723514727763,0.4326066417295246,0.6634557389260995,0.2932665724337087,0.5876029932259956,0.5074106877402886,Low_severity,1
64,0.015733902653113557,0.10270202842762031,0.09878418396676916,0.24955919539891708,0.41565740903836057,0.6159556874485298,0.24969042043072556,0.6037420330198561,0.46854332559389034,Low_severity,1
65,0.039175562474483526,0.11402298825933613,0.09698841564060418,0.27526348937683237,0.5029499660955578,0.6766720763558106,0.29257586735057856,0.6303792979756839,0.5536149440673805,Healthy,0
66,0.0678466769247395,0.1243994642321372,0.12659274784225266,0.2313076166447875,0.35601498522433894,0.4753803589600375,0.21233197595780604,0.4821160588617668,0.3502245550206833,Others,3
67,0.050371205703828054,0.15527861943940038,0.0729985366283774,0.21765558231646578,0.4127898899002707,0.6994636650773626,0.3095181362754256,0.4533102367533172,0.5170349095116181,Low_severity,1
68,0.0912018037032976,0.15015409151525017,0.20160717337297002,0.15851139759831123,0.2634257040725807,0.13293367780614357,0.24864916135320547,0.2738809143138506,0.0960877066643234,Others,3
69,0.06142444894042929,0.10237402489941066,0.03885055980205024,0.31032806647299577,0.47505599927624076,0.8488030202543824,0.20974188296791926,0.6454149572649552,0.6453337867802096,Low_severity,1
70,0.05960703399385826,0.09250153534804734,0.13704870196735636,0.22994651832021917,0.40605995633475195,0.49531755801572225,0.2769051024363754,0.6289262733235732,0.38684069808020477,Low_severity,1
71,0.06609827207161188,0.12839640064055216,0.16316657700701018,0.22118039886557095,0.2739746053075368,0.2534833888535219,0.10662157505634103,0.36180093126731433,0.1773607281245289,High_severity,2
72,0.047129042382789484,0.11108765220378547,0.08716197225063183,0.3039346196332742,0.4905153939238124,0.6982330367975293,0.23485527233505565,0.6306945155320102,0.5614204691497942,Healthy,0
73,0.08265412192160705,0.12585646955390672,0.1638163234896151,0.14790832259491493,0.21885579385200488,0.14382931984891598,0.19344169201830264,0.26978826740662826,0.09353326554851603,High_severity,2
74,0.05845450115049419,0.08202935817789911,0.12475398285918857,0.2372302372839632,0.40689113882760297,0.5306870023997512,0.2633989614936384,0.6644470474021628,0.4102241410890006,Others,3
75,0.06984101073386437,0.1304954865042552,0.14851925353889095,0.20406768821074225,0.31937797079533325,0.3651629211939843,0.22029083745492026,0.4198569202656777,0.2647885224187446,High_severity,2
76,0.10421563333314401,0.15533746329173928,0.15697498122695536,0.17647174538569577,0.3055319008289045,0.32119937100526647,0.2677576330734807,0.3258937330836514,0.23151562192153896,High_severity,2
77,0.028808853133768603,0.10947248354933461,0.07654426081904966,0.23665018759969814,0.4115758138689709,0.6863711828776045,0.2698528381659302,0.5797990931291791,0.508589332863773,Low_severity,1
78,0.07671376891146307,0.13460666185947062,0.18305754584784026,0.2142887997450177,0.2703068904403949,0.19244858574898052,0.11559758336675255,0.3351338274803635,0.13727595860232428,High_severity,2
79,0.06928240704590312,0.09731469135830588,0.14812208683270434,0.19833809661582627,0.3199301737397396,0.3670703068433172,0.23461223478044144,0.5335367814032242,0.2662171670444305,High_severity,2
80,0.07086677414624086,0.14507239270489394,0.19749836919039096,0.20889536617799784,0.3024621414774812,0.20994412568079504,0.18297722023966612,0.351681796043139,0.1574518761000648,High_severity,2
81,0.09053557624598124,0.1476043261457759,0.1843337527242344,0.1800048449034625,0.32265920311214996,0.27283505381198164,0.2837966207685828,0.3722484651161659,0.20604729594115045,Low_severity,1
82,0.06775195053879289,0.08486544258647216,0.09507014524813563,0.24910720989869634,0.3889218556987989,0.6071416673741299,0.21913522962965695,0.6417572066890911,0.44794832199023693,Low_severity,1
83,0.06907734789808842,0.14259847071439938,0.12389327120558999,0.22821575906890892,0.35372633469654247,0.48120525340839304,0.2156753686874899,0.4253824545548064,0.3526418590166254,High_severity,2
84,0.08041948346256965,0.1538865151204144,0.16047533407724618,0.16575963466716329,0.27499972057235855,0.26298724868927764,0.24784518945906647,0.2823900497909707,0.18363566071466614,High_severity,2
85,0.08582886453677856,0.16359155499528016,0.21361540482726704,0.17927551593672736,0.24547177392690653,0.06939067474305909,0.1558485705969581,0.2001651410488616,0.04982295114353419,High_severity,2
86,0.07755890180729474,0.1453324863587823,0.15477641068903744,0.1503856493860406,0.25222686175011233,0.23943407254948915,0.25295093805376484,0.2688765234670091,0.16116333979535796,High_severity,2
87,0.0548270176237207,0.11872623338564561,0.11950592991825917,0.2646451646768491,0.382315598831594,0.5237114269849102,0.1818818710374686,0.5260825513899653,0.3934977359310017,Others,3
88,0.06416164817196059,0.1295119783487207,0.13712899278341756,0.17666001281611315,0.337820209314335,0.4225530133422812,0.31324857509752657,0.44573910478386214,0.3087718048782945,Others,3
89,0.05385536076871779,0.11601824761484883,0.08742645020473662,0.2651503522839254,0.38806464934521273,0.63226882569417,0.1881682091726848,0.5396858401087908,0.4622874559478472,Healthy,0
90,0.061753113865076224,0.07797611636771143,0.08354068257302107,0.2814840662623726,0.46654209517707446,0.6962614139104211,0.24739512928075894,0.7135959286045,0.5471017438615713,Healthy,0
91,0.03903794633604557,0.08404539022435147,0.10131329801671923,0.2738029154209278,0.434666812950459,0.6219512778789534,0.22705825116807926,0.6759459688438159,0.48266396922793003,Others,3
92,0.04898060999774238,0.10486617364340163,0.1145336689230685,0.2135837754128487,0.382672659131905,0.5392911857292166,0.2835841660109831,0.5698140677473723,0.4033352717463723,Low_severity,1
93,0.057479670969334574,0.13420696221267592,0.15984746259737842,0.16891342757334646,0.23754991297336528,0.19552834304552286,0.1688626711272402,0.27798531152644496,0.12987967063069722,High_severity,2
94,0.08232143464039557,0.13413165285294795,0.15621406930803614,0.19683749485245505,0.28201003310952644,0.2870585234986126,0.17786985059643814,0.35535584452338054,0.20111820322673402,Others,3
95,0.0656959301601711,0.12210068556869542,0.11591657028733969,0.24018657544988312,0.37740439182914404,0.5300561736114944,0.22218235636413705,0.5111133356050105,0.39486907784264663,Healthy,0
96,0.0895205234372356,0.1589053630670913,0.16839691805704465,0.13768085911020733,0.3145927576084707,0.3026893677385166,0.3911612173661362,0.3288025606506165,0.22308856822801343,High_severity,2
97,0.0357400523669164,0.12270026695143887,0.09767949531374383,0.26363224104665034,0.41290612647587166,0.617382506889345,0.22064363618557373,0.5418267277719079,0.46788707116756095,Healthy,0
98,0.09754633614295409,0.12026657377766402,0.15742109117074882,0.20507310320450248,0.3265093735509918,0.34940615379002543,0.22844295223513345,0.4616246711723989,0.2577747439114945,Low_severity,1
99,0.05651327266829294,0.12216202193000174,0.12879210087447873,0.22764470239767612,0.359377228551525,0.47234660962451586,0.2244081851266449,0.49261863157429886,0.350018646820863,Low_severity,1
100,0.05535232395561128,0.09328315190850388,0.08319366493551583,0.27317162740428763,0.42937816842273013,0.6753872939507769,0.22234230505264255,0.6430455123429216,0.512829547616996,Others,3
101,0.07661401394813172,0.11880997204868603,0.11094737448975944,0.23066256871054852,0.3880155469143705,0.5552880996546085,0.2543373916578279,0.5311602608654507,0.41603371830132707,Others,3
102,0.03225256234098399,0.09974245382837163,0.08831506766932468,0.2776972204625189,0.46923108442893746,0.6832008710419367,0.25642871305332615,0.6493951049679054,0.5402828273789888,Healthy,0
103,0.03744543282366884,0.043670909003909665,0.08520314653891614,0.25007250244251183,0.4611402216192641,0.6880967116846282,0.2967715734489853,0.8269811961158651,0.5389297909090145,Healthy,0
104,0.044697709660194464,0.12922583863257603,0.07089971951388133,0.29553484620946135,0.5216944626822057,0.7607140885145549,0.27673948304603,0.6029442056990535,0.6188867978349997,Healthy,0
105,0.10674894063987217,0.13744724664211697,0.14156063092227303,0.19005255423937248,0.3258589213626431,0.3942887915994383,0.2632357944060046,0.40666774528801514,0.2857575443949041,Others,3
106,0.08714546094484697,0.13330280770554612,0.176091122494452,0.16654364821702555,0.2922075214992916,0.24795373741545768,0.27392600079902607,0.37344502092509685,0.17987694146598926,High_severity,2
107,0.09269852558355784,0.15901717645964047,0.17100148701641465,0.21600034738649185,0.302388942075041,0.27754565150543686,0.1666481087568065,0.3107279246116543,0.20246879021801295,Others,3
108,0.08908392362836268,0.12632754750597813,0.14854008709466643,0.23142229918772123,0.3482412874393047,0.4019901119118592,0.20152894014153172,0.4676112791075144,0.300519058812679,High_severity,2
109,0.05876958665164163,0.10921195024386975,0.08357205809591274,0.2590490921327791,0.42933196430934534,0.6741220405954219,0.24736716762176436,0.5944176610575063,0.5120325794427969,Healthy,0
110,0.03703610481001585,0.09338100772753638,0.10480288234329879,0.28614322533408215,0.4627748386796129,0.6307012116176132,0.23584904922563169,0.6641912214686162,0.5029684714570278,Healthy,0
111,0.06805025538581354,0.13317973202884376,0.09528447094377605,0.22817741942015696,0.420491387683358,0.6305198494656209,0.29647482067456876,0.518921152694146,0.48023426720208745,Others,3
112,0.025000098756272467,0.09199813683267064,0.08545864849585477,0.2965736876229634,0.4712850420274228,0.6930054172126024,0.2275305960043031,0.6733503137130931,0.5476631613582401,Healthy,0
113,0.08275929460577865,0.12050081325707689,0.0996705007046106,0.23286526050582682,0.3727944468806966,0.5780829828159292,0.23103598385086055,0.5114454851099848,0.4212860528098266,Others,3
114,0.048894902066983804,0.11585053833741939,0.07725728834686174,0.3063990041811024,0.4538631168610963,0.7090780636958884,0.1939648294957061,0.593302574792414,0.5478591442067526,Healthy,0
115,0.03491735810071992,0.13084114066387378,0.1612263609931433,0.21437471660819035,0.3797004319573103,0.40388842595966257,0.2782909127714365,0.48744177680920653,0.31482627660814666,Others,3
116,0.0440716927852994,0.09897409813380668,0.07491955894692733,0.2723255030648445,0.4508716348246036,0.7150216289872603,0.24688445571123463,0.6399932119095194,0.54974941999952,Low_severity,1
117,0.05155132855389509,0.1111006102287457,0.057151796724442455,0.3108052161747604,0.44258596390992555,0.7712728505770952,0.17491676464854836,0.598687721834048,0.578302904565061,Healthy,0
118,0.07935566686523413,0.17871719245147286,0.1590835812611577,0.1799994547953153,0.2301346585800267,0.18254816975653684,0.12224099910174807,0.12576062942807234,0.11985428458748015,High_severity,2
119,0.06787510726368853,0.11791520177011008,0.12412025841182565,0.22379706728531082,0.35263884352045494,0.4793166699543962,0.22351448586026468,0.4988239801559969,0.3509338965819117,Others,3
120,0.06766320549632211,0.1371875959287321,0.15203856528699872,0.2450148780409674,0.31098639319095234,0.3432813393611537,0.11865353293853684,0.3877931372224448,0.24757586992631325,High_severity,2
121,0.03281354335568558,0.10274180444925046,0.07403386709656078,0.2546692156116821,0.4253916003383248,0.7035238612207407,0.25103987867342875,0.6109248022644012,0.5273395736205646,Healthy,0
122,0.06803366221816029,0.14432565097815064,0.11815548696730552,0.21781117861576116,0.3514907063004138,0.4968319187463248,0.23481307760703418,0.41782618157123774,0.3609593183882347,Others,3
123,0.04580989527339022,0.08752936269359965,0.08964674079919521,0.29172666277596077,0.47408638370136463,0.6819532615592958,0.2381256388412851,0.6882944851334587,0.5421091541395828,Healthy,0
124,0.07096387435784628,0.12799862048903807,0.17275673937266767,0.2069477877829587,0.3086020576460472,0.28221218582632024,0.19717641420006374,0.4136581691270988,0.2076386109026578,High_severity,2
125,0.08345338048893133,0.10140941983817042,0.13570388894947816,0.21577264307804195,0.3558403417467441,0.4478466820482566,0.24503939271364958,0.5564375168325245,0.33302062477237404,Low_severity,1
126,0.03350256826208728,0.07668805017690755,0.043802936257464,0.2859306336509571,0.48395028190298095,0.8340022012176637,0.2572081529122545,0.7264259477499309,0.6423925576705971,Healthy,0
127,0.05850230500250597,0.09992618121695178,0.11727155888219282,0.2540172730735911,0.35263744077208026,0.500875450487336,0.1625639188943604,0.5583994101082499,0.36400200736427485,Healthy,0
128,0.0650424595810657,0.1182331290016163,0.11719148387559941,0.20984622703228636,0.36108454137243584,0.5099420514970467,0.26489781723051126,0.5066606707432714,0.3739635612070719,Others,3
129,0.03122205675365881,0.12841942770170195,0.06312987192561265,0.3152769693864375,0.45715327818341,0.7573249415731258,0.18367523701114935,0.5613886152443125,0.5792853771264779,Others,3
130,0.037911841043779954,0.11452813597124088,0.06478883955631813,0.2571276125518866,0.46680997273074365,0.7562491184749588,0.28964148904769965,0.6059844202302166,0.584560288921536,Low_severity,1
131,0.07771558670539697,0.12140600775964916,0.15302848655283352,0.20673518722730444,0.33926910605833016,0.37830901938331624,0.24273420641711407,0.4729213533873733,0.2815293832600416,Others,3
132,0.10150654979417363,0.12435887249145437,0.14137687759184114,0.18765692337856368,0.2621676281867462,0.29932448308732346,0.16564392616832155,0.3565311963176966,0.20052816959606093,High_severity,2
133,0.07621460625806735,0.14573727246679777,0.12844779299800246,0.2109672947101018,0.33323467753465996,0.4435665150994065,0.22467280359205835,0.3914580072325562,0.31941970059498265,Low_severity,1
134,0.055097674144261165,0.149865505684634,0.16858200714345603,0.19063630901781603,0.2674985526089176,0.22683089913852356,0.16777209077296815,0.2818475730882097,0.1585064625607039,Others,3
135,0.02626208505655677,0.11872777885894964,0.115132823054338,0.20295684709384626,0.4106222409526124,0.5620286672015167,0.33844926905827377,0.5514205179355076,0.43210522901635745,Healthy,0
136,0.05220934880844504,0.0874573498477885,0.0655735178088831,0.2872320012588856,0.5068927944647943,0.7709087280666586,0.27660739771478043,0.705704286657689,0.6172491456449026,Healthy,0
137,0.048719045727817115,0.11872232156311624,0.06877080267588304,0.264213745849336,0.45544721654761966,0.7376251858806774,0.26572716972357013,0.586455519901792,0.5662999575494048,Others,3
138,0.0676609764191554,0.09185903484116685,0.09287489035055635,0.28432629278560884,0.42873713369233807,0.6438928319531267,0.20252173305258625,0.6471006112091472,0.49313570431461534,Others,3
139,0.05945103845586748,0.1319040401761486,0.16887247284450468,0.1920109678359763,0.372409648584951,0.3760278931861469,0.3196174546084245,0.47689684767357815,0.2932017724375701,Others,3
140,0.07638685479389404,0.16271105064691005,0.14132562328837173,0.19834100295404605,0.3564878838432082,0.43221458934412904,0.2850372153513201,0.3732227096856383,0.32345061329150265,Others,3
141,0.06579384484977419,0.11184805118589965,0.10268573144461438,0.2382398534432868,0.444496395631828,0.6246743950016883,0.30210281418036855,0.5979179739254453,0.4896149227758859,Healthy,0
142,0.04212231921003886,0.0873561172532959,0.048992740193523315,0.3078733358483896,0.4709608290045667,0.8115495571303283,0.20939951085346645,0.6870733806709501,0.6205695556457594,Healthy,0
143,0.04694701945564442,0.1106275860981737,0.10898173073150468,0.24884370146733842,0.42614504250069307,0.5926881771463293,0.262673033613953,0.587804667361881,0.45960067883111777,High_severity,2
144,0.08249705783798428,0.13358255385253412,0.16942361216023782,0.19310306607307268,0.2913310399304996,0.2645820877056587,0.20276849346503806,0.37124838646257535,0.19033073767320413,High_severity,2
145,0.05895500628468563,0.08401973049485278,0.10308667512648254,0.2845631371154269,0.4532094409511848,0.6293820066430588,0.2285884686548098,0.6872108405107625,0.4971940545301007,Low_severity,1
146,0.08506842544734486,0.15480406060486696,0.1838735960680798,0.17040432796752603,0.250935722352167,0.15423341552968076,0.19113159151031936,0.23692934680127226,0.10760824420976596,High_severity,2
147,0.0627158705864408,0.12000101344823819,0.09225743407529298,0.24158561928787511,0.43166803854917835,0.6478222995604591,0.2823340312356811,0.564952889730707,0.49721969061467847,Healthy,0
148,0.06778998399703984,0.12533624744080443,0.16006480521289762,0.17938394527364243,0.3483335178904366,0.3703173360768,0.32015156671869316,0.47078637221797004,0.2800511093148353,Others,3
149,0.04331578298472822,0.10744929542889854,0.10098297125816584,0.2632770100351221,0.4376176652876983,0.6250172598911635,0.248740162239466,0.6057390993296109,0.48618499091589973,Low_severity,1
150,0.07711755393696304,0.0916491385566984,0.10656014509524239,0.2372853409691092,0.4089383180712646,0.5865743442155588,0.2656247178524163,0.63383365946058,0.4466449491708032,Others,3
151,0.06309902833470504,0.12417652580084378,0.12967912655974673,0.2228475593361979,0.32950056397844285,0.43517046057610237,0.19309019102340808,0.4525774891509047,0.3124880135440174,Others,3
152,0.06112462825572174,0.1150995941685538,0.14550681308141727,0.22403836906747474,0.35786528730556005,0.421871760593978,0.2299812293193331,0.5132848180616835,0.31746718013522757,Low_severity,1
153,0.07310642785419234,0.11550979094792144,0.14583512370867774,0.21263366010645654,0.329126209325599,0.38590738417793186,0.2150261689579654,0.4804298757776477,0.2819974691403643,Others,3
154,0.05313708443686825,0.13317962580121867,0.09223610259254235,0.2749051450180604,0.42035392096545704,0.640117449214827,0.20920083327736833,0.5188019711572919,0.4860572552650486,Others,3
155,0.07548309658701358,0.14514535260749015,0.163440005855305,0.16898134348039767,0.3304221941554871,0.33811494035488676,0.32326733494786736,0.3895910114327858,0.25202013161135756,Others,3
156,0.04899781579244465,0.1096343536874396,0.07837070728809718,0.2547097732633734,0.4608344598371324,0.7093102512131687,0.28806700835335586,0.6156341903772894,0.5520523251540179,Low_severity,1
157,0.04779036147761759,0.11317200343969322,0.058682119238890516,0.2911495195686921,0.4686400406360832,0.7774335171015614,0.2336048431878356,0.6109671341731335,0.5985823202437565,Healthy,0
158,0.07328923408245226,0.13899522584124016,0.14728756124493964,0.20007718174574488,0.3755385303835,0.43657149632228576,0.3048237651274505,0.4597235879679417,0.334735744922916,Low_severity,1
159,0.037820146813676375,0.11513534629387828,0.12899280648896633,0.17188904045962933,0.34777947923265473,0.4588913393163001,0.3384666034363154,0.5025635821323289,0.3359841530240381,Others,3
160,0.07246131540088603,0.1059572490047222,0.07157009583928842,0.28528086675066017,0.44437888461826713,0.7225690967513168,0.2180441192886416,0.6149362452100637,0.5504343170034127,Others,3
161,0.05588571310055728,0.10714835017165647,0.10213409909306148,0.22984589022230306,0.37333981081441064,0.570390311792557,0.23789343869637528,0.5540021217098687,0.41703685096058724,Others,3
162,0.08496313926795826,0.14217175577316324,0.16599707064630198,0.2029548476212406,0.29051463188685056,0.27275874977488873,0.17743708152506782,0.3428415599481459,0.1952682244934157,High_severity,2
163,0.02476386709091993,0.09668666311656632,0.04465789376900796,0.32421340405622034,0.45575096267924353,0.8215143749214353,0.16864560002089946,0.6499635122525006,0.6163875893248356,Others,3
164,0.040197836813728086,0.09127990402549988,0.06561814121021221,0.2839556972888255,0.48710709813174624,0.762565062929519,0.26346933356071595,0.6843639165989293,0.600568326620059,Healthy,0
165,0.0536082083483877,0.09607171764925221,0.09994471711927422,0.2592225201494191,0.39344952553289336,0.5948687338464421,0.20565765957258283,0.6074870335565602,0.4431847837622135,Low_severity,1
166,0.059919425656852765,0.09493284443378286,0.09203421703266575,0.29668428025902344,0.48074646871718535,0.6786406409211236,0.23675702138171364,0.6701884460146049,0.5435112556293153,Healthy,0
167,0.06017027400468119,0.11957600242694466,0.14748689176325813,0.25558848216002994,0.3506092059563102,0.407797441343159,0.15674873998866864,0.4913663794822039,0.3052646653821343,Others,3
168,0.08581552813554055,0.10570669823507997,0.16425211646125165,0.17594586660653141,0.3207563916015237,0.3226835664499631,0.2915439231490972,0.504263319596635,0.23832932486248828,High_severity,2
169,0.05781362036466628,0.1283573254894243,0.14443769130238426,0.2281034361607853,0.3332643025253316,0.3952811871475002,0.1873297290127069,0.44388513145956277,0.2896996412225091,Others,3
170,0.05004702230320762,0.12305427117850758,0.06674656158690817,0.27012357327947545,0.42152056895941636,0.7265981778776502,0.21889435106015667,0.5480721395526031,0.5384789138586225,Low_severity,1
171,0.053432848297166144,0.1475806874636235,0.06077315477121303,0.25032930407699083,0.429038713651767,0.7518510322468054,0.26305243242422854,0.48811750982312063,0.5580841733095612,Healthy,0
172,0.05855995234723429,0.0879166104405293,0.05347206654959944,0.3142137096222619,0.4384125696082925,0.7825828959925666,0.16502062632333933,0.6659253798834629,0.5821349918521423,Healthy,0
173,0.06288807492310165,0.13659888974951967,0.16602045834035759,0.1637735500816878,0.2710653932526499,0.24033021094012647,0.24673926936775722,0.3298461727205437,0.16814617582858638,High_severity,2
174,0.059000523616151,0.1151048680787444,0.15081637597160763,0.243979661450134,0.2702906125094622,0.2837146848804323,0.05116171863628912,0.402666227932582,0.19456084586037736,Low_severity,1
175,0.053375334709526434,0.1372212246346702,0.16331383970233623,0.23956355933159304,0.2986479557355688,0.2929552126814859,0.10977913840547017,0.3703559195531521,0.21102831215603368,High_severity,2
176,0.05565569030712139,0.12748163160148587,0.14992336470788553,0.22526543584062136,0.3159043573786219,0.35631411528554874,0.16748703026977732,0.4249631933804509,0.25778043362458447,Others,3
177,0.03934465315978615,0.08873117950710847,0.06017760155814608,0.2856172330396363,0.4867283541021567,0.7799343710364569,0.260390069433515,0.6916162672617859,0.6111591259526897,Healthy,0
178,0.05755404565156607,0.1316894366107233,0.16677792239435332,0.22043553075067066,0.2716617418626773,0.2392206454360318,0.10409773425478061,0.34702341959609423,0.16764607805344825,High_severity,2
179,0.045382899601313434,0.077351222069487,0.09279386307935188,0.23651656885072217,0.38210482087314235,0.6092056423191335,0.23534306191288787,0.6632921766614112,0.4451400374562742,Healthy,0
180,0.03646820504923652,0.1286693858020237,0.11714697611030879,0.21595461901121915,0.39185199790954534,0.5396966120181635,0.2893969463337657,0.5056134490208691,0.40838250910921814,Others,3
181,0.03373979538904384,0.0855866031940247,0.06007040096146402,0.30845253006923584,0.45749686109849697,0.7678740315901017,0.1945877008950091,0.6848123398287632,0.5858479458141426,Healthy,0
182,0.05655406071215753,0.09205897382468746,0.07719407483763716,0.2994625249004016,0.450780183351932,0.7075839450872599,0.20169160831168897,0.6608241221819783,0.5451295675033359,Healthy,0
183,0.060773140589577,0.08771569917597782,0.0962376215121654,0.2508656605910337,0.4271229277493709,0.6322320371760651,0.2599708463969631,0.6592497353983638,0.48499813649643,Healthy,0
184,0.07969587008447444,0.12620020563016135,0.1889515074077689,0.1953729436060917,0.2480027301393758,0.1351428082334037,0.11870246756816373,0.3254985807600125,0.09453699075986455,Low_severity,1
185,0.038057220646637205,0.09791480868362099,0.06841586016072639,0.22402559325115617,0.4196049337466944,0.7196190776505925,0.30386896253631446,0.6215997162782428,0.5331705705257783,Healthy,0
186,0.029918379371139888,0.09985231595119945,0.08619660673836303,0.2728048368477655,0.44052198928922687,0.6727033851151594,0.23511964823996645,0.6304327760115367,0.5176570054176887,Healthy,0
187,0.04863350994753629,0.12396004715757487,0.11601512135343506,0.22248959322508208,0.39961729239256116,0.5500084235953994,0.28472229332684895,0.5264881124760562,0.41885553355830574,Others,3
188,0.059561142548767,0.1356817188181163,0.10532284516455608,0.262138383352048,0.4239565426291253,0.6020141815701615,0.23585389302458953,0.5151092119139987,0.46435452984380443,Low_severity,1
189,0.08789025261981283,0.14595722165725172,0.17190112389629164,0.21497864803102024,0.3252200473624882,0.30841358672770214,0.20407564896313288,0.3804572875049418,0.2306423650687979,High_severity,2
190,0.0875177235336467,0.1484596455808211,0.15558034139622473,0.2088035240041342,0.2980458567871208,0.3140592760326305,0.1760726877946821,0.3350153814745905,0.224090187007696,High_severity,2
191,0.053037705961866057,0.11825599078362634,0.026481592778838235,0.29259217166219786,0.4097773627749644,0.8785969092819125,0.16684264531301443,0.5520889353422082,0.6140861474100473,Healthy,0
192,0.0782664128374376,0.155086132470344,0.1454082637711442,0.1381251984480864,0.25533901141669807,0.27431439825517473,0.297902096378455,0.24426592873156386,0.1830659120605647,High_severity,2
193,0.06323906103212952,0.11698274771765305,0.13791972153410573,0.24756836507874885,0.41286424304689445,0.49918759294662507,0.2502842469230397,0.5584281886782003,0.39248484576335735,Low_severity,1
194,0.06355953834909037,0.13803545704527062,0.1507008229968074,0.23582414252376319,0.3828002571638377,0.43504960495514217,0.23758538252661224,0.46994626797097366,0.33686384846006157,Low_severity,1
195,0.04679315332696314,0.11714405587610502,0.10593240566053963,0.2991230477064542,0.4618536006035322,0.6268579905392333,0.2138443449723166,0.5953556821340094,0.4999895009697811,Healthy,0
196,0.10792668157418536,0.15190586374229165,0.1801805167077702,0.22061698517873463,0.23546423811393358,0.1330071431549234,0.03255396665534604,0.21570682396819343,0.09056523468579529,High_severity,2
197,0.03866980395109718,0.09195715419862709,0.09005189835545323,0.21067012750217434,0.3798727682155308,0.6167390019657522,0.2865204914669564,0.6102105872043023,0.4482114124667439,Others,3
198,0.049569905820745226,0.09224133083775513,0.08086432519567206,0.2575495861745611,0.48146081086485515,0.7123929911361172,0.3029879222096404,0.6784347690806767,0.5656410717457955,Healthy,0
199,0.08818520892473392,0.12625025488559877,0.15110403384555982,0.19095084554938302,0.2829029626261445,0.30367927211324924,0.1940516578959308,0.38287052633540536,0.21166692960299072,Others,3
200,0.038339222232557923,0.12081021951859094,0.08268418715460452,0.25884636728341237,0.3852824003622543,0.6466235438160389,0.19628999577363082,0.5225766400346459,0.4689183755566039,Healthy,0
201,0.05084811977893633,0.1119675103724992,0.130447887491002,0.24826338829439304,0.42326910881562296,0.5288283062968668,0.26060648036301814,0.5816149106451722,0.41684041685431616,Others,3
202,0.04464506890602516,0.12024526655396266,0.11657313582516657,0.2645364720832539,0.4298559521449429,0.573327487897045,0.23807788549167747,0.5628249403323785,0.4490741225391925,Low_severity,1
203,0.04641306555038072,0.12063960008919845,0.08445183715603825,0.2950929690259436,0.4213563939837304,0.6660717166830687,0.17623496017552034,0.5548321337852337,0.5024385559749044,Low_severity,1
204,0.03984949091268937,0.13078872922371484,0.106839974283419,0.22476898065808518,0.43559400459706993,0.6060719702555418,0.31925627063655737,0.5381613124347145,0.4730573402836209,Low_severity,1
205,0.08085237336650897,0.14853383723814728,0.131702317250241,0.1847925368532809,0.32949811998438505,0.4288716721955742,0.2813692630950905,0.3785610564567249,0.30866996373285466,High_severity,2
206,0.058547584904694285,0.08710765644756309,0.10485292098595043,0.24996950953733682,0.43347342831207314,0.6104484905014275,0.2684992537228757,0.6653445198156493,0.4747358682772882,Healthy,0
207,0.05160236012854351,0.1038417599658304,0.06765017084772008,0.27738825081216145,0.4416456054695402,0.7343383786258688,0.22844175308627793,0.6192697886487214,0.5558263148387421,Healthy,0
208,0.0327891157432148,0.08476738418731809,0.055363333527964145,0.2663741161445813,0.5337237249890765,0.8120368365676374,0.3341461445086364,0.7258897244288687,0.658845940349994,Healthy,0
209,0.05671191915627789,0.08407255262980845,0.10423898033060912,0.2551419591568896,0.414750240330451,0.5983000178776923,0.23825965027762297,0.6629161545290237,0.4570871610374846,Low_severity,1
210,0.05099182036211503,0.11183005690349536,0.10656963677599446,0.23569190704393925,0.4172936440822393,0.5931395054014713,0.27810988577786855,0.5773008969541119,0.4552228990658592,Low_severity,1
211,0.044223906431044145,0.11972913411677152,0.07684832667773417,0.2612675119111719,0.47797948026960363,0.7229831464268036,0.2931523166825911,0.5993729009922707,0.5704217564467788,Healthy,0
212,0.08007255709660491,0.11398826051644219,0.07105582314897818,0.27762868756357173,0.41013037431742566,0.7046639179464858,0.19265712965157647,0.5650287818803712,0.5183642289975102,Healthy,0
213,0.06842146203617937,0.15299488158011754,0.14812566035385938,0.22244526042019727,0.3399016375981243,0.3929615782745282,0.2088681872200889,0.37920080330374034,0.29114981586306066,Low_severity,1
214,0.03296462757350718,0.10131638796144558,0.07007867383902469,0.30105109712164696,0.4971971614274404,0.7529291061513073,0.24572062914651718,0.661439952145127,0.6002925487605242,Healthy,0
215,0.05495949185090445,0.1420716026194186,0.10576841619832263,0.2602716932396864,0.467467407395637,0.6309776470870334,0.28471153188700005,0.5338391791662049,0.505525882446909,Others,3
216,0.03310745655903803,0.10385762758891307,0.07496998034776896,0.2733948807543392,0.40270045916927383,0.6861016544227911,0.19125346793477957,0.5899478053797567,0.5028235470380996,Healthy,0
217,0.0486772592321366,0.11801566517308613,0.11715315619519055,0.2241612768678789,0.38919143323604444,0.5372591762981572,0.26906240675157966,0.5346450570457487,0.40548478110455827,Others,3
218,0.06068590260150769,0.11062440496064938,0.13135337927430019,0.20695680453718943,0.31780097662428636,0.41510806897770286,0.21122921101190595,0.48357679205932863,0.29465322925290466,Others,3
219,0.08151995832151931,0.16288044720183256,0.20195136983887474,0.18305994522861185,0.22116789348805269,0.04541632895198654,0.09427343841637745,0.15177111866051932,0.0312254186635454,High_severity,2
220,0.056237447138421416,0.088460706095514,0.05184385826370659,0.27779062161881124,0.47957702873463454,0.8048858841189341,0.26643124646485006,0.6885393322612097,0.6220542591236314,Healthy,0
221,0.06000789053902546,0.09597482000425717,0.08190500089048172,0.2737803251947878,0.3956976745460939,0.6570161554659946,0.18210807434821402,0.6095985800790872,0.48147271106149436,Healthy,0
222,0.05389271193953839,0.1183585800571231,0.07286601179294941,0.2624181103774879,0.4472080689307671,0.7197860285921125,0.26040465239517063,0.5814513452342647,0.5504630460842092,Others,3
223,0.050506271406602014,0.13580537946436558,0.12289846133640593,0.2488395859681163,0.35209397923483277,0.4825245589651704,0.17182330834165516,0.4433057677040611,0.3526112229610879,Low_severity,1
224,0.05379111757582208,0.13132503831742,0.0852692154198832,0.23159859189882184,0.37795601325443084,0.6318455466516287,0.24010551330149035,0.4842728276966248,0.4557918373421949,Low_severity,1
225,0.06063310458687071,0.10541004255430222,0.0986451859304971,0.2684001418126181,0.404419944615379,0.6078234012225925,0.20216370697981123,0.5864894368435032,0.4572605746724694,Low_severity,1
226,0.04446424189632081,0.10364026008559933,0.097940698442601,0.26760810202992436,0.40978879215906133,0.6142012616736495,0.20989273991189908,0.596282058319472,0.4641842329089807,Low_severity,1
227,0.05950905143573719,0.11652152249778268,0.11287327564019259,0.26644061825364024,0.4159424526373404,0.5731092340697006,0.21908784194850725,0.5623308695458201,0.44187093276346967,High_severity,2
228,0.057786235773921786,0.11672569046636083,0.08409881807748734,0.24194683737694114,0.4448864509316163,0.6820372021511245,0.29547142954362055,0.584319205864016,0.5259370231824043,Healthy,0
229,0.04637205475422794,0.1259722623417857,0.08410807154857158,0.24091594913356063,0.48785451029487614,0.7058965945727098,0.3388427151053647,0.5895510982661175,0.5649634309790705,Healthy,0
230,0.07072091383894541,0.12913203685164143,0.13213518982095837,0.20925269852526954,0.3447537274165555,0.4458449964139191,0.2445838577791418,0.4550077398883044,0.32647294975489405,Low_severity,1
231,0.07135740841036942,0.13431696660612188,0.07127626827858968,0.23802271361253688,0.42015904947664556,0.7099261461135375,0.2767265003047943,0.5155174878255792,0.5278449964663067,Others,3
232,0.05783211625293674,0.12733122247943277,0.10913807366733855,0.21664092095724846,0.4365305124221099,0.5999840326177466,0.3366491249122813,0.548360122356356,0.46964082565462884,Low_severity,1
233,0.09572436923706387,0.1363647877128038,0.18962804411138864,0.196028531751984,0.26105800269281,0.15849161314828594,0.14226949612465584,0.31375456564215404,0.11270275632245538,High_severity,2
234,0.055112425012529304,0.11251065213774382,0.05943231340551665,0.276396468358192,0.4501827847441305,0.7667560728820303,0.23918425367076174,0.6000996465812233,0.580543722139389,Healthy,0
235,0.06782924808146604,0.17011248658460026,0.18069122766763446,0.16318515485665458,0.27264596444457384,0.20283960455240807,0.25115418505089465,0.23157881599241903,0.14468344076643808,High_severity,2
236,0.04233027285027895,0.1386414353918495,0.07594328174529755,0.24870417988985588,0.38505490190478536,0.6705267637108882,0.21514598517281933,0.470527381926983,0.4824852305944228,Others,3
237,0.07011674703740699,0.15594724733008108,0.18448042216009242,0.17571953333758514,0.30113491989491425,0.24021995936365648,0.26300558945641317,0.3176402033933772,0.17753553453966742,Others,3
238,0.043967191796479344,0.10745536976447728,0.09129025929645004,0.29317679311729716,0.4377675383358823,0.6548949483213476,0.19781362136173414,0.6058295857785275,0.505040552391631,Low_severity,1
239,0.04785259904490817,0.09747289238698913,0.06405523349048187,0.2602688730522074,0.48347832256072015,0.7660226198648113,0.30011467717140655,0.6644369100914521,0.600586616028753,Low_severity,1
240,0.06962367524081521,0.12533857855002087,0.1181278239936477,0.21126307137960065,0.40211220059055347,0.5458718344938543,0.3111457829037477,0.5247382940480363,0.41752583179528313,Others,3
241,0.06466770619655658,0.12663658366438557,0.060763412364867916,0.2890247578006468,0.4806281107629998,0.775528763310479,0.24894775396592753,0.582927890172188,0.6047649069636876,Healthy,0
242,0.0782015837910578,0.13791071610484493,0.13800801520716433,0.19907513589924453,0.31092064576496303,0.38516727843432197,0.21930673524543004,0.3854675594400707,0.27332818209009335,Low_severity,1
243,0.05019345276540497,0.11546790700368434,0.07472281936635375,0.29725897294983594,0.39450856186688865,0.6815097099006214,0.14058131384095354,0.5471637847942,0.4949061937516541,Others,3
244,0.022807364797045666,0.10012407947948138,0.057381090598451465,0.26765196000642566,0.5106606328608216,0.7979687469117205,0.3122250302531655,0.672146085333922,0.6366037004541071,Healthy,0
245,0.06612027887979686,0.11540947883027838,0.14617967568436355,0.24615471246572718,0.3253573081480913,0.37998638199584495,0.1385843041364178,0.4763240686919451,0.2766404708911641,Low_severity,1
246,0.05737965364947686,0.10805247599050559,0.09021445900617195,0.2738467949016026,0.3721569518724152,0.609774926028629,0.15218202287796181,0.5499776983914195,0.4394496080398629,Low_severity,1
247,0.05791677584012624,0.11089734673587345,0.10415826923274843,0.2455527171225154,0.42923139470536353,0.6094477404615262,0.2722036194439921,0.5893669852118452,0.4718546209865371,Low_severity,1
248,0.09762643372099332,0.15459336012186134,0.13451012914632116,0.19455724422586995,0.3659262804022458,0.4624286859237125,0.30575213837031207,0.40600373900895453,0.3469728046388495,High_severity,2
249,0.0746341720183959,0.1101007094789328,0.12063404657868539,0.25953569291919676,0.3981048984418274,0.5348949688984116,0.21070658858793048,0.5667080104472213,0.40855047294410884,Healthy,0
250,0.08133766050152676,0.12908949651770302,0.13035955843361102,0.2221304358072032,0.3526311732869098,0.4601985095273312,0.22705193842955165,0.4640483391752234,0.3391765675108531,Others,3
251,0.03453172201417732,0.08431131218394618,0.06881836164153589,0.25477318477567923,0.4172910349080039,0.7168605991572412,0.24181892946006867,0.6638320666849239,0.5300720302723962,Low_severity,1
252,0.06734487107776885,0.14095043567885304,0.15129519385242354,0.1836290246831422,0.3066070123775708,0.33918119723392975,0.2508546463286591,0.37013477804492567,0.24320617101886585,Others,3
253,0.05005233345832712,0.1239287501705372,0.1184884862708063,0.2179380874249263,0.3927227736174852,0.5364402329608385,0.2862221854110604,0.5202617452401667,0.4067907937115537,Healthy,0
254,0.06105897002265239,0.15080409430228328,0.15054794585203238,0.22688894164940146,0.3555454541975227,0.4050586479203594,0.22089442770810336,0.4043478670057862,0.30563391281872015,High_severity,2
255,0.05606159353660963,0.10511769095458151,0.07127449749542554,0.2666066022742781,0.40701671295661834,0.7019619180203526,0.20844009924777043,0.5894917812519851,0.5147887641340273,Healthy,0
256,0.08480995801571559,0.14724777643934112,0.18185688993013915,0.18328124647013835,0.24920844899349726,0.1562444320657604,0.1524364700820997,0.2571801525952549,0.10850724903134124,High_severity,2
257,0.06988211886748137,0.13922692002841466,0.21089805420969118,0.1459340433703774,0.2809648432496916,0.1424518690104826,0.3163062826150886,0.3373172337208974,0.10596241056017981,High_severity,2
258,0.06999577280646758,0.11668104695219475,0.07245737553467786,0.23426283050573402,0.4421221583949472,0.7183822101071463,0.3073091971290551,0.5823894858308493,0.5465290356713088,Others,3
259,0.04279993977001729,0.09659613620466137,0.04207941665440198,0.28603861760857796,0.4875358321669904,0.8410943916435727,0.26047552968802345,0.6692660513892558,0.6489653528672561,Healthy,0
260,0.03492611205917642,0.10968392479287242,0.09347143407355091,0.24266358370080995,0.4296094971742622,0.6426119612100019,0.27808032002428523,0.5932309932771377,0.4928320714922374,Low_severity,1
261,0.04392652250232781,0.09751746954711787,0.05737158700027305,0.28963733846344375,0.48891446543850314,0.7899577089909217,0.2559587248739545,0.6674210126380345,0.6186781484361065,Healthy,0
262,0.08372722265119939,0.14520212846705416,0.16606688506542547,0.19868167602828762,0.2767095045412658,0.24988373832245614,0.1641339421137244,0.31169412214718045,0.1760374263116597,High_severity,2
263,0.07314964844881232,0.11135908161121666,0.09486493635085168,0.2852590590732703,0.35666120632529325,0.5798031281706179,0.11123211261711742,0.5241271180691924,0.41269954376368323,Others,3
264,0.05772242393356229,0.11248911704412752,0.13637576311649524,0.23863766524035276,0.39655272500827493,0.48820239054450126,0.24861059328386673,0.5580358715087805,0.37782426114142403,Low_severity,1
265,0.09368545833324496,0.16811066915372747,0.15991146839448614,0.1998074957150792,0.27907631700043334,0.27145367723328534,0.16552829555014606,0.24814149624750526,0.19036165931992746,High_severity,2
266,0.06602080364228678,0.15918832129394878,0.1183221072587951,0.21683026501748073,0.39396507115161783,0.5380633666220601,0.29000680857375993,0.42443335440769697,0.4084457994306461,High_severity,2
267,0.052125901078465944,0.1054223634362896,0.14940712803716114,0.18836271581712555,0.3571062561126212,0.4100565445552784,0.3093549752216316,0.5441477176521332,0.30953258746415996,High_severity,2
268,0.05303399066583755,0.10712712227151237,0.13959520298569536,0.2089091896124399,0.30870114564582724,0.377219094414549,0.19279359246873437,0.48475305535116897,0.2674890759162477,Others,3
269,0.08486070625379288,0.11331069295727861,0.1294790509324606,0.18015359976891318,0.3477525698494257,0.45737438470516756,0.31747871066118016,0.508480930501796,0.33503856344055427,High_severity,2
270,0.08647607861431478,0.12699979594290192,0.12614267057559128,0.21034551161692813,0.3264944232361303,0.4426322000553431,0.21635669047421735,0.43990555746085735,0.3154691654807687,High_severity,2
271,0.0833587243167563,0.15081728392783839,0.16500145271528213,0.17383623956450775,0.2747189707116585,0.2495165385798959,0.22490593986198337,0.2911659945138784,0.17513323419575516,High_severity,2
272,0.10598465824341508,0.15651220723782977,0.18275308928000722,0.12641327501499502,0.23323874508818163,0.1213621317467742,0.29702452398999624,0.19686042431058157,0.08267375414377554,High_severity,2
273,0.06690488388818236,0.10965114589132671,0.09575516347459388,0.2948889189580909,0.40592551576195196,0.6182625026727622,0.1584393689724974,0.5746465887741589,0.464474895118914,Low_severity,1
274,0.09432072937437806,0.15327465474911417,0.1673297866460016,0.1601206488001524,0.27318829752000506,0.24030457472459021,0.2609400283102181,0.2811818520995921,0.168830104369347,High_severity,2
275,0.05698617823019422,0.1131250069645724,0.14596128433830918,0.18906624887512086,0.31376878474750874,0.3650131059360289,0.2479989012976676,0.47000865713751283,0.2622729647864056,Others,3
276,0.07109166667413427,0.0987155844178061,0.08267680783270545,0.28908277515725656,0.41946443465641026,0.6707029782183345,0.18401266379052056,0.618991158346198,0.5041020355382129,Healthy,0
277,0.082114533380946,0.13251328120769912,0.15988429449862732,0.18552674740476346,0.29911453043319536,0.30333462390725857,0.23437496602674912,0.38598358292098445,0.2177743585000736,High_severity,2
278,0.03783772598747541,0.06919810445630006,0.07901952552204486,0.3148935050819316,0.5270176982787748,0.7392255049072186,0.2519555415702922,0.7678756445607067,0.6075720099417842,Healthy,0
279,0.03958603050757184,0.08170667161464355,0.06624887923812825,0.26403735570697984,0.48528855264265003,0.759766516618046,0.2952669785874213,0.7117906179133306,0.5977528626656132,Healthy,0
280,0.08504816464605713,0.12353662020230413,0.1650130273826742,0.17167512024464968,0.23235847987220876,0.1694773058963628,0.15019384429910698,0.3057694799594624,0.11257119032375223,Others,3
281,0.038601429254543594,0.12384658928238268,0.09774596039261206,0.2546650470262468,0.4330513305467449,0.6317013592151908,0.25938931998397086,0.5552269639635846,0.48793109921045463,Others,3
282,0.09382122590013224,0.14819050014366372,0.18338754124484483,0.1846739771455681,0.28843971380674344,0.22264964865247663,0.21932516146871475,0.32120821963779483,0.16214636708710445,High_severity,2
283,0.06651947067871868,0.14472070254716554,0.1625224879432711,0.20907517747268034,0.26565326139218004,0.24086084653082934,0.11917989167614546,0.29468867294633894,0.1666668842448445,High_severity,2
284,0.08947153225062122,0.11643425708663879,0.17261223878516277,0.17213731938017002,0.19383267453354802,0.057908937952507615,0.05928178679723385,0.24945751402749064,0.03673707714511029,High_severity,2
285,0.0368651699947669,0.07149603656090373,0.02902756333369856,0.3018234151105102,0.48132154360876894,0.8862442867487142,0.22920166502993533,0.7413394974198907,0.6714916317051174,Others,3
286,0.07459743843589955,0.1452727871901626,0.1548974539526024,0.20915527577039963,0.3241001100940772,0.35324324974017096,0.21555306776196345,0.3809920085684485,0.2592488413996815,High_severity,2
287,0.06379098471066204,0.08776863919562061,0.15401909454583182,0.2119644538565771,0.3622624720522538,0.4033523390706976,0.26173976073622723,0.6099441260749718,0.3073607517110125,Low_severity,1
288,0.0586489142755604,0.13306984130367308,0.11379487694299244,0.23951256887547,0.3670775141624266,0.5267148663644289,0.21029843522678726,0.4678774571159654,0.38733270430925915,Others,3
289,0.06827463457180648,0.06937273887067602,0.08479955710618209,0.2554082769805024,0.5135482455107437,0.7165542958951169,0.3357016436949204,0.7619823587435524,0.5855367772162299,Healthy,0
290,0.06040908034783156,0.10719621116677211,0.09069739262920044,0.30137606163050573,0.423844520059044,0.6474635383720313,0.16887063263320923,0.5962787603153223,0.49255795634962884,Healthy,0
291,0.08548437424886299,0.12614798277534656,0.18508188693862954,0.18539771897385401,0.26815334999411333,0.18328553538261425,0.18246154993872155,0.3601442739778779,0.130720298364314,High_severity,2
292,0.0415326297864248,0.1079369488954188,0.07624629255573608,0.286586432228014,0.4796544640143035,0.7256837964165297,0.2519677985514797,0.6326122318196565,0.573076828880663,Healthy,0
293,0.06845946128623623,0.16011727010625335,0.11648875537771161,0.27423399567765266,0.42983157183433096,0.5735514511342756,0.2209987014512394,0.4571825259303441,0.4492068178941897,Others,3
294,0.08035143127028323,0.08805247939737415,0.15602384846188838,0.19642632502695456,0.38778191432713477,0.4261780248091267,0.32754688552791766,0.6299028377996846,0.3330476906632436,Others,3
295,0.07367229314490135,0.15278679369557976,0.20865314570854415,0.21071640785940093,0.28825297723631965,0.16019088486178268,0.15539344034513133,0.30715185447903093,0.1197703018805382,High_severity,2
296,0.051879892650646,0.07824855017077281,0.10269495474838117,0.26368888905305987,0.39706678984529753,0.5890243466639278,0.20185660910945405,0.6707510000913194,0.4416629812384265,Low_severity,1
297,0.05608348667487982,0.1419379163488987,0.17443665848545914,0.20009880436690697,0.31665175447461036,0.2895916340846648,0.22554973209704668,0.38098075303783124,0.21524078093759486,High_severity,2
298,0.0624781956158318,0.09769958189796288,0.07392442829904268,0.2668964008898316,0.46412080963425156,0.72521110461642,0.2697944807660893,0.6522035035733984,0.5638430297778843,Healthy,0
299,0.0806172601850086,0.11095109774804565,0.09689084806333635,0.22231502829025804,0.3726995072679793,0.5873388498578689,0.25274084915695694,0.5411931812041484,0.42668843242112886,Low_severity,1
300,0.07121867319102224,0.1126339238897307,0.1357054851163817,0.21248629328315782,0.28493317312401373,0.35476455880654756,0.14564544561179923,0.433384076621226,0.2431372287138946,Low_severity,1
301,0.04814431774346635,0.14208144373321055,0.1602520918903335,0.2124904682594087,0.3442697603420856,0.3647367653898574,0.23668948555051877,0.415724922473046,0.27478397016868794,Others,3
302,0.07498438367461056,0.10148786940126771,0.12222787186666835,0.23602695599613052,0.34603795110681346,0.4779551875448737,0.18900125014962701,0.5464490996919581,0.3467179269317368,Others,3
303,0.031501319952191235,0.11144502687865733,0.054184576691241944,0.2894582441824774,0.4551783419803351,0.7872456957308326,0.2225516458328083,0.606634554790517,0.5959111800196325,Healthy,0
304,0.047472211095881706,0.10238013067587352,0.060969664909891176,0.212938470867517,0.4114607180446626,0.7418893148717902,0.31794123167105415,0.6015103472960545,0.5406418689889159,Healthy,0
305,0.07483729627066865,0.10174169535076558,0.15780148720111747,0.192675310247453,0.3615817772246764,0.39235051258120335,0.3047439009712561,0.5608178675463106,0.2998582041735979,Others,3
306,0.06942373452554934,0.14556695437338646,0.12580013631939518,0.2672069544209552,0.3555356627285694,0.47728742982252464,0.14183822637981733,0.41901339404192744,0.35115736116839474,High_severity,2
307,0.04556893291928767,0.10270134607588377,0.09111242123010133,0.2461558132991752,0.39949865976575305,0.628575771076515,0.2374998592337753,0.5909942457934997,0.46696364161245785,Others,3
308,0.05494627708401022,0.14590439316690662,0.1400914344463616,0.2648646640741396,0.42433458134285973,0.5035968203893804,0.23138434687669024,0.48826930571576443,0.4005583422616911,Low_severity,1
309,0.05793065322311215,0.12802508661225473,0.10376626324300418,0.235340527682354,0.43643409819820167,0.6158230514094246,0.29934677906635154,0.5463796495569643,0.47971695735754727,Low_severity,1
310,0.06829746527309871,0.11788107671210002,0.17129831124114286,0.2033599364763507,0.3122758834306289,0.29153245508721826,0.2112264950366066,0.45191598586252657,0.21499787146692825,Others,3
311,0.035329655197829275,0.0990937539472272,0.05729543522092559,0.2883107629490151,0.4459639292766899,0.772302557039862,0.21470597856205914,0.6363916811112333,0.5811086960305488,Low_severity,1
312,0.0592105889090358,0.11965718559908495,0.1555646901042939,0.21863233922540937,0.3836999105992384,0.4230487597318942,0.27404737405623536,0.5245634302056612,0.32927401790724115,Low_severity,1
313,0.04906701470430015,0.11888483187008211,0.0812823626530453,0.31786697368451483,0.4448031876902068,0.6909918449574924,0.1664365808895526,0.5781892545354449,0.53141888351642,Healthy,0
314,0.05215016454648975,0.11370765307849713,0.09600025583227566,0.2615098299460572,0.4309149177124673,0.635614001447526,0.24465487165105448,0.5824350323441145,0.4892049565166923,Others,3
315,0.05499883083098914,0.1309975101284077,0.16725899201928376,0.21972640169808477,0.29414264542465707,0.27499610558011806,0.14481557926721622,0.38374435622063,0.1979666693870779,Others,3
316,0.07418109919819912,0.11377659468355655,0.09940744793523737,0.23217335336287806,0.3777500963737306,0.5833349000938387,0.23868035090914913,0.5370481532190244,0.4272739591372646,Low_severity,1
317,0.024000416135831135,0.10948102851716178,0.096269236955911,0.2659491762787186,0.3797084842561624,0.5954884749195313,0.1761913703357943,0.5523983010327042,0.4356235411012962,Others,3
318,0.05034968105186518,0.12841615677982254,0.11878194468265489,0.28759887864281936,0.3872351607159176,0.5305220182661834,0.14764560804872548,0.5019263893148749,0.40027134915400564,Low_severity,1
319,0.040337629409548395,0.09939159329899658,0.045334129879161675,0.2755902508277886,0.4991310066738002,0.8334727906871154,0.2885434647384168,0.6678768911866855,0.6517166455535794,Healthy,0
320,0.048606321596002026,0.09226885100438144,0.0788913918090172,0.3154753656426586,0.46460850202477066,0.7096912337828584,0.1911757729691848,0.6686205660816261,0.5544568511626391,Healthy,0
321,0.08689200092744312,0.12971486359636702,0.1784388200991082,0.17534231797774885,0.28836404227245366,0.23548532160852112,0.24373554900933764,0.3794718567453042,0.17054959152225646,Others,3
322,0.07161336674813291,0.10340414955125815,0.13381495439933389,0.26462379144983283,0.3520176826083643,0.44913147365514045,0.1417256133995999,0.5458972660097874,0.33200776686295663,Others,3
323,0.04442768425373637,0.08454041134011328,0.0651852969060533,0.27344796706976654,0.4150016252735775,0.7285003239564761,0.20561223331107037,0.6615283393838158,0.5353310482703261,Healthy,0
324,0.049551285141353825,0.08175912688712528,0.08168135713553062,0.2715939266849669,0.49796389866350765,0.7181677713451369,0.29415589644096585,0.7179372794121166,0.5783601687110029,Healthy,0
325,0.046977031926596725,0.11802895766117788,0.05548957266882401,0.2913200025310929,0.479866465779784,0.7927003015427805,0.24448881171587822,0.6051852781146686,0.6148274757930405,Healthy,0
326,0.04700094706580004,0.11994831457308601,0.12591311680531833,0.22303694396661106,0.2974363887989643,0.4051576055316664,0.1429457383282752,0.42523856957850253,0.27864303433193455,High_severity,2
327,0.06979139471789196,0.10894806901156065,0.052624669153651014,0.26337840384695166,0.4674599249919408,0.7976303480394217,0.27924304609094647,0.621975856875785,0.6100012561003577,Healthy,0
328,0.03307237842938378,0.06522386817900691,0.06469525930679465,0.2782145448063372,0.4533404983249049,0.7502285957920684,0.23938862176246364,0.7484444655588773,0.5726398647168824,Healthy,0
329,0.047126548915951375,0.10103576761236993,0.062330580156513195,0.2970665623071129,0.5207941090544996,0.7862186893823736,0.27355215207367123,0.6750372685405805,0.6349179371471272,Healthy,0
330,0.09045760911040324,0.14251341717049962,0.1706492906183705,0.1703696096697709,0.23641753721437794,0.16156621492879208,0.1623648339199301,0.24781327299141825,0.10875975933297098,High_severity,2
331,0.06770447766415147,0.11205460318808542,0.13429477383340138,0.23031730904545913,0.31220536610511446,0.3984558488519439,0.15093941840666444,0.4717644307816083,0.2819501837843416,Low_severity,1
332,0.06362600843744415,0.1281875165893771,0.128738302365604,0.215429187956054,0.31545170367860054,0.42034579520552146,0.18840858147024953,0.42210917911204426,0.2966247261426559,Others,3
333,0.09238290752614048,0.13350967204776493,0.1591721200496337,0.17376955558020096,0.24331164518103196,0.20905073048891165,0.16673513328797063,0.29139002522672547,0.1398466017445085,Others,3
334,0.04503557789949385,0.08665386130584785,0.11336282556503458,0.23626871665722882,0.39011378897571997,0.5496798767170614,0.24560882677116488,0.63649437517553,0.41368821066748274,Low_severity,1
335,0.04682498197399572,0.1129716320432784,0.07789539019059297,0.26579991892609256,0.39096097712447,0.6677217347535831,0.19057324964235012,0.5516399217353581,0.4846934966244656,Low_severity,1
336,0.060972116570142676,0.12693159864674952,0.12905553913735124,0.27546807430083786,0.33900257997881467,0.4485490845408395,0.10339713578748308,0.4551522319260688,0.32531162648552203,Low_severity,1
337,0.04822014626349154,0.10490812906073732,0.09955631647987974,0.2260397146994651,0.44736719037063344,0.6359406197287814,0.32866825986604514,0.6200875709283842,0.498332788806723,Healthy,0
338,0.08552849205831027,0.1239674417495547,0.18159366775414446,0.1752314263504812,0.28210931108295517,0.21676730130328142,0.23369421524149597,0.3894383715155138,0.15645221432764939,High_severity,2
339,0.08956328280283066,0.11191238560662631,0.1761369426448376,0.1873112450959167,0.3245868028373605,0.29647058189654135,0.2681697230448061,0.4872275203737873,0.22251374696968815,High_severity,2
340,0.050099177041149315,0.11042028602585091,0.08800330892073367,0.3009987789735539,0.38217651227198757,0.6256610558169312,0.1188241646597511,0.551680861883769,0.4548226992439445,Low_severity,1
341,0.08387988918095488,0.15561567372559504,0.13787181807189428,0.17696450191528248,0.27358699521987595,0.3298390331275866,0.21445382807286117,0.27486157479898815,0.2233482882092733,Others,3
342,0.0620717088102853,0.11881728214105572,0.11556587965868811,0.24838894764986183,0.4199670289914002,0.5684079249210149,0.25671661111460725,0.558943051287752,0.44093405451912693,Others,3
343,0.04803091097223547,0.09175101288831748,0.11329083624083579,0.25248552834827437,0.40131441773523685,0.5596980972677617,0.22763674160345107,0.6278343311463359,0.4258162182272617,Low_severity,1
344,0.06255265665553728,0.12415444903489209,0.10503336573371087,0.23485741712508681,0.3640822174733064,0.5522068782466328,0.21575596751894477,0.49141693956405347,0.40095658798872946,Low_severity,1
345,0.06072009441712149,0.11837656569424411,0.10958265086474883,0.25664787295368036,0.3407509837215724,0.513326820611958,0.14078217564050458,0.4843412648843932,0.36487448898530905,Low_severity,1
346,0.05159358132136326,0.1269048547168278,0.09907269737484174,0.26844678643494163,0.3947706417580413,0.5987687206683845,0.1904712541515751,0.5134720508271322,0.446294601080477,Others,3
347,0.08826594652029804,0.15084997931288954,0.17625512129847848,0.17023323961559914,0.23848114335878617,0.15003757173665744,0.1669818988177478,0.22508132266578723,0.10203928355834238,Others,3
348,0.0621899750815533,0.06846172698326655,0.09670715393288676,0.2496325306684105,0.4250509687455219,0.6293027373049895,0.2600010793646052,0.7225533301340239,0.4820277042945208,Others,3
349,0.039738178462480185,0.1207698028764827,0.11708353540159311,0.21000522980016015,0.46653550360145296,0.5987672520019279,0.3791793474303777,0.5887324648887031,0.48372899832218275,Low_severity,1
350,0.05168950962767516,0.1127571947420957,0.12044646668976614,0.21375995977290568,0.34195628986067694,0.4790408794778595,0.23068666819136363,0.5040516784295597,0.34524499487855637,High_severity,2
351,0.07336306520784748,0.10259429100152363,0.11110477485021891,0.204973026489102,0.3314853408088179,0.4979337724938622,0.23582876516018214,0.5273019810966426,0.3507047691740022,Others,3
352,0.046219164841843866,0.10637602122925048,0.09299947378946291,0.2514650659161305,0.3502444910057908,0.5803689111371346,0.16416462719151736,0.5340725246504283,0.4090856026926719,Low_severity,1
353,0.05084402387111217,0.1048280026473401,0.06902379796762698,0.2460778786759229,0.41890293508293674,0.7170731042503709,0.2598948012200619,0.5996875681943126,0.5312324164489469,Healthy,0
354,0.06011614592514843,0.07828294123110344,0.06041524287064296,0.2780115381684346,0.4808487240413523,0.7767623689590039,0.2672918796436377,0.7199838746640922,0.6056583554181174,Healthy,0
355,0.04176013000114913,0.12098252311588228,0.09193345951033405,0.2184362467484435,0.38240775804813765,0.6123741471022325,0.2729019678830074,0.5193291263544975,0.44718568808832904,Healthy,0
356,0.06726246450424339,0.15449117658396314,0.17658707741618654,0.1792031397701904,0.252044205538386,0.17604204621293734,0.16890785893667273,0.23996196455309698,0.1218844273942429,High_severity,2
357,0.08657314997399401,0.12248060668679303,0.12354044015041926,0.20132597274084765,0.37339131252412683,0.5027870950668383,0.29939127323088627,0.5059990213533517,0.37592975402290063,High_severity,2
358,0.05203633793358239,0.08636663179223372,0.07573068786343799,0.2611182113907903,0.49484280687866733,0.7345453703640137,0.30917545989728185,0.7028037535325121,0.5872256146919519,Healthy,0
359,0.06882733003558474,0.11593919143595742,0.14165097048063854,0.22829163188704407,0.3121759502263185,0.37574892974626006,0.1552069376876702,0.45837378708077775,0.26816968997785834,Others,3
360,0.07318928842774344,0.15866487060510176,0.20535726607861995,0.1874479521116763,0.2501418294170566,0.09831976348866694,0.14327088965916288,0.22376580131146714,0.07030550350527141,High_severity,2
361,0.07121571688260023,0.11214086818594653,0.16934609080446636,0.2184292429588456,0.30014908753753416,0.2786034932136945,0.15758437978013246,0.45600970079824865,0.20237799989386676,High_severity,2
362,0.043873608815155195,0.12775962913050556,0.09237472773592494,0.280345207474184,0.386242479602039,0.6139932859927589,0.15886472879860716,0.5028828599729191,0.4504331463762429,Low_severity,1
363,0.05507850000995745,0.09289507731808788,0.06485033416312468,0.27200607487876766,0.46147572874497617,0.7535735403076634,0.2583154114118982,0.664863025606293,0.5796774664252574,Healthy,0
364,0.0648424536741673,0.12955864352628893,0.15435063233141355,0.2343217241999766,0.32581427834415383,0.35709324484269317,0.16333989197019874,0.4309778324362053,0.262400200433457,High_severity,2
365,0.055770416807789866,0.06755628651783371,0.07616482736505069,0.2632754819786769,0.4903330785002111,0.731102881135218,0.30129381276832656,0.7578147541290786,0.5825162649510423,Healthy,0
366,0.07865642036498059,0.13995601143073608,0.17138616577291696,0.19322289796468,0.31858470869197264,0.30042304673683956,0.2449393269986937,0.3895590716860092,0.22303465695183372,High_severity,2
367,0.06496880239981895,0.1441905882640427,0.1739770942754888,0.18516403281896573,0.3085305955584614,0.27886291579990724,0.249884352894321,0.36300489830590865,0.20542358498849964,High_severity,2
368,0.07675395823336188,0.12019734142965328,0.17623654900531968,0.16415918073653665,0.3026829213388972,0.2640242883478842,0.2967250382656734,0.43153014216017305,0.19375399534516646,High_severity,2
369,0.04233831024657035,0.1380735119006825,0.1738584324764936,0.21757012493164424,0.29054498806835,0.251261188935599,0.1436187613193599,0.35572770699044365,0.1814902660640718,Others,3
370,0.07227346321628098,0.13180240716882824,0.17053143019869832,0.22447550932155086,0.33102642711436386,0.3199929870014734,0.19181016447294638,0.430448591765214,0.24036803627036815,High_severity,2
371,0.04715922327233574,0.09138445007159256,0.0805566502665819,0.2925435377484175,0.43224193707912634,0.6858156311094755,0.19274447982549428,0.6509555197595924,0.520861637061852,Healthy,0
372,0.05671262274396725,0.11099894803983952,0.06651289004093401,0.2852132103787992,0.4730814987412991,0.7534707868588421,0.24775102094605994,0.6199189729717761,0.5866258221775524,Healthy,0
373,0.022106258072651166,0.06265644911546372,0.07182484027054699,0.28936177784291994,0.4916065120272317,0.7450449288005297,0.2589666402690155,0.7739107481175066,0.5921139209169264,Healthy,0
374,0.09708644210754541,0.14697306616377503,0.17672538692464104,0.18973400353788608,0.2682688739032495,0.20571835422842574,0.171472438784966,0.2921087588597048,0.14530800467255067,High_severity,2
375,0.07365849399973297,0.1428650903228127,0.1466385139689583,0.23940363462301276,0.43160210975415997,0.4928114423203379,0.2864334273465062,0.5026170674194446,0.39642857472931425,Low_severity,1
376,0.07872038997324643,0.14003418773714488,0.12226465279924259,0.2444786886069047,0.407741811299854,0.5386295787653546,0.25031890705105,0.4887173297722874,0.4157408255932251,Low_severity,1
377,0.04451997776225031,0.10203026193723778,0.05937326333520729,0.28965261325417446,0.5016069082395077,0.788323130321908,0.2678695032765247,0.6619483789993806,0.6252241890363518,Healthy,0
378,0.056940786996847834,0.09120361834317502,0.0574278486717354,0.3034884065248059,0.49332741987613066,0.7914578327206893,0.23824704161410917,0.6879425988361049,0.622266075058759,Healthy,0
379,0.0408248377592815,0.10263868106558277,0.08724376475651248,0.21571249857013122,0.44429328308116356,0.6717302580829493,0.3463314880956603,0.6246747756799822,0.519200234843388,Low_severity,1
380,0.08238071533811955,0.1260450865582136,0.15982082058839533,0.2026669257424098,0.2814253869626777,0.275593453934008,0.1626930631890619,0.3813289808752184,0.19379291847136176,Low_severity,1
381,0.04992447008162693,0.12117121659096011,0.09523510164088628,0.2186234850879747,0.4306935925249026,0.6378402521203179,0.32660485107918885,0.5608663042490883,0.49047047732218896,Others,3
382,0.04794771662571291,0.11120878925585453,0.14976583962718065,0.22779333223069087,0.32529038368015595,0.369481622261414,0.17627901282340577,0.49045131743167164,0.27002218927069527,Others,3
383,0.06161572343150324,0.1434878488501264,0.13592220313840314,0.23454345649854236,0.29632230991616365,0.3710865075978686,0.11637377530454729,0.3475009797289646,0.25808696838375256,Others,3
384,0.07008704019386847,0.15802220760643051,0.1419706213255504,0.20646043807617243,0.3519232118378287,0.42509660257860804,0.26050686438268666,0.3802387409278279,0.3168637084366017,Others,3
385,0.07769955135555773,0.14618112169809183,0.21002678193996874,0.16928984341427117,0.27383833812525565,0.13187880989785997,0.23593284983085375,0.30393167135840354,0.09728704913493111,High_severity,2
386,0.07578750418944664,0.10736362412166686,0.1115401594579366,0.22756079323296105,0.3022776264388269,0.4609213849219961,0.14101814898993112,0.47581634430240594,0.3130888946208994,Others,3
387,0.022233457113602792,0.074547598133635,0.09207090647783578,0.24763507959844666,0.4659519160803413,0.6700102477681839,0.30594284621768414,0.7241529504719494,0.5300656114844069,Healthy,0
388,0.04454862257456671,0.1377370349932221,0.13384210133589952,0.2053511696828365,0.3400398190835647,0.43512467739884636,0.24695796625715288,0.42342525043674284,0.31759145553115875,Others,3
389,0.09781085743920699,0.13871445719097425,0.17614305542088435,0.19153213014290157,0.2720929254433931,0.21406106184849463,0.1737628161588793,0.32467398077685045,0.1517816323554625,Others,3
390,0.09472770636831941,0.15581098921956343,0.19021805282925178,0.11919021200344833,0.28438743552716783,0.19841612667402755,0.4093319452514707,0.2920874748281551,0.1449346178883989,Others,3
391,0.060396017914203,0.12158058219681218,0.15985467567723938,0.18809860629202826,0.4077652586957021,0.43675453944783205,0.36865241426948603,0.5406383773911635,0.34831297407921363,Others,3
392,0.05071300835740701,0.11535815810796166,0.08635527131105568,0.291919948046276,0.45243839568625815,0.6794495681721285,0.21564673653696595,0.593663760947131,0.5286176687523294,Healthy,0
393,0.08348995629348575,0.12513255828353795,0.15872838346880513,0.23254349761001886,0.31283838256216484,0.3268041986725557,0.1472269026004236,0.42858054444474136,0.23793012145155124,High_severity,2
394,0.06438427123306645,0.10223707589043576,0.11584765249456475,0.25329554553338024,0.36307642649269756,0.5162170474304096,0.17810816510435462,0.5605669065401201,0.3788272951471905,Low_severity,1
395,0.08636644150762847,0.1374903400420763,0.21017651016076475,0.19279821260926872,0.2510947246518555,0.08870749225824313,0.13133011847920734,0.2923539655319986,0.06385015957395247,High_severity,2
396,0.06829381736965234,0.09022654674133285,0.10329081832452247,0.261876573185506,0.39467312352221395,0.585147398659185,0.2022642779406016,0.6278547820323573,0.43796518037288096,Others,3
397,0.07434207979146448,0.17157314877137914,0.2088014212798837,0.19039813556598473,0.2788913455324383,0.14371737499959103,0.18856849243525675,0.23823896914876047,0.10644492894095403,High_severity,2
398,0.06525515802967202,0.11841149277145847,0.13815923254065432,0.22402007921523753,0.37694305100784464,0.46356583166789217,0.254463151068587,0.5219121566220468,0.3528469332653932,Others,3
399,0.060747182238309945,0.1248213504076153,0.08579784580693198,0.24362442914454965,0.3752294190386554,0.6277970855555868,0.21265924140322306,0.5007652901090994,0.4517534264934112,Others,3
400,0.03931195829474073,0.0850490864470899,0.09692184877619733,0.28011430424466244,0.535664319863911,0.6935694974660812,0.3132590240379196,0.7259634298780488,0.5810716436893848,Healthy,0
401,0.04007021906823151,0.07991854491663929,0.0556284939886833,0.3119755883088608,0.4559752369104878,0.7825328838360376,0.18751154875118028,0.701737368012902,0.5936317710581497,Healthy,0
402,0.07515364254086548,0.12762686076053928,0.1752708312887968,0.23444936186665796,0.3119064153931582,0.2804638045700059,0.14177035688169545,0.41926189581190987,0.20761557951768028,Low_severity,1
403,0.04719101217359996,0.11465163466681633,0.07073626831211244,0.3086195137929753,0.4793772066496679,0.7428302649120642,0.21669848163933023,0.6139863027097274,0.5837096867351811,Healthy,0
404,0.0644137706718116,0.12658290598769684,0.17690106101071643,0.18825209809621019,0.32252889948022584,0.2915881104256471,0.2628852718114709,0.4362966885013764,0.21856634915863507,High_severity,2
405,0.0770136982152396,0.10981259716477984,0.12184925822631579,0.2042265067826824,0.38402181763783516,0.5182596355477823,0.3056452579482803,0.5552655146212447,0.390963462966094,Others,3
406,0.043096805494734367,0.11010807725105251,0.10382645211013222,0.28406187484880074,0.4307199008400119,0.6115343354711248,0.20517874263075808,0.5928166377793695,0.4739663638043385,Healthy,0
407,0.05938866662418131,0.12389430056126303,0.11222454569532613,0.2492572337673355,0.40743249054246394,0.5680822624559894,0.24086756792391625,0.5336418090121261,0.4342753509597126,Others,3
408,0.04664989911692429,0.12687464028027565,0.10426484104254305,0.2780305454196911,0.428328665835651,0.6084637169022461,0.21277859482974673,0.5429615101975486,0.47075226984455787,Healthy,0
409,0.07760035430833875,0.1352699903233012,0.15648935538053965,0.1940786476230982,0.3431152498440475,0.3735471861385544,0.2774353970208015,0.4344725590781979,0.2800495718328211,Others,3
410,0.05167076514863851,0.14417990509546433,0.17533917691326303,0.20463324144524508,0.3222781616251789,0.2952850982714795,0.22327267828024225,0.381809790067101,0.22093489011606693,High_severity,2
411,0.08347429455492297,0.14012918068472818,0.11588897725521238,0.18650098383460678,0.36079193227968326,0.5137670716946189,0.31846008474313897,0.44051397691961997,0.37612533320800123,Others,3
412,0.07392215780339431,0.12316001964069889,0.17485453572739149,0.19495232959230782,0.23124047353068888,0.13884912771105531,0.08514490078779796,0.3049669963007709,0.09334441293766771,High_severity,2
413,0.0933311091148146,0.12197987843594475,0.17223292325834427,0.21924139517515237,0.2683860543915277,0.2182228546896347,0.10078320910778647,0.37504854712895536,0.15333487855000727,High_severity,2
414,0.07503028345055844,0.12266347070961799,0.17565901123085248,0.21846977575285262,0.30042990649252016,0.2620747734652474,0.15794985725373975,0.4201588712128955,0.19174107962318074,High_severity,2
415,0.043357089680168784,0.0747496689153976,0.07624699633269846,0.303129485497061,0.4124225393744898,0.6879404556195382,0.1527394935358447,0.6931283532047523,0.5100423309816975,Healthy,0
416,0.06875293613183006,0.1088769025042668,0.061873947275965104,0.25615455878475246,0.48104763462926037,0.7720704081836774,0.3050629499663031,0.6308785424206793,0.6028838044384058,Healthy,0
417,0.0622756289509223,0.1250751763226919,0.12754286894485845,0.2322562777408707,0.38823519835847403,0.5054350813647542,0.25137963473430547,0.5126723226648976,0.38496449835596924,Others,3
418,0.10048464988788018,0.14593458247253016,0.20457375528162094,0.21506197132011795,0.23925098194352612,0.07813270364043234,0.0532430573454747,0.24226349087734947,0.05511175744957139,High_severity,2
419,0.07889879542489002,0.09722555754670432,0.13111042814266557,0.17502305587643147,0.28172187624737954,0.36482476420356835,0.23360701535277234,0.4868652014699449,0.24749033428218659,High_severity,2
420,0.08610921573084081,0.170181180600062,0.18221282682653192,0.18366863719330265,0.2510759415754802,0.15893122501863696,0.15505036215305595,0.1920317941632534,0.11067814766514841,High_severity,2
421,0.05091108728106037,0.0886718209874453,0.07520648023446831,0.3000700512532727,0.43257476728284605,0.7037839400246702,0.18085805383067893,0.6597701625954251,0.5319134801259109,Healthy,0
422,0.0549998336300475,0.12656792827641955,0.05079207047503368,0.29883095892102285,0.4616274712329477,0.8017559193557097,0.21407680664275536,0.5696398564762869,0.6086934079692239,Others,3
423,0.08123927598053836,0.12762016419196023,0.20344512936846465,0.21109929155233215,0.2158144293305771,0.029502726188269292,0.011044708913298625,0.2568007614900601,0.02018358119596457,High_severity,2
424,0.05840137284003911,0.11406592876117515,0.15904163480093783,0.20075473800987406,0.31842428792753313,0.3338094836502798,0.22664542294481183,0.4725155651635194,0.24458548797542584,High_severity,2
425,0.06652563701868795,0.09798352082621022,0.16815281138189936,0.18447694063618938,0.3086067033404442,0.2946011303840318,0.25174179719929446,0.5180232332096188,0.21569366334527695,High_severity,2
426,0.0747379496026455,0.13568158474324815,0.14859757979666982,0.2305665184737855,0.31179869664011234,0.35447966283856763,0.1497739454940301,0.39357513442247755,0.2548965268518279,High_severity,2
427,0.0746548504256993,0.11824675871059542,0.175050142013324,0.17162933504812014,0.34540804789408885,0.3273229419467311,0.33610473551656617,0.4899362326187916,0.2504138448282064,Others,3
428,0.05317631247088523,0.07948861443240202,0.07698006033638097,0.28303620115460215,0.4650190960746268,0.7159402946450137,0.24327465575617613,0.708034935415755,0.5585979125090392,Healthy,0
429,0.0632783992311928,0.07855822934238552,0.07155428744260618,0.2773465363694717,0.46744701370478986,0.7344930808505086,0.25523915629554483,0.7122436813831182,0.5715479747113729,Healthy,0
430,0.03738062350305761,0.1125691462009212,0.06687584236981002,0.29526587552806083,0.4364882346687528,0.7342844059780347,0.1929915488998191,0.5899548931566372,0.5525597349316961,Healthy,0
431,0.04601776228674995,0.11846213211685376,0.08494693289151645,0.270774945559377,0.4052043075589311,0.6533848090909636,0.19886610628865953,0.5475664539809095,0.48516432881766713,Healthy,0
432,0.03500921480509375,0.13187341375599937,0.09930006370756604,0.2748578523739629,0.3912726623025053,0.5951667981414546,0.17476276399840912,0.4958447753271434,0.44212694978637646,Healthy,0
433,0.10739388705606162,0.13134969408424824,0.1784560312951668,0.17146903117450002,0.22835702350317985,0.12266320271543033,0.14228185397907633,0.26968450872856886,0.08254346131867804,High_severity,2
434,0.052508031406966665,0.1039046874667077,0.060863258956555394,0.29951448761262556,0.4220242569541494,0.747919517688214,0.1697895924010026,0.6048717661617746,0.5511734437835796,Healthy,0
435,0.05923419356745403,0.08683185091117285,0.06515675464786842,0.34278209681940697,0.43181896594409225,0.7377869704771151,0.11494545180074195,0.6651625791793396,0.5516616960519096,Healthy,0
436,0.037847516135694155,0.1016904347662503,0.10426752204964589,0.27482159506147147,0.4516822508993543,0.624903086131089,0.24344077023292107,0.6324703499091735,0.49351030382742606,High_severity,2
437,0.04554401712763764,0.0888869886956465,0.05847249465319706,0.2864308845629203,0.4253198790507233,0.7582744258429256,0.1951371204473979,0.6542753733134129,0.5593365951034477,Healthy,0
438,0.07890979586627606,0.13632533342641412,0.15335227649479682,0.18220604443086352,0.3091594516783568,0.3368718363077474,0.25836858357525816,0.3879686221186989,0.24281341820002833,Others,3
439,0.06628666524378853,0.14043903613251482,0.1565548761966417,0.20515504992909236,0.3075010416031525,0.3252758118508315,0.1996386922237962,0.372956146980941,0.23486111534537224,Others,3
440,0.06438619866824868,0.11863927776687083,0.06479932635819355,0.2635881480441245,0.4314133243268688,0.7388243678643308,0.24147456221957303,0.5686257011955653,0.5520116579275022,Healthy,0
441,0.09539217563254018,0.1105380584665273,0.13227354566678598,0.21188742924514392,0.3775831458686172,0.48113441340368784,0.2810924304262276,0.5470876598483856,0.3643728891307216,Low_severity,1
442,0.053042574004350654,0.1342658120847187,0.12066157159515122,0.2313379251069244,0.357028369140619,0.4948121728948273,0.21362618025976315,0.45341989701630053,0.36264073255308465,High_severity,2
443,0.03344999191531938,0.09619676958383075,0.07284125973553862,0.31955821270843443,0.467950865812993,0.730612720510104,0.1884329427454606,0.6589659743369639,0.5694359080626479,Others,3
444,0.039636829425100134,0.09733492921527644,0.09909710661063567,0.29646761215534406,0.4814632379680154,0.6586156545619505,0.2378047171973394,0.6636653855040535,0.5307886782202033,Low_severity,1
445,0.08788620973984668,0.11370651148129476,0.11589368223901023,0.21671025017561832,0.3569436962365943,0.5097947517912245,0.24445651762361956,0.5168109580461453,0.3716705679657879,Low_severity,1
446,0.07749461880346227,0.111584589083504,0.1335060342279047,0.2058726071091858,0.34607138660940717,0.4432346961005312,0.2540090681224104,0.5123647673798641,0.3254954859001471,Others,3
447,0.049668622109675785,0.12968865480078298,0.09935772439450422,0.29512147627308943,0.4429801201606155,0.6335947218435127,0.20032288861308062,0.5470727217158826,0.49449762986314594,Healthy,0
448,0.06854653112253893,0.12834053967708448,0.13152778948983354,0.22031703211153308,0.3275290729064092,0.42696515284286024,0.19569736795220047,0.43694189682985907,0.3065531739070066,High_severity,2
449,0.05327554437704239,0.12030805918220172,0.11716049878081229,0.20086260139202436,0.38591208370482355,0.5342202979858973,0.31536718780268536,0.5246808690935428,0.4018925294389549,Low_severity,1
450,0.08932922516499683,0.13244497624844015,0.17222343835100976,0.20603168440804054,0.30417944778259437,0.27698406804903025,0.19236695787712055,0.39332309894314943,0.2027175635778416,High_severity,2
451,0.03708254591059729,0.12865932053145035,0.0600963595680466,0.3159179038449495,0.4569576213680791,0.7675431897488065,0.18248697613274098,0.5606024644228151,0.5853100266636044,Healthy,0
452,0.06584925438147565,0.14433936475861914,0.1456458076753138,0.17036534790748678,0.34793980201799185,0.4098458106758328,0.3426059998362674,0.41358735246207073,0.3053999459670934,Low_severity,1
453,0.08108666446486743,0.11972149292583772,0.15976276951556728,0.18892158297909614,0.3146422576349137,0.3264710094866232,0.24966183930625907,0.4487500728535444,0.2384216272553587,High_severity,2
454,0.06414433671507037,0.11757610534591346,0.11447124333197234,0.2238701470520524,0.37105544468013,0.5284657006161565,0.24740118709557213,0.5187535256794336,0.3905285434720873,Low_severity,1
455,0.06328293700151665,0.11810936655762529,0.14316158423604652,0.2416031372403981,0.37983002008862804,0.45252817424896397,0.22243242288895737,0.5256074545413189,0.347024014936297,Others,3
456,0.06990812786193132,0.12792555014893786,0.15684542361960083,0.2062976371998858,0.3511176229669701,0.38245341005186667,0.25980628109057163,0.4659122295101141,0.28910613341222896,Others,3
457,0.07981252685246029,0.11580352437486051,0.14359602906618457,0.19860602867707985,0.328971551976012,0.39227304272756464,0.24710209091438606,0.47927152157462233,0.28590638818823316,High_severity,2
458,0.06243868385745231,0.09979916819240102,0.03562997125669391,0.3070372375289959,0.5088571089827099,0.8691246402356219,0.2473603013877709,0.672067234217684,0.6796069764944564,Healthy,0
459,0.08272323983325969,0.15461820803615775,0.15537102954891874,0.19068081840405804,0.28540744334218754,0.295015346235827,0.19896862105081403,0.2972309339156545,0.20733321000690086,High_severity,2
460,0.07399180898899832,0.0995180243315461,0.1259722030706299,0.24265538575555398,0.33548594331602405,0.45402544496385033,0.16056724003721412,0.5424500384687376,0.32686873739557054,Healthy,0
461,0.08661259233234275,0.13189080823668647,0.1798635196658665,0.14053933188335072,0.15545929106717626,-0.07277831336717183,0.05040550200910651,0.082020096347929,-0.04382298966062142,Others,3
462,0.0330786104590282,0.08463924345100377,0.049314483497503184,0.2685512221275242,0.4897566781944861,0.817039059026199,0.2917092858626799,0.7052930208538559,0.6358210259340389,Healthy,0
463,0.06180460204798461,0.10019618731177843,0.07072976097011155,0.2760264348201509,0.4040947958023827,0.7020804422969188,0.18830225438633547,0.6026255052468544,0.5129615875742741,Others,3
464,0.08840005025974479,0.17559118055863446,0.19814486446841048,0.17528394918563808,0.2596799959333789,0.1344075798133044,0.19402998270269958,0.19318718977085167,0.09636698838526014,High_severity,2
465,0.06547827437026489,0.15608542008653684,0.18013878418931645,0.19930962382999087,0.2209502971104766,0.10175174250294707,0.05149354530895478,0.1720390776400787,0.06793697832120682,High_severity,2
466,0.06554233719297642,0.13953984249067428,0.11375077055003716,0.2068064564941371,0.324633003787461,0.4810447958666283,0.2217120784197888,0.3987591320365125,0.3370937973426289,High_severity,2
467,0.079648680628062,0.13480664848910776,0.17720230765325165,0.1702962482028513,0.29228214513347267,0.2451195919207554,0.2637085922902798,0.3687184000044882,0.17805314538479344,Others,3
468,0.036903813491013134,0.08934046837262363,0.05824028947521024,0.31873231564382454,0.4578958337063591,0.7743219787981314,0.17918938191845707,0.6734848619025675,0.5899635911670114,Healthy,0
469,0.06872524508770259,0.0813577203373555,0.09057946810090724,0.2388964544511588,0.45113156176805747,0.6655801225874333,0.30757462353452225,0.694424946862124,0.5191729039950315,Healthy,0
470,0.0714708184070746,0.13258140337781488,0.12126526338641261,0.25303351428371806,0.3472255853163598,0.4823153377608548,0.15691902229453433,0.44735526367115397,0.34996766706562943,Others,3
471,0.09678419106707556,0.14573312953502593,0.15889608514609008,0.21355303640289464,0.28152689517247637,0.27843871801985687,0.13729875608830527,0.31782464491128887,0.1955994471522463,Others,3
472,0.08243023077516086,0.1564129136325762,0.15624471350913777,0.20724823290638364,0.3028256609296127,0.3192995139354868,0.18737957221147258,0.31881630901023034,0.2292547314469822,High_severity,2
473,0.08281706530314317,0.13704604781890817,0.16744868054990067,0.16909069811487276,0.2978817047412547,0.28030197106028787,0.27580003837199346,0.36979856073934575,0.20267624356196015,High_severity,2
474,0.04356900697332386,0.10564312974857028,0.09470691880265625,0.24220661706848165,0.42234813404592225,0.633667949743868,0.27107099403827606,0.5998300085901072,0.48322047217444875,Others,3
475,0.07866494855875802,0.13877683592088863,0.1677847594625696,0.18793786089091816,0.2716320541618755,0.2363298159729972,0.18211416920392384,0.32371427971308064,0.16581664261252207,High_severity,2
476,0.059741168650133604,0.1268798894830404,0.10589276645896342,0.21926254614569268,0.38279261211355586,0.566621916259157,0.2716197406906796,0.5021120853662797,0.4201030757444575,Others,3
477,0.03449034775474695,0.08102162290432711,0.07633734985452545,0.2502581198080864,0.4570870265161221,0.71378379678141,0.2924016765829855,0.6988651901745546,0.552652451452873,Low_severity,1
478,0.055039578491174496,0.1268575317601787,0.10927067536517547,0.25265574307060706,0.358293556519471,0.5325960887780918,0.1729076594731225,0.47703907164254045,0.3860563561799546,Low_severity,1
479,0.046285447295350286,0.1018903727404635,0.1181103872152439,0.2845254345473526,0.4406582073052431,0.5772475820098603,0.21530101307721833,0.6244009237591964,0.45696645389649104,Healthy,0
480,0.08827079842271711,0.1260912936535527,0.16836625440967223,0.15774318056596523,0.2564840605131015,0.2074090638709935,0.23837369963866975,0.34082897771493204,0.1429168666782374,Others,3
481,0.06199258019575686,0.07847856833250307,0.09099955642759226,0.267444577920602,0.40855150961661263,0.6356746582558997,0.20873927275243656,0.6777259890683697,0.4765418656083601,Healthy,0
482,0.06741813714605342,0.12922564503738776,0.20258968841442984,0.21278298111181565,0.28904055854873184,0.17584530379958466,0.1519609412673222,0.3820889953362888,0.1307708247086884,Others,3
483,0.09330109106382485,0.16892528174909774,0.19933916703687501,0.1967086887582398,0.19625824969475716,-0.007788011781199021,-0.0011462518074825524,0.07484720857370242,-0.005160104224107629,High_severity,2
484,0.06104063784753658,0.14299097200078348,0.09897704501060092,0.2463510908381378,0.3876004064005097,0.5931704409090056,0.2228077639655757,0.46101283276925936,0.4388251945811575,Others,3
485,0.053570701244187925,0.1529380130109883,0.2066587326870012,0.18675442475583484,0.26487012125800025,0.12345244216547724,0.17296601168301515,0.2679031331997693,0.08987595427756759,Others,3
486,0.04988840495180369,0.13827588015990033,0.08346390466764936,0.2655680296799821,0.3703895476523463,0.6321988772322834,0.1648247016916794,0.4563189373627361,0.4512102602661232,Healthy,0
487,0.08663743783862195,0.1297833727439449,0.1647046450878167,0.2252677745545862,0.327299453575823,0.3304744999678647,0.18465025399073565,0.43212317212219864,0.24585806959927325,High_severity,2
488,0.04866855575383633,0.1389198230746839,0.1333862403095452,0.19347702733521274,0.3712883587709396,0.47139705246677976,0.31484105756138836,0.45543866986939996,0.35519279378486995,Low_severity,1
489,0.059568251234388234,0.10509068486168568,0.09805093274586413,0.24656043173545686,0.41653160929028865,0.6189107684925098,0.25633119844403685,0.5970621423206747,0.4708547555508934,Healthy,0
490,0.1059809533286593,0.1386303999208608,0.21501093080772132,0.167738452111829,0.23601102423754472,0.046561133432441795,0.1690963731842413,0.2599302106953062,0.03312241108380697,Others,3
491,0.059154191128311544,0.11377521912411523,0.1433406599832006,0.21593667068086986,0.32369223930826957,0.38616461409609065,0.1996845732923546,0.47984602314505465,0.2797499125270863,Others,3
492,0.045342426549170055,0.0654720308939807,0.08054475431385157,0.2939911473710286,0.4733146090299455,0.7091508796472038,0.2337053516971233,0.7569649057993532,0.559044975607379,Healthy,0
493,0.04299161132834485,0.13167415159729956,0.11244321443803892,0.26049613512769126,0.40553967182974054,0.5658419711576741,0.2177713798371195,0.5097886694079738,0.43187826830706105,Low_severity,1
494,0.09644525731023953,0.12467769374526175,0.15408878297393352,0.20447338743264828,0.3030353762834035,0.3258340000044076,0.1942074618161669,0.4170031150233222,0.23342832568092683,High_severity,2
495,0.05721891090897988,0.09984110122319917,0.1138270236026909,0.24544819556334332,0.3971145611091889,0.5544421240761682,0.23603354531663118,0.5981890989847678,0.4203322058226078,Others,3
496,0.05024957347763272,0.08392848641273526,0.0972083849825804,0.2581532545836049,0.4206074295307668,0.6245445494014561,0.23933940009965027,0.6673042145838688,0.47660741747682706,Healthy,0
497,0.08099229843841285,0.1166234398747702,0.12624314920979943,0.2526697814965576,0.3769674658800563,0.4982492601541927,0.1974115808767437,0.5274489926169803,0.37488287040473545,Others,3
498,0.09488436973368758,0.1727883394559263,0.217864526059023,0.17554409513803965,0.2582595657714523,0.08484141089590572,0.19067490223571507,0.19828707036736384,0.06207464816795767,High_severity,2
499,0.0352209933868957,0.12828092857456866,0.07994292257859836,0.2635878159368134,0.4740864469815163,0.7114126904785896,0.2853544465709628,0.5740774358633082,0.560909689690253,Healthy,0
500,0.04607739603512146,0.08170067421197184,0.09471393161908193,0.25736100201933365,0.4280132930562675,0.637616228319059,0.24899137925519924,0.679425405390249,0.4888390864088714,Low_severity,1
501,0.057979476972996526,0.09913164164281608,0.08989320192141807,0.23142116275344538,0.4769636100725812,0.6828363000341974,0.34662298900013055,0.6558498222381144,0.5442207479948213,Others,3
502,0.03828117295160754,0.08140938418342988,0.06937043377160279,0.284549660572333,0.45322915207890596,0.7345178387054963,0.22863152019833174,0.6954600962640524,0.5630630849337424,Healthy,0
503,0.04046839996995056,0.13587544977664906,0.10885737736226578,0.2235815059449168,0.39230915097327324,0.5655840076798425,0.2739571434199705,0.48550014679060466,0.4246822565306676,Others,3
504,0.07057677059963273,0.1317576954293709,0.14229589761277595,0.20110681247964857,0.31308482327962506,0.37504645636327616,0.21777485865678423,0.40762094499530854,0.2681479570374606,Low_severity,1
505,0.04242778481148694,0.10467986418328405,0.11388880751507147,0.27515906091011355,0.4186959459009936,0.5723166809242118,0.20686870251259296,0.5999820313956513,0.44278274114188554,Low_severity,1
506,0.10211979860429143,0.14235789728269735,0.17193197586558226,0.15724854843688293,0.3001223339197693,0.271558495276691,0.31238058869579527,0.35654572907887344,0.19781357393882743,High_severity,2
507,0.052753881637619994,0.09559763666023896,0.08696244523395691,0.28435705507715264,0.4352585979988573,0.6669515854986804,0.20969741594234828,0.6398360594874446,0.5110873353722989,Low_severity,1
508,0.05684824892821295,0.14746611094658646,0.13345066118273421,0.26614518431305706,0.3918881884621872,0.49194444205703036,0.1910890987470912,0.45317535761470695,0.37807627308126124,Others,3
509,0.04576050634632342,0.11517730711196801,0.10403766433330011,0.28194189117196977,0.4353477824283788,0.6142362944424494,0.21386881325979049,0.5815729044860292,0.4781336689781143,Others,3
510,0.06371804908475519,0.15571633548083724,0.19911914613371273,0.16947492796816638,0.22755776021957771,0.06665140217904758,0.14629231793616404,0.18744137823208148,0.0460332191687686,High_severity,2
511,0.030341921505246262,0.0542387948054413,0.06311369175360952,0.267419327601019,0.4715545787485633,0.7639145794294782,0.27624148754580674,0.793687796257971,0.5921331000080611,Healthy,0
512,0.07303012824031109,0.11399926958935508,0.09199455605993816,0.21442285700080732,0.41581410867962365,0.6376802427854629,0.3195484597787527,0.5696625481152752,0.48196581942967365,Low_severity,1
513,0.09970030665383325,0.16075081187539497,0.1756174598039912,0.1995961219586608,0.34531470384412366,0.3257568948166569,0.26741730019913695,0.36470355366205437,0.2493269142884337,Low_severity,1
514,0.07749081599658056,0.14442080545638192,0.13419380853601204,0.20569262337478128,0.31816907763927527,0.40669841564317494,0.2147063891992287,0.3755989452691178,0.28976654556874704,Healthy,0
515,0.07872191754642464,0.11008536982304784,0.16826598722420402,0.17409506339318176,0.28145585594190176,0.25168861694781147,0.23567243087868747,0.4376818450829778,0.17877318953782487,Others,3
516,0.06924526809679868,0.12661314923532088,0.14814852908344622,0.19707314519756722,0.31917265930432615,0.36596699330261917,0.23651429811534888,0.43195522688309074,0.2652027045524424,High_severity,2
517,0.0698406430863903,0.12155951943038718,0.16662960370693694,0.18226299816422764,0.2641894838868538,0.22645208392415475,0.1835054995018539,0.3697481088218584,0.15721617897648654,High_severity,2
518,0.07455093858622265,0.12746702075841798,0.10266211410244516,0.2821697451292978,0.5058427549959809,0.6625758664690667,0.28384449463824923,0.5974575929873206,0.5455735722948862,Healthy,0
519,0.08234084975811945,0.14719117525072895,0.20460816734726703,0.15034773990537398,0.26497008901047664,0.1285449674169399,0.27598706610865675,0.285759298537831,0.09338377990750543,High_severity,2
520,0.08329952488131542,0.0999774269087069,0.11040180181536119,0.23620161669975592,0.4017300738563708,0.5688540117892333,0.25947677409208636,0.6014513366603189,0.43175441715190643,Others,3
521,0.08630786209002708,0.12601512272275947,0.13714438160765818,0.21396680001437257,0.37000888504303797,0.45916001877153667,0.2672064762650605,0.4918990986329083,0.34681588862305085,Low_severity,1
522,0.02412859395141174,0.05691129841705317,0.07434122315790735,0.2820394729743469,0.46377164554016725,0.7236965421853947,0.24367050591547823,0.7813974931288357,0.5626995398929816,Healthy,0
523,0.04902858843061807,0.09414960106382685,0.1021670062657293,0.28907242604502564,0.43327759749489336,0.6183844022400332,0.19963337267323916,0.6429854155375156,0.47966437319766736,Low_severity,1
524,0.06731750841048142,0.1329619157680754,0.15318480592685546,0.2056759921328887,0.2674380206473619,0.27162865993518986,0.13054364666040885,0.3358544611249889,0.18615639014567015,Low_severity,1
525,0.04204360791606781,0.10628724766920386,0.06407688167860498,0.25932326376186876,0.4724491217030428,0.7611415615469244,0.29124610626809916,0.6326920052234032,0.5909724966264194,Healthy,0
526,0.06305739301648752,0.08941768505566297,0.11472612595737602,0.24177636788094808,0.39780847456862733,0.5523185133661803,0.2439584185423856,0.6329520355614129,0.41936692602533143,High_severity,2
527,0.09217992182506571,0.10375273360080915,0.10245912200091546,0.26548312695007314,0.4516396585411866,0.6301774138514629,0.259588086388286,0.6263804291568943,0.49688967910677384,Others,3
528,0.059134167801036475,0.14361836883146262,0.14924602076852528,0.20772691300985122,0.30753873478328886,0.3465367705267215,0.19370944327635123,0.36333322613889246,0.24816351812086013,High_severity,2
529,0.08161745964419909,0.11487198463387263,0.17565350156754814,0.16689656934638203,0.26785742884691116,0.20789550145517,0.23222525823820386,0.3997222027481294,0.14658642148246276,High_severity,2
530,0.08543746107501521,0.1390849843202445,0.1548310501340706,0.22865086304314486,0.308773572666093,0.33205562447201736,0.14908646555531174,0.37888879356842364,0.23963540474413175,High_severity,2
531,0.06701355467285522,0.12342852001837275,0.14174930147260487,0.20291154929421523,0.338449091504035,0.40962192483013776,0.2503646035477684,0.46553581754466716,0.3010101701464194,Others,3
532,0.04611567673071361,0.12146791656215379,0.05078585699775434,0.2997936166957742,0.4674005991504937,0.8039861660018955,0.21846747406696423,0.5874531807320228,0.6137599940124525,Healthy,0
533,0.07088968442629766,0.1386608264928975,0.17169367369961153,0.18240431533894397,0.28740221336535476,0.2520356703813585,0.22349178142753653,0.34910652405320663,0.18096502324679267,Others,3
534,0.08030283361129012,0.1342559901556435,0.15914112194098765,0.20274621300763318,0.27566244936893686,0.2679861323974585,0.1524141222675209,0.3449624256408062,0.18697189067966946,High_severity,2
535,0.0946306818331174,0.16101706895230022,0.17940090505146966,0.19835425562207676,0.1889973292648732,0.026049050509734814,-0.02415615869994288,0.07994031232741479,0.016576077370122316,Others,3
536,0.060362143163940674,0.08982189336248438,0.11452774270884632,0.26522615621529677,0.3787458338853425,0.5356420933811051,0.1762804584906014,0.6166108413395817,0.399011054057937,Healthy,0
537,0.08438503251217438,0.13173789790001225,0.1480920778528409,0.18370737479648735,0.29751873265076895,0.33532995895914774,0.2365028748294909,0.386204482241876,0.23703195829320145,High_severity,2
538,0.09171983377024547,0.12488637159252515,0.14382187182673198,0.22476793640724932,0.26566431089008025,0.2975495736021224,0.0833884286936725,0.36046010316170723,0.2009526500436453,Others,3
539,0.059389508945815676,0.09769141534083578,0.09326884698583034,0.2645694617591556,0.44858307317621177,0.6557404578064868,0.25802840542904787,0.6423357949369546,0.511561507899009,Low_severity,1
540,0.05337494459127514,0.11774938780960964,0.07899948716011293,0.2682168143858488,0.3975927772556484,0.6684818740943865,0.19431375650632202,0.5430244377744678,0.48934437897600713,Low_severity,1
541,0.057096064232687635,0.13570101962257697,0.14064935308878948,0.18689826736488063,0.3727497871130903,0.45208574742262686,0.3320864215664404,0.46621770356192976,0.34354741110900877,Others,3
542,0.05959876091588298,0.11092835442696954,0.1152160376235012,0.204297667658499,0.40941491412209324,0.5607730072343421,0.33422362935509364,0.5736339407780379,0.43069000989681017,Others,3
543,0.053615338927404776,0.1115515833504047,0.11124700636558155,0.2555251777075652,0.385790143589214,0.5523593905377124,0.20312155589585001,0.5514087103174112,0.41303847690541906,Low_severity,1
544,0.08556242019746983,0.16339774847715482,0.1903038543269834,0.1882657775517745,0.2767339078055366,0.18506009681938526,0.19025417229214284,0.2575051299095543,0.1340641340953794,High_severity,2
545,0.05756354230457099,0.1054937570491169,0.13099479488954288,0.20070228830700096,0.35015081531023456,0.4554879349926844,0.27130377594655264,0.5369471581638087,0.33505121687707684,High_severity,2
546,0.06286210910697192,0.13308659070257614,0.16033566991446158,0.21449120636789767,0.3081762094638429,0.3155534492435058,0.17924400920776876,0.3967921580863671,0.22897066525030335,High_severity,2
547,0.05430038621100898,0.1213731144224642,0.13678014810665126,0.20364686312276553,0.39086937260444876,0.48154923775040637,0.31491572177616317,0.5261107092973827,0.3708792045005421,Others,3
548,0.028703916051137597,0.09927658375421311,0.06768849747534214,0.3017432226659722,0.44233532084389643,0.7345673082547137,0.18894792680721825,0.6334032434982056,0.5563930521836559,Healthy,0
549,0.06424462186535089,0.09801697203903385,0.11896755133194684,0.21718142655370182,0.3467032997665853,0.4890487517039186,0.22969565793721278,0.5591971931431285,0.3537474723021356,Low_severity,1
550,0.05672103808331458,0.15238987088047296,0.17241965306589976,0.18132788912215722,0.2909088420232531,0.25573473294482757,0.23204665303206565,0.31247320849511057,0.1844996637617175,Others,3
551,0.06872378429922954,0.12726083249761913,0.18366234160325362,0.18747183213365395,0.30871223489238303,0.25397309133859713,0.24434561852298867,0.4161986507126265,0.18901616826589354,High_severity,2
552,0.07319449084360395,0.15089665553358567,0.1533643765452004,0.17549562268876587,0.21364324052112718,0.1642441768859333,0.09803086105996388,0.17212542623352273,0.10428777577506912,High_severity,2
553,0.04582820035793868,0.10691040056405039,0.11617510073525468,0.264173120230882,0.3708903433802757,0.522958969317896,0.16804182458012645,0.5524896019144427,0.3870795662489144,Low_severity,1
554,0.08465084817571664,0.1287300165180423,0.16577973934642165,0.18774790279221165,0.28234620931245924,0.2601198844094821,0.20123269805852065,0.3736927196022211,0.18441611601958618,High_severity,2
555,0.05044095688197717,0.1100667848994327,0.03775167977054049,0.2926032832057493,0.47505835411269903,0.852765440314547,0.2376764215342209,0.623783776970312,0.6476634211434553,Healthy,0
556,0.07769669991072954,0.15805605802981004,0.1855342430934225,0.18782451276412407,0.28242358729389383,0.2070471694431923,0.20116843538144735,0.2823456897144189,0.15014498745524213,High_severity,2
557,0.06342558879673349,0.12753388827012396,0.1297773595005726,0.1996252850494443,0.37523313306377293,0.486040938113629,0.3054801712580001,0.49267202159854345,0.3663480760338705,High_severity,2
558,0.08179980320997336,0.14383803340906012,0.141763887910478,0.1752351181821773,0.27380552394916824,0.3177366578733802,0.21951332801220885,0.3111923750535201,0.21632707634448328,Others,3
559,0.05754555606466131,0.11700790497392695,0.10615350338230592,0.23504923934069588,0.4113242812942919,0.5897273022120266,0.27271389734595874,0.55706690595403,0.4498930333043835,Healthy,0
560,0.0496222651207755,0.1126925720561483,0.08358816367674404,0.2247643840719833,0.3617371402674697,0.6245972868084981,0.23354202932337118,0.5249345935598636,0.4413543815502372,Low_severity,1
561,0.05950777053782308,0.08625538067254782,0.05987797448334316,0.26358038828616565,0.5044069075241231,0.7877739546367968,0.31358138416061426,0.7079367266331125,0.6265177781191973,Healthy,0
562,0.09900103641881296,0.1616299145046153,0.19389592610640483,0.18124092667249114,0.242435461270391,0.11124465616788108,0.14443697203666161,0.19998136838819427,0.07776018589952444,High_severity,2
563,0.09129886222330012,0.13249511466669742,0.16911127443308455,0.18707654805319415,0.24937405671821997,0.19179353805382535,0.14273667623316366,0.30607064096753345,0.13107903778581986,High_severity,2
564,0.07974393250493024,0.14664078163190913,0.14566968255946178,0.19474205741597864,0.33513036269781804,0.39405295820422476,0.26494737214609,0.3912429859786402,0.2897542894515125,High_severity,2
565,0.05602595056261123,0.13296644179562614,0.16827668767431433,0.17630805239351843,0.2844943857915864,0.2566809253684019,0.23477812709534626,0.36297523978894586,0.18296792590664981,Others,3
566,0.08448231647274639,0.12419117635371993,0.1433621493926671,0.2028637571296321,0.3527344810259574,0.4220394148950664,0.26974657873978997,0.47920111056280557,0.3152891876744405,High_severity,2
567,0.06919476189279718,0.13076894010236575,0.12072638762856121,0.2669543397781932,0.3447500521492336,0.481278203097916,0.12717860685275273,0.4499948804014319,0.34805147276131093,Low_severity,1
568,0.09210963978969872,0.13833428213579962,0.15813402501678314,0.2061754716428484,0.2782580798772388,0.27526633390773153,0.1487977205711802,0.3358770119195317,0.19242588798960064,High_severity,2
569,0.05554871255601067,0.09861470073365752,0.08442007718692214,0.2610553437013744,0.4218582149110929,0.6665072214055013,0.23546592270980116,0.621057320104752,0.5029992304921496,Low_severity,1
570,0.047030375714013965,0.09728158166429543,0.05038971577328142,0.293482715896884,0.4348300616067519,0.7923014760636384,0.19407505961154478,0.6343565005784244,0.5853115538176695,Healthy,0
571,0.043038906479544295,0.1110184157368305,0.07711942889321655,0.25511694860329437,0.4453170754879523,0.7047701366711913,0.2715460990511224,0.6008940019540318,0.5401767909552309,Healthy,0
572,0.0865679736150505,0.13065190597884865,0.16242948517955116,0.1684928019174452,0.24357453228356732,0.19986267035248584,0.18220743100567188,0.30174946171369854,0.13434550875043896,Others,3
573,0.05857108641252187,0.11488091847415283,0.13070967185613122,0.23962349362458354,0.3690109960566039,0.47686905805962504,0.2125865435259767,0.5251794253038677,0.3575518620086293,Others,3
574,0.06338225022015713,0.10571558533331307,0.08382637486449862,0.27273495132866604,0.4407860927320812,0.6804255329709015,0.2355237351473375,0.6131188994421964,0.5225776512922466,Others,3
575,0.034305569941975124,0.11898043754483667,0.10596715177445333,0.26069027839524683,0.43096529060080085,0.6052868353207295,0.24618469052842543,0.5673011664404526,0.47013401097069885,Healthy,0
576,0.07114949840454593,0.13368040988722116,0.14610587840940706,0.19954472572526818,0.3460572121876991,0.40627047740558,0.2685336621472963,0.4426936569659138,0.30229606756177074,Others,3
577,0.10867999949666217,0.17009503103533674,0.17225981603389495,0.17796879175722377,0.20637122387631301,0.09009141947397539,0.07389923235620251,0.09635974637219392,0.058235037734219064,High_severity,2
578,0.04916145704417679,0.10766122846272819,0.10573729202386507,0.25004006865982625,0.42169164207730897,0.5990462972834099,0.25553590916396995,0.5932345531520629,0.46127913021524497,Others,3
579,0.06903974740799382,0.12471948792562745,0.16326931265566802,0.20474602231886657,0.32787916470542877,0.3351529316230336,0.23118159896735332,0.44887379933366817,0.2491198682280624,Others,3
580,0.05472192398838242,0.11780999240203403,0.15093781919047383,0.22059859601841098,0.3837021245409492,0.4353664706118643,0.26990457395378303,0.5301808733150596,0.3374569676543884,Low_severity,1
581,0.06377239947066334,0.09394108024536998,0.10984724664331344,0.2493604462636781,0.4113034725691796,0.5784434613875127,0.2451216445898746,0.6281361977202705,0.4428184110152924,Low_severity,1
582,0.04688670669784397,0.09331535975408009,0.12473184060045227,0.2641950327212483,0.41097702519704893,0.5343297504895089,0.21739938842901996,0.6299156499730874,0.4145641609085576,Healthy,0
583,0.061993324416113084,0.11110478341447082,0.11831699865401162,0.23614934757174316,0.37352474169891137,0.5188818315049357,0.2253259512660423,0.5414857013159603,0.38596037955726215,Low_severity,1
584,0.06266417290064373,0.12201077709461941,0.10391483774011323,0.2414902904889547,0.41401828754863435,0.598732605943361,0.26319716147144956,0.5447605917570091,0.4569604457864906,Others,3
585,0.04743490482771473,0.10848718813376088,0.083327482606088,0.23572525858735718,0.42991364387500175,0.6752891445882282,0.2917323259943114,0.5970021527307178,0.5130854130535265,Others,3
586,0.05758786168402016,0.09247977105916942,0.08067659236146134,0.2852289570110163,0.40915564613160993,0.6705950077534453,0.17846981134047288,0.6312869151980233,0.49777988783770233,Healthy,0
587,0.0725532037478001,0.13562176353738992,0.0829339602703808,0.26591140052240525,0.39691382037642353,0.6543322127755136,0.1976424790782275,0.4906565208632548,0.48065607685325745,Others,3
588,0.057494637560754194,0.11906985430233112,0.04768162809757113,0.2895098488436316,0.47331077600383487,0.8169584518998462,0.24094907921106098,0.5979954501861715,0.6253168185137493,Healthy,0
589,0.08240177358613801,0.15768907489016226,0.17914599691257607,0.17776384313851984,0.2679609281597665,0.1986436046205727,0.20236049425416677,0.259066962244728,0.14066246729281362,Others,3
590,0.11965848852729427,0.12611970556576005,0.1526035560277107,0.19034934621885155,0.27406442015453847,0.2846730265853052,0.18025967358680697,0.3696916121360139,0.1966090345981804,Others,3
591,0.08077647942768984,0.11631776078011699,0.14077046936939236,0.1985217613560138,0.3441608887616922,0.41942104997326285,0.26836886599210386,0.49479629122498153,0.3097531889606523,Others,3
592,0.08830014552091905,0.17048797788836534,0.19680171389629691,0.20185434385222523,0.29266387826061196,0.19585067040541707,0.18363233213207295,0.26379231509103046,0.14532415041640975,High_severity,2
593,0.06825710395070314,0.14013893168362107,0.15878478786827774,0.19518093151504548,0.3714890782149194,0.4011215787754275,0.3111301880681669,0.4521842863473733,0.30968118868522077,Others,3
594,0.06563533494994275,0.11814564737907776,0.11586583904618439,0.21157073124657816,0.38577653051742433,0.5380540158640148,0.2916323726945796,0.5310956629364979,0.40420218783601397,Low_severity,1
595,0.07149224070928173,0.11802679980374013,0.08601615172162289,0.2564104031159948,0.40823474362575696,0.6519332487555042,0.2284291719484316,0.5514519300247821,0.48612265789042297,Low_severity,1
596,0.0749882986309178,0.12247814590245476,0.07893446494244494,0.24893240227720048,0.4375855760927581,0.694360494573471,0.2747971353401237,0.5626278186127484,0.5292337042146315,Others,3
597,0.08896511134770874,0.11889845100698719,0.1421572830570392,0.23880294553754394,0.3482173535823368,0.4202094788944707,0.18638947956116309,0.4909251631444172,0.31209412514518486,Others,3
598,0.07371281327610027,0.12244020609371276,0.1244028761593557,0.2279417825440933,0.34570225172395747,0.4707444408467109,0.2052849191225745,0.4769104829137281,0.3421784441766505,Healthy,0
599,0.03310155667377303,0.11370177601743975,0.06991828560150755,0.28023277330421614,0.4243648301631556,0.7170921547933398,0.20455939127475886,0.5773691408781567,0.5347267879869269,Healthy,0
600,0.06596499659000539,0.09673855854191901,0.13547255293109434,0.25514117575995326,0.3897750809861546,0.48415739859405976,0.2087618412745398,0.602319233492582,0.37206015353104316,Others,3
601,0.04409303212416653,0.1129730146543551,0.09617852468710286,0.23201305807446215,0.4176474424992024,0.6256377418456548,0.285740604917216,0.574185227383114,0.4756273683307003,Low_severity,1
602,0.027270409824451832,0.07942823217826439,0.08623169012389248,0.28953800971664445,0.43205644692685125,0.6672442066122387,0.19750489474812877,0.6894208744737746,0.5094207781962878,Healthy,0
603,0.0673046837298165,0.10456802796396542,0.10768574999998723,0.2370713287461932,0.35002974392823577,0.529464257039662,0.19240028751349691,0.539953627450855,0.3795657407622737,Healthy,0
604,0.05155510423131992,0.08788555187469492,0.06692179614137198,0.2541436331601554,0.4858220540587124,0.7578560263776888,0.3130934648730961,0.6936224970149824,0.5968692068413284,Healthy,0
605,0.08965560961980723,0.14373489439383713,0.18419183444233378,0.19637169334904697,0.29144163436636167,0.22548833704376012,0.1948900032366043,0.33941798376244087,0.16489255958231847,High_severity,2
606,0.07445189953454888,0.11935317815032687,0.152429151233547,0.21932321768137314,0.3815810114054299,0.42911516709618014,0.2700227188792475,0.5234776118748341,0.3324220618688797,Low_severity,1
607,0.06806092552437235,0.10629200056002513,0.10874181262087458,0.2418900234950337,0.3476335876926108,0.523454539634785,0.17937121124724403,0.531676542099374,0.3746830611600285,Others,3
608,0.07403362879236497,0.14579267022460257,0.19587442523789067,0.17233410679544556,0.31121704034995956,0.2274591921565017,0.28721456742351914,0.36197123671044545,0.17179563980031667,High_severity,2
609,0.048283912137818866,0.08424791790084538,0.08494858331706796,0.278461226867704,0.41001457419897225,0.656747852735625,0.19107911581997314,0.6590964548293853,0.4900673785149634,Others,3
610,0.05819816681905774,0.13997233016351457,0.1507516170611237,0.22515287342284268,0.25333963849726693,0.253873401181084,0.05890743192890422,0.2882376265328653,0.1702063051800819,High_severity,2
611,0.05011696942278181,0.14795968020007563,0.16171144598397358,0.18076913462666216,0.31407722604441296,0.32023835164227893,0.2693928904255614,0.35953306672959934,0.23421943361524328,High_severity,2
612,0.08821708727481063,0.1360071890932123,0.19592550685086685,0.1830347039712491,0.2592599031077035,0.1391397766079567,0.17234033134581653,0.3118213391562619,0.09945879972075324,High_severity,2
613,0.0635552364183876,0.1260715400731518,0.1548536974075768,0.2220727309763952,0.32303037102193083,0.351919397872042,0.18520833889117302,0.4385615515830647,0.2579702631076416,Others,3
614,0.08691986537284777,0.13934146531479089,0.16784499572745346,0.20755884398259106,0.30132745795162524,0.2845061792896219,0.1842624052025587,0.36759114174906804,0.20659243107476677,High_severity,2
615,0.07294251105287164,0.08314376685950024,0.11900934502794415,0.25418955873557036,0.3890370080584339,0.5315020202193631,0.20964222605881408,0.6478307831404156,0.40180840226801273,Low_severity,1
616,0.040365405828468544,0.1074089183177043,0.05147699206151364,0.33323934588641535,0.43683477008576715,0.7891634154575718,0.1345265631588817,0.6052910833645628,0.5848727994297004,Low_severity,1
617,0.07250639666750759,0.16703548329558573,0.13317136069662633,0.24109925259037093,0.3735340207371347,0.47436374044495866,0.21546957168424608,0.3820018256691182,0.35814250793739855,Low_severity,1
618,0.05549654169524796,0.11627636360961319,0.10503987369325708,0.2570135730969878,0.3655422909623178,0.5535747778705676,0.1743276774515955,0.5173438699133878,0.4025971629534896,Healthy,0
619,0.0507546780234562,0.12769939391702873,0.13986736944646727,0.20172393016981116,0.3499034093663874,0.4288455926852602,0.2686224350685079,0.4652485578429483,0.31831012455001007,High_severity,2
620,0.0671685876691768,0.131980754780536,0.15949575116542947,0.20821290303762588,0.3567707696811089,0.3821185580506003,0.2629418756981309,0.45992698467422055,0.2911761055820548,Others,3
621,0.07309491695503535,0.16117447423691883,0.1624372863899913,0.18522652158277877,0.26665863546556307,0.24288589978875533,0.18020533007697978,0.24655445975651266,0.16826252266949723,High_severity,2
622,0.07337601402830919,0.15101301625293775,0.15486863490165095,0.20599937339187468,0.24905899256499955,0.23318622262629274,0.09462438753890665,0.2450708226295333,0.15630182351101496,High_severity,2
623,0.08609865338149596,0.08453933998206631,0.13447234658556984,0.24543185638800447,0.3747667699901026,0.4718695315873781,0.2085378910904722,0.6318823627789804,0.3571419589143257,Others,3
624,0.04168996378762738,0.12245127966144453,0.09578558769862268,0.2520643341868032,0.3602685487816695,0.5799376432023134,0.17670815597933098,0.4926610739965708,0.4149602271322302,High_severity,2
625,0.07413430615682692,0.16402677521746825,0.13190827043426268,0.21300152517342347,0.30673574997508646,0.3985634624123502,0.18034924428862514,0.30314429700887163,0.27938303937297815,Healthy,0
626,0.04476385714132849,0.1193784684858706,0.11884041448098903,0.24575962445995705,0.42299809519852094,0.5613437865415601,0.26502642964491874,0.5597948861398929,0.43791481773566343,Low_severity,1
627,0.0737244447804014,0.10007134074395596,0.11911743708719992,0.23249199308039264,0.3323015859772703,0.47225335663274454,0.17671871033556405,0.5371063516727667,0.33610450872121866,Low_severity,1
628,0.05874658086845617,0.11242593160750568,0.07207226242616821,0.27202637210710917,0.45341164187280375,0.7256918362806295,0.25003551822515474,0.6026211871509166,0.5577942927938813,Healthy,0
629,0.0752398851628143,0.1076149947970603,0.1502231031327801,0.23088884023999695,0.3382790435575951,0.38496440946862315,0.1886793095230024,0.5173068687163499,0.2853649954951272,Others,3
630,0.0565088909161772,0.14190913493191806,0.1275957107515153,0.20190198128984335,0.34852707605639266,0.4640218267772432,0.26638327466479994,0.42129422031889735,0.3395034440708451,Others,3
631,0.0635173312440468,0.11490702462378916,0.17121093090847378,0.2236745698188102,0.29752716598729917,0.2694814778558796,0.1416967578863986,0.44278613539029965,0.1955888317238583,Others,3
632,0.06636243003909943,0.10939616326151891,0.0866134676383344,0.24432638832221876,0.43683801807344996,0.6690678314894523,0.28262138764691525,0.5994532491754353,0.513299196871374,Low_severity,1
633,0.0967987609240695,0.11979232588612876,0.17241595439590512,0.20984070589947257,0.3079617600380359,0.2821650579728763,0.18949514649550772,0.4399009625948194,0.20738813772464224,High_severity,2
634,0.06458970341378371,0.1043944906652923,0.1331134993067661,0.24344785825088852,0.3811871320531752,0.48235140620076533,0.22051162029081514,0.57002289303762,0.3668640614180631,Healthy,0
635,0.06191870315048434,0.15151756184759727,0.13529910704205103,0.2397900659455034,0.3284817576976855,0.4165386399976727,0.1560726540752627,0.3686759306611758,0.30066375727609357,High_severity,2
636,0.06306588080426215,0.11435019971506624,0.10409766029277909,0.23844237552316858,0.355337823526542,0.5468453614970809,0.19686653106731006,0.5130801976773237,0.39279373257119793,Low_severity,1
637,0.08968781564276591,0.10628174422697172,0.11750383244431056,0.24600941370789478,0.34810280571341273,0.4952656478041605,0.17184193266545095,0.5321947269513633,0.3582188090210227,Low_severity,1
638,0.05614994081927339,0.0907266209454749,0.08190241498362673,0.27035343529737843,0.3914226655779823,0.6539274238903716,0.18294590892669016,0.6236575538681797,0.47700443065090176,Healthy,0
639,0.060233619196226926,0.06515431236421292,0.06212901085112862,0.2749845421237319,0.4942039257193228,0.7766480940922652,0.2850008713863355,0.7670390532284156,0.6135493364492529,Healthy,0
640,0.05700214464440411,0.10229410693852209,0.1242844867908161,0.22606178719494885,0.36013361796871596,0.48687100845451825,0.2287152536385618,0.5575779676314085,0.35937341568221925,Low_severity,1
641,0.07589115466291217,0.13535481336072425,0.15551254827374594,0.1927589779164006,0.3296850703131302,0.3589723349151149,0.26208757255585086,0.4178786890646464,0.2651841398417248,High_severity,2
642,0.07048246573227457,0.13236072644136163,0.11987712566692586,0.22519021720732996,0.35254276409843804,0.49249755031920833,0.22043496046092292,0.45407393832526854,0.3588968729665519,Low_severity,1
643,0.06597457306458923,0.10704268765218883,0.11468887082998307,0.23182696654711757,0.3998508758386853,0.5542079243730977,0.26599620568762267,0.577652211975203,0.4216128632885854,Others,3
644,0.05372640097791656,0.14106583217788582,0.12122740695389209,0.2580557095728345,0.37336868443816534,0.5097922969318524,0.1826235665885946,0.45156933439919056,0.3802668434952893,Others,3
645,0.06804521329142955,0.1245488009989727,0.1542958731491385,0.1823026015292024,0.27252298713569434,0.2769959928847996,0.19836259844422227,0.37266355998713296,0.1913433989952825,High_severity,2
646,0.08936523391121752,0.13143680944558453,0.15418988735671055,0.2063118586462724,0.30710125796830073,0.33148559681078127,0.19631247441948863,0.40056830085158124,0.2386031089882104,High_severity,2
647,0.05585090876903307,0.07566910801561882,0.052878083219321505,0.30194546279237516,0.4899672888508201,0.8051817849430276,0.23742745102702953,0.7324461140237191,0.6286970494444022,Healthy,0
648,0.06112790340736725,0.10844004287040288,0.05827517751117566,0.26371029169676474,0.4681682443128824,0.7786080133387944,0.2793604984385314,0.6238692877616125,0.5989999907739185,Healthy,0
649,0.08116655481373507,0.1448859260283093,0.10197542694490272,0.255729099527367,0.39564527649921877,0.5901479731887657,0.21480147534409783,0.4639128126153621,0.4415553654918185,Healthy,0
650,0.0628729126163941,0.08908172084258457,0.11863153277285914,0.21220879353938182,0.38197135169674123,0.5260453487056839,0.28570890414033767,0.6217762879143619,0.39477172664279286,Others,3
651,0.0409634523925933,0.09044498095852643,0.036872103739989295,0.2994078752578604,0.47078944434085135,0.8547374569557995,0.22251644445125335,0.6776926828382611,0.6459272085363685,Low_severity,1
652,0.06091771595168305,0.11461868732936023,0.05316048017538996,0.27667985801562706,0.4642737179459864,0.7945227417577068,0.2531789656145448,0.6040069405476393,0.6061029379536621,Others,3
653,0.08195213951333032,0.10837018693594953,0.14598700700029105,0.20666048229801745,0.2870416226196581,0.3257396993431236,0.16281303952520954,0.4518616575577559,0.2267689508254793,High_severity,2
654,0.06086657948502059,0.13768750971140434,0.135126399961636,0.1826774817581845,0.32552650541660066,0.4133266136650748,0.28108599551244073,0.40551233246534807,0.29729796952000886,Low_severity,1
655,0.03396119854116536,0.1159598748359843,0.09353244980431025,0.2846261321953979,0.4455620774090463,0.6530016719413179,0.22040337422159997,0.5869800837799374,0.5081774829699215,Healthy,0
656,0.05128433541797197,0.09763083981738806,0.06642644670596305,0.3034717239546629,0.4454334440997385,0.7404506666798861,0.18955900720231555,0.6404446298210734,0.5618470514114184,Healthy,0
657,0.08441393589706653,0.15410342426595142,0.19227524067801216,0.1535452423018989,0.24265985198911233,0.1158439780109024,0.2249204035265611,0.22319713799880866,0.08083653887784781,High_severity,2
658,0.059684439733078624,0.1404154548198745,0.10275633695041908,0.23185218054521217,0.41034202797848274,0.5994672991614087,0.277937491594001,0.4901006006983903,0.4554133660796842,Others,3
659,0.09026071701012045,0.1640947782718349,0.16193426609519995,0.20439953389727505,0.3027326278708447,0.30300923866965557,0.19390033089349068,0.29697881438571105,0.218933130165967,Others,3
660,0.07836509799193019,0.12417847450701446,0.11954115479178824,0.22767374016703149,0.32873552262966765,0.466663510225854,0.18163209928365648,0.45164655854281577,0.330907170057243,High_severity,2
661,0.08378227773280439,0.11540289076265135,0.13092414071392355,0.17340977752683684,0.33546783529367424,0.4385660669608487,0.31846175521185244,0.4880887842417407,0.31748560572404194,Others,3
662,0.05781890461548233,0.12539710380424982,0.15893688724695185,0.22551558117815984,0.2945097069381205,0.29898299255024324,0.13267455898131866,0.4027384143517216,0.21328853737273845,Others,3
663,0.05968863689257599,0.12463189651953657,0.0957825318864223,0.2639570563903862,0.35018315157984253,0.5704488688817788,0.1404013189014914,0.4750297109646321,0.4033982798845779,Low_severity,1
664,0.08715933135389194,0.11601104953528604,0.12807045876083895,0.20523377981070792,0.3102895516703095,0.415683658576085,0.20378470855585312,0.45573124125463566,0.2912833414955732,High_severity,2
665,0.05101390746568442,0.12141091472525592,0.121078765111157,0.2149969653781371,0.29475174179868374,0.41765328373365845,0.15645900675699298,0.4165218199087895,0.2844516131159366,Low_severity,1
666,0.06476535698460674,0.13068927218070867,0.1698312101086942,0.17154543672404118,0.2884446370181629,0.25882539447171626,0.25413418020762873,0.3763841611836806,0.18566693598471745,Others,3
667,0.07735385031687655,0.139382569027007,0.20477498303108393,0.18066335888349871,0.23096912398837194,0.06011358624321784,0.12221038717328817,0.24729616925920678,0.04198926943935867,High_severity,2
668,0.08532027572139957,0.14826918117770357,0.2049652830447702,0.16252852596307665,0.310929656162396,0.20539913277783484,0.31344083976563547,0.35422666992560364,0.156459643160035,High_severity,2
669,0.10435083257784597,0.182247601718612,0.20526557390561548,0.18539219601381865,0.2999259252513638,0.18737518644654452,0.2359972237157879,0.24405803502372586,0.14125719043356935,High_severity,2
670,0.06929012319822972,0.09419888155550296,0.07515196238921988,0.2815706376364429,0.4905593220467735,0.7343098345151612,0.27066516690541687,0.6778193756831075,0.584690289561961,Others,3
671,0.04985358219108199,0.10701895498214281,0.10208206820319712,0.24981069566403566,0.40293838218639483,0.5957309525804464,0.23458889750809656,0.5802827131526348,0.4490301374463157,Others,3
672,0.04894905921431534,0.10838642401579873,0.04233235243119301,0.2771350301883162,0.4392390658743689,0.8241907604062471,0.22628405546348518,0.6041585864181128,0.6065376997147129,Healthy,0
673,0.05938375562516325,0.1088075723415294,0.10523571328011186,0.2817888709351033,0.435456774514958,0.6107372835555368,0.2142472450751936,0.6001664523132177,0.4759634547778234,Healthy,0
674,0.06628423237333451,0.1375493043063597,0.11586668896128346,0.21566079448840544,0.36945275721415005,0.5225137180289292,0.26284122505493646,0.4574014003262769,0.38604647848549045,Low_severity,1
675,0.09172420844248527,0.14879405768803314,0.22821970072257203,0.2134893205950633,0.22612642140111383,-0.004607234924057186,0.02874578773878492,0.20626337590562221,-0.0032901259924440216,High_severity,2
676,0.0694777779185929,0.11727309334744686,0.1220221340273696,0.27242694261004474,0.3643725906478109,0.4982588098221778,0.1443871159379998,0.5130316859702141,0.3685397699692391,Low_severity,1
677,0.09134758808856662,0.10056022264524916,0.17288367773837596,0.24558310112043935,0.3202998179138288,0.29890728597984423,0.13203564603239917,0.5221203585321943,0.22264184939759912,Others,3
678,0.06385550071381331,0.07845506264249985,0.07952583076375355,0.2957570525995797,0.46435261492567953,0.7075602778744255,0.2218042600023861,0.7109286921143613,0.5529764299919505,Healthy,0
679,0.03273990516871196,0.06901862197146286,0.08642598477855401,0.2830161274036319,0.422107670334271,0.6600972859529651,0.19725833020649222,0.718937376993461,0.49926199862635845,Others,3
680,0.05837143777638246,0.10627742926124263,0.1019187304759344,0.29862713665865975,0.4542322476072439,0.6334853861906132,0.20668549027958413,0.6207828922597577,0.5003737975569474,Healthy,0
681,0.08919725383630928,0.11575278581259432,0.15012207110380485,0.19030790467639627,0.270183193364421,0.2856521971299089,0.17345674873598682,0.40014514293572734,0.1956868990584178,High_severity,2
682,0.0789871962931405,0.15108276710557356,0.1483477953675941,0.17034840038260057,0.2996381245015849,0.33771224144314765,0.2750924064277035,0.3295950113745558,0.23938698765937685,High_severity,2
683,0.09525413647311301,0.1404661513053356,0.15953644369576284,0.21336830500478904,0.28255962274074764,0.27827250316114766,0.13951889753516974,0.3358979054073731,0.19587680613664182,Others,3
684,0.056179869468306894,0.1030447734815371,0.07331977584628196,0.28359214229963847,0.3968832057284688,0.6881356404813613,0.16648812298215807,0.5877615265928102,0.5002511371749336,Low_severity,1
685,0.053652521202441926,0.09083846413136723,0.093746728406455,0.26788187390821594,0.4433724973153663,0.6509276752085309,0.2467339822534251,0.659915386665368,0.5056686255125245,Healthy,0
686,0.05723168408885311,0.1182660382873274,0.09438096710445043,0.23132128170573693,0.409496838085034,0.625381526503402,0.2780438799662405,0.551821306188709,0.47084794984749856,Healthy,0
687,0.026726259299244576,0.09106675870147256,0.08362105983437385,0.25762945914766683,0.42438131139483853,0.6707847657008525,0.24450032088867008,0.6466501128447069,0.5070825148133183,Healthy,0
688,0.08086779766105412,0.12541842400446132,0.18384132218837304,0.1464458688160609,0.2623397645549341,0.17593404269895027,0.28350775144216783,0.35311012014772614,0.12444516720908178,High_severity,2
689,0.04956152490963501,0.12892188697278806,0.07488079290354585,0.26967612800370794,0.40120133098364164,0.6854290923920948,0.19604951875781207,0.5136153912678315,0.501475024632985,Healthy,0
690,0.06774639387632098,0.14569984094918334,0.19525279890325087,0.1503792657417477,0.2540917312669087,0.13094391588872012,0.2564150861055221,0.27112099866662087,0.09296772219213968,High_severity,2
691,0.07467344400709548,0.10743432808454137,0.09715926132056488,0.25683398855031414,0.40586514909594573,0.6136996165251076,0.22488509804758863,0.5813970874286898,0.46166257456364795,Healthy,0
692,0.09164113008780665,0.15433026260947752,0.19475793918974735,0.1554723414213054,0.2468561291852251,0.11797221539428272,0.22713726330665593,0.23063062074920884,0.08299290295023137,High_severity,2
693,0.06671307835964974,0.12261923969384166,0.14052384658138117,0.19566698737325436,0.3385342593860106,0.4133327676499174,0.267440918342032,0.4682064000880142,0.3033687351104333,Others,3
694,0.05345248064150733,0.12002134228245898,0.13125231097566695,0.24812276347230938,0.43050340323199787,0.5327068059795588,0.2687497899549103,0.5639747594985911,0.4227682812326286,Healthy,0
695,0.07808499087932268,0.11918442850090154,0.15202000677458788,0.19663733587518156,0.32391383639964044,0.3611716882300514,0.2445033405039841,0.4620406445163863,0.2641989989802494,High_severity,2
696,0.06171370845088338,0.1328357495309472,0.04759486410757572,0.28927765118150234,0.4374232273966307,0.8037398400543458,0.20386046113634926,0.5341213206440514,0.5936363504152811,Others,3
697,0.03370551081825857,0.08566062161384286,0.06174421702426899,0.2644864119911246,0.48404936569017976,0.773745170409698,0.29332325888173644,0.6992834125334352,0.605719650100234,Healthy,0
698,0.06820119545466796,0.1472512080106344,0.1377880106383859,0.20572812650895916,0.321730162601931,0.40029353064856443,0.21992646335790955,0.37203813525343,0.28755393659043665,High_severity,2
699,0.06277420085607201,0.10199585070426238,0.07155829572247206,0.21764642779457988,0.42235073433330256,0.7102369409427831,0.3198518972460994,0.6109601793365156,0.5294132984049031,Others,3
700,0.0590115334145124,0.15279871309105078,0.17894300070705998,0.13803113485558005,0.2638829101360252,0.19181332290888367,0.31313107080662933,0.2665925033714234,0.13513615045805918,High_severity,2
701,0.07701518751263066,0.14626058207918666,0.15770279746359217,0.23038697914738282,0.26521761908017716,0.25421998421175285,0.07027908953500393,0.2890968140373466,0.1747412122800614,Others,3
702,0.07754662202145891,0.15844051848888593,0.15795304616485054,0.2221172331715111,0.27911401147250176,0.2772136750882335,0.11371353823218106,0.2757907522846689,0.19394711027373593,High_severity,2
703,0.07366207379249483,0.11971228289520412,0.165876369681805,0.20310403426492438,0.296912309172681,0.2831442199822642,0.18761041741721093,0.4253230117741196,0.2041506236552048,Others,3
704,0.06604503100992351,0.14461201944284655,0.13773784379569212,0.193742618359988,0.31796463540732867,0.3954922341586459,0.24275992988722978,0.37475435508225036,0.2828706561930203,High_severity,2
705,0.07300916695200683,0.15532580379109476,0.13797732684750186,0.20622954075954383,0.316450576398512,0.3927427173291117,0.2108766567174352,0.34152784957708404,0.28049250594626646,Others,3
706,0.10082500770363298,0.13140938258164458,0.15628576046637482,0.21179533708575826,0.37017326704985154,0.4062756936519325,0.27214170805541976,0.4760210199527885,0.31256119462609855,High_severity,2
707,0.0796129605917606,0.14272062734181568,0.19903226979867183,0.16791213482263007,0.24853445773957233,0.11060292219034665,0.19359582802901706,0.27044716971728433,0.07836206121785112,High_severity,2
708,0.0669444346121215,0.11028098336638836,0.1197179650823758,0.23910975033245557,0.3216860026366963,0.45755827388226233,0.14724835533621283,0.4894008711786097,0.3218087736187296,Low_severity,1
709,0.1020800822908291,0.1305752065411272,0.16561587311794657,0.19294412823459972,0.2540288242684625,0.21068525755516757,0.13666307030836347,0.3209888816491757,0.14420724340897378,High_severity,2
710,0.07989898369825586,0.1714703467504592,0.18288796960038367,0.15842606880990856,0.2678870441182626,0.1885620807078086,0.2567619244843565,0.21944935802072876,0.13409966599579554,High_severity,2
711,0.0842079592305277,0.10185470816010303,0.12423856746396385,0.22666695095869832,0.41227930005782576,0.5368707176973257,0.2904975947567259,0.6037814790227637,0.41683902654163374,Healthy,0
712,0.05881577562769989,0.09837049713004795,0.1264954693712839,0.2533610986988213,0.38169481265553584,0.5021728126449767,0.20208254369764486,0.5901786897537582,0.3796892528628786,Healthy,0
713,0.09133061597001642,0.15010094755778042,0.1495614960412095,0.19660822574526673,0.3702552909388452,0.4245607306754864,0.3063295838993715,0.4230838934825078,0.32460800466596745,Others,3
714,0.05990658418745758,0.11245323121404754,0.0930155164843281,0.2785029089857854,0.45965722828031413,0.6633974902310802,0.24541330552671714,0.606882799124368,0.5224440078164466,Low_severity,1
715,0.06133180948716456,0.14298136469904846,0.11203298049679168,0.24115819522572496,0.39997184739000013,0.5623752965018407,0.247708953890753,0.4733197575204754,0.4267848220069246,Low_severity,1
716,0.042032664975373356,0.08662770022222706,0.03775705982436973,0.29465069325052984,0.47825958385246975,0.8536595271217047,0.23755524546799603,0.6932920861756484,0.6503375610570348,Healthy,0
717,0.07438334172021854,0.14214042385708642,0.16247373452082015,0.2104381021268178,0.2784138250670383,0.2629697482383012,0.1390517642641194,0.32403287223603344,0.1848362581130374,High_severity,2
718,0.060818274014333054,0.10398037634113591,0.10665151534029556,0.24089158793413062,0.4144290083141326,0.5906524596531455,0.2648130111788195,0.5988484027530453,0.4521349969622971,Others,3
719,0.07279270249602891,0.11857875551506179,0.1051851343259675,0.25672786483803167,0.39100079320581693,0.5760253224060669,0.20729811272098375,0.5346015913993711,0.4303649313557436,Low_severity,1
720,0.06971060667245375,0.099230082154032,0.12363577616190144,0.18052910011796475,0.3217928956951981,0.44486835278728654,0.2812216003970807,0.5286239118779561,0.3143924953281635,Low_severity,1
721,0.04320845401997773,0.10868383156668913,0.04294114692910142,0.270970542221172,0.4578020143484542,0.8284903309730888,0.25636458239688464,0.6162875653455624,0.6218291817598911,Healthy,0
722,0.05175444393036878,0.11256871246098754,0.07409356482449406,0.25921503626811565,0.469806880929337,0.7275473281813462,0.28886901709456203,0.613415418714016,0.5686078366684001,Low_severity,1
723,0.08807992074308421,0.1325409217191163,0.15466272078012375,0.23719004971988394,0.3109612574799319,0.33567544627719725,0.13458183313819297,0.4022986675804783,0.24279410032066567,Others,3
724,0.06540680309210685,0.09699037388809531,0.08107320139044245,0.23082733456825819,0.46392686126515903,0.7024836988260145,0.33551366525721804,0.6541722457089575,0.5495506750044467,Healthy,0
725,0.055709834208497004,0.10503745863793944,0.10925111447919372,0.2316720097157356,0.3854326666631566,0.558299185686237,0.2491646277089861,0.5716866197570842,0.4164864614562941,Low_severity,1
726,0.07351871499089878,0.1507658168168138,0.1758091860310544,0.212816823033573,0.28250838948649176,0.23280626612442124,0.14069860506060083,0.30406281000132745,0.16701019502508924,High_severity,2
727,0.0810983885666042,0.11628894805116752,0.15313073997817095,0.18197056360898575,0.3053686322351429,0.3320351160396884,0.25320776510171156,0.44841998110312176,0.23824411888570035,High_severity,2
728,0.07909928972169179,0.12260112461426433,0.12866531864442193,0.2375902899465933,0.4102826789322589,0.5225316014793594,0.2665528541567504,0.5398579435204746,0.4065901675705167,Healthy,0
729,0.08501729843499344,0.1586352686044331,0.1413718577453556,0.2190916184424312,0.3491328163124564,0.4235657060071432,0.22885534291766332,0.37516644579819064,0.31462894220775967,Others,3
730,0.028139692631786638,0.11607712534319915,0.06993072075486242,0.294836797376208,0.4895229733893826,0.7500035427888977,0.24821030255433313,0.6166542060144017,0.5940687945405273,Healthy,0
731,0.053027788076689904,0.0868591205198509,0.10163830558419713,0.28596465030262996,0.3951937583917047,0.5908544840249,0.16035786491786605,0.6396282469426458,0.4417325597001525,Low_severity,1
732,0.03566173857351446,0.09014370657059678,0.049455878100705015,0.28984832875805655,0.4727624714978533,0.8105931048239767,0.23985254690651656,0.6797203154532256,0.6211587674444325,Healthy,0
733,0.04521777905507565,0.10643527629000056,0.07392391531811861,0.3029572558197199,0.45281398327078065,0.7193142338299311,0.19828318372024745,0.6193637292480572,0.5535347460243616,Low_severity,1
734,0.09004800099784305,0.1258998684242873,0.12385088164632611,0.20657360592662918,0.3260001645711117,0.44936937376172215,0.2242441615794691,0.44279770200605784,0.31923313196810965,Others,3
735,0.05215557624466517,0.10408105506183733,0.13605853951693034,0.20335449649082218,0.4091447656118202,0.500888794191004,0.33598451762136455,0.5944044478306992,0.39191355129887934,High_severity,2
736,0.030249606950211075,0.1073909278355904,0.06785100915025974,0.26839276282480184,0.4092733687716082,0.7155835572863111,0.20789087631534314,0.5842912756279117,0.5241231832954777,Low_severity,1
737,0.06549042868791284,0.1323694408081948,0.16202868108962032,0.177605318251123,0.33262419741921034,0.34487925521400664,0.3038218574329739,0.43066128253797953,0.25726892267985646,High_severity,2
738,0.06497972965941338,0.14455328404325848,0.09446069222351139,0.2493806271243978,0.3621604132797463,0.5862622595186308,0.18441899840575973,0.4294478921452445,0.41975822953760344,Others,3
739,0.06281466564561476,0.10464029881824911,0.09631735077296859,0.24925873591070316,0.42030560512478626,0.6271270965666078,0.25545994422217444,0.6013292111348518,0.47803601001569684,Low_severity,1
740,0.08474978188732937,0.15492053158268804,0.17708743574542085,0.17596310012727576,0.35091252436470344,0.32921420786287203,0.3320507081839596,0.38746378963892647,0.2536358395393249,High_severity,2
741,0.08434735102974045,0.10728062538221228,0.1543313121125397,0.2253036148577089,0.3126494936981698,0.33902502975637144,0.16236708637103833,0.48905486647564395,0.24558633527306262,Others,3
742,0.04945955933371775,0.11131976428898226,0.13038724302531135,0.1913992423398445,0.3165736167208839,0.41656080087481856,0.2464194142429069,0.47968456989796016,0.2949219681774508,Others,3
743,0.07286678663079561,0.12315302720172838,0.10608650909457272,0.2633111493997485,0.39908571645057284,0.5799986470748989,0.20497465198077294,0.5283650296013969,0.4372373209930688,Healthy,0
744,0.04589432944147042,0.11782332964754172,0.08168062443975135,0.2634427270405002,0.42676642033627604,0.6787054806239184,0.23662927956910945,0.5672950890058333,0.5132928858547555,Others,3
745,0.06721898325079649,0.09776837094864982,0.12853004879255575,0.27154698458909704,0.42251973049456193,0.5335083920772727,0.21751906931204365,0.6241760260230707,0.4195657819861875,Healthy,0
746,0.04859367463082791,0.1197308967996423,0.10120438834470705,0.22361586512984685,0.35447295343769125,0.5558067998341001,0.22636156262648136,0.4950235147195942,0.3975220830609352,Low_severity,1
747,0.07857697926537936,0.11549731107858846,0.15188595852774583,0.20478919640760104,0.3083557469368727,0.3399730762147447,0.2018270897385566,0.4550124912658981,0.24442250454027828,High_severity,2
748,0.04627077460067088,0.09140433302974106,0.10237351345184934,0.29397177648537054,0.4482184347955437,0.6281329075816755,0.20782631725089107,0.6612287750640822,0.4937857965511292,Healthy,0
749,0.0804643387132987,0.1344682333003431,0.12568951953061344,0.2404111239370002,0.3112144506242289,0.4246354891851038,0.12835395955589388,0.3965741180866668,0.2970287302704359,Low_severity,1
750,0.06205562564245072,0.1327700398494505,0.1448711361926826,0.1871786307244696,0.2724504975119567,0.3057099153636708,0.18552320022595378,0.34470231585998895,0.20861716866532384,Others,3
751,0.05447853588820233,0.10319588577778313,0.08359026376712796,0.22722543689694139,0.3845959753978293,0.6429187499563549,0.25721646110853674,0.5768855776762086,0.46634474771658585,Healthy,0
752,0.06346362200799337,0.11683680362759813,0.11792623818313187,0.21801382338008518,0.3409299171099612,0.48599910092605464,0.2199078097235886,0.48953561569810383,0.3488589154313724,Others,3
753,0.08450267269773969,0.12639868799631457,0.16892397118856348,0.19062352508256875,0.25419662383452696,0.20153273948130557,0.14291865803904216,0.335784314376981,0.13856150502821982,Low_severity,1
754,0.07242454995947367,0.14408920556961524,0.13144062597017375,0.2511160572854958,0.3493288945894317,0.45320732555100557,0.163566763276567,0.41595492535369116,0.33324078295418846,Low_severity,1
755,0.09174922663894633,0.13465769385037613,0.14523461554401654,0.21215601509659915,0.31430330500107917,0.3679102026150886,0.1940269380842717,0.4001363405959037,0.2642970421028559,Low_severity,1
756,0.05605309725559938,0.10193352434900087,0.11035949328812703,0.22160840839933352,0.36398426742903056,0.5346855912206998,0.24313121544475583,0.5624398718065561,0.3904547620147306,Others,3
757,0.0705415065489006,0.10857616721599225,0.12209917849243901,0.22734268347871572,0.35720044166188036,0.4905100135354711,0.22215257112455278,0.5337843715356642,0.36010623051052615,Low_severity,1
758,0.08280300753675776,0.09780521186694133,0.10316333348840834,0.2389849742652873,0.4080492861718201,0.5963975476310633,0.26129112821988826,0.6133069400543436,0.4522579328359075,Low_severity,1
759,0.05853224528734817,0.12068905532863335,0.14493005859384817,0.18683163442007114,0.26840262672269627,0.2987244234853785,0.1791846512120128,0.37963692931008564,0.20278355868659417,Others,3
760,0.09059679231897208,0.1623034800190456,0.17632423210763742,0.19763235641151605,0.26155082711251665,0.1946367878468939,0.13920037360787896,0.23415439084511927,0.13630802018940358,High_severity,2
761,0.08545448092256938,0.12860557868685066,0.14057201506962208,0.2013694126865568,0.31142751926042544,0.3779992925082211,0.21462317677292084,0.4154731574202633,0.26920523282247166,High_severity,2
762,0.06866907019250344,0.15648949683650132,0.1409133570253543,0.23150159242733817,0.34617927992173986,0.42141044090280644,0.19851390790918352,0.3773653583748846,0.31192501374223197,Healthy,0
763,0.04199615314245847,0.10840030570987087,0.0806200534271815,0.26219486868045466,0.4223214567238737,0.6794058481950802,0.23392661664984526,0.5914985463841665,0.5110488495663539,Healthy,0
764,0.08094776164787175,0.1250190706465945,0.14211158001249,0.22278908066552677,0.3193155941541236,0.3840346300836808,0.17805881035929022,0.4372751866989043,0.2764702604155712,Others,3
765,0.04765996561871959,0.12607829823742706,0.11392371837053819,0.23076837568683903,0.37276233319708896,0.5318389832476719,0.23527213349728396,0.494514719561381,0.39349691994020763,Low_severity,1
766,0.05514721724255849,0.07065610761473617,0.11010016078356345,0.2562437358025002,0.4009747930953323,0.569142804013625,0.22021755463216888,0.7003754100574869,0.43153274323904744,Healthy,0
767,0.0648115508991885,0.12342573736619775,0.12888511128568972,0.2530365434391345,0.3821415736536905,0.4955836355161042,0.2032579944747822,0.511733711116689,0.37574151029928415,High_severity,2
768,0.07230656743463729,0.11772933565611288,0.12426068353000824,0.23249938054700353,0.34270335373191274,0.4677933476050097,0.19159153219788277,0.4886143474626429,0.33885852283677287,Low_severity,1
769,0.05160552175373032,0.13524070396418406,0.08568069108569043,0.2570732075636111,0.44717722139233873,0.67841073922601,0.2699380873797359,0.5355887994642421,0.5249945698329606,Others,3
770,0.051427281336206984,0.12804093363502375,0.11631573008109682,0.24592880183899862,0.3749520730619512,0.5264671149343454,0.2078068055221316,0.49088384160314485,0.3913720522760656,Low_severity,1
771,0.055305531949796365,0.08993688016236483,0.08739264258685045,0.26296015148191915,0.4235411155760344,0.6579100864226324,0.23391211611639928,0.6496952901242341,0.49876928672366466,Healthy,0
772,0.09085846937836928,0.15517021965573247,0.16384637632605262,0.22587922092735552,0.26157863231423456,0.22972851619735932,0.07323589342027889,0.25532982791796727,0.15841195408979455,High_severity,2
773,0.07679956837855334,0.09728548416114376,0.09377447075800886,0.2978541291827874,0.41705511550712054,0.6328541913806132,0.16673583005075923,0.6217079335215215,0.4797257358833164,Healthy,0
774,0.04444418666581963,0.10347395488135723,0.10681034984174137,0.23849298532705254,0.3564559000319688,0.5388813673741237,0.1982740326233768,0.5500446262578151,0.3887485161391631,Low_severity,1
775,0.05454372864934092,0.10586809808615041,0.10254663823459097,0.2741621333381951,0.41763494760452297,0.6057275342833552,0.2073914710232893,0.5955397052314167,0.46328268478415147,Healthy,0
776,0.04125288715892371,0.10410802863352497,0.11454105191180203,0.24594692900252202,0.41247051403795904,0.5653186407574174,0.2529149049673624,0.5969324312421856,0.4351403703773833,Healthy,0
777,0.0862102479339446,0.15385839532898427,0.16324530560685666,0.20138393263140258,0.29200950399740255,0.2828398419392365,0.1836781048106652,0.30984762275359073,0.20219348350188893,High_severity,2
778,0.07205780431221982,0.14709373708328488,0.16525170447828055,0.18489100688716656,0.2834589805807299,0.26343762258949494,0.21045794028193449,0.316721362803843,0.18689671882703116,High_severity,2
779,0.034668078866330186,0.09640151279471176,0.025497173769150235,0.3092734708347319,0.46550057220064306,0.8961413815911129,0.20164214685594223,0.6568743367609724,0.6660006042711594,Healthy,0
780,0.06698366409573693,0.14437560352823747,0.16834726692741378,0.2196306576056047,0.2937580748793758,0.2713900849135767,0.14438847715836792,0.34095181154314697,0.19552558722381627,High_severity,2
781,0.06354575251988241,0.13574524201281474,0.12505119527352637,0.2093264274852536,0.3580910235606599,0.48234209142280005,0.2621783940574799,0.45024190617034343,0.35555358699294753,Healthy,0
782,0.07535482408941388,0.13952581992699076,0.13325139671900624,0.23140558641766631,0.35484812616101663,0.4539990699734404,0.21056163414365192,0.43554541645626016,0.3363983955727258,High_severity,2
783,0.08048893242476331,0.1529133709339777,0.17165698226071746,0.20110788244835773,0.31807551955236985,0.2989765570991956,0.22529155719012797,0.35067100722448924,0.22190622772834398,High_severity,2
784,0.05649899775876569,0.11901208616925774,0.08678124172571014,0.23386918961016379,0.40803943686283417,0.6492416526599089,0.2713318376941876,0.5483853818139478,0.4843961359844166,Healthy,0
785,0.05088107334703902,0.12472249071049173,0.12415696797551387,0.25157635102292564,0.31923914642262263,0.439972683820002,0.11853706793612685,0.43813843233893734,0.3101807005611313,Healthy,0
786,0.05769581072075673,0.11934243323176179,0.0847604862158583,0.3041709245670625,0.4230354531514212,0.6661631980694017,0.16345363878309324,0.5599288384429159,0.5034872939872244,Low_severity,1
787,0.04547168583493765,0.0959651856574407,0.05161752692245877,0.28817480820991004,0.4350609265849819,0.7878783145197548,0.20309576989683517,0.6385669802481166,0.5829306370775506,Low_severity,1
788,0.06323008971425326,0.10164582442606215,0.0762256030581246,0.28816590978268947,0.4825092105277936,0.7271492622093318,0.2521727971013373,0.6519902479858228,0.5756166732067581,Healthy,0
789,0.04871303355028671,0.13647073244430885,0.11795475447083827,0.26717246724356003,0.42035222399644306,0.5617565471408518,0.22279891719468534,0.5098236131763011,0.436861365371918,Others,3
790,0.04979545358953876,0.14915616230062928,0.14023491210756905,0.2466517421665431,0.32173663556104143,0.39288506915510385,0.1321013876017092,0.36649631093128193,0.28301521582423855,High_severity,2
791,0.07121421062482663,0.12782439008457838,0.16357896302342584,0.2260183070689686,0.31512908655643146,0.31658152326039857,0.16467007055225372,0.4228541062420728,0.2322706811260981,High_severity,2
792,0.0862451626694977,0.12002920283251958,0.15908522660034954,0.18750378930298636,0.31362160137959944,0.326918008440117,0.25166917187099075,0.4464246270655703,0.238308764265869,Low_severity,1
793,0.06774177170286731,0.14292016177929712,0.1275474732067484,0.26792685000169336,0.3384769528477189,0.45261464388632244,0.11634178828450581,0.4062275928262224,0.3275219662443779,Others,3
794,0.07200663109369104,0.1432894777892466,0.11815688540593518,0.22498566547505794,0.3257331148880718,0.4676298843061348,0.18293810381150172,0.38898688452806385,0.32987354895826826,High_severity,2
795,0.06671606064667034,0.13932598864323187,0.14489409014744897,0.18576088629057805,0.2921463802441708,0.33693055923350335,0.2226069813187438,0.3541834949825467,0.2357192054391956,High_severity,2
796,0.08303781612378945,0.11150545157549432,0.1272838672566261,0.21796256668671696,0.43352825357989083,0.5460730518207513,0.3308806205511208,0.5908309870718731,0.43303292869868204,Others,3
797,0.047915809659374864,0.11930069763830957,0.08755935108969735,0.25333735437370347,0.421795375303767,0.6561949990739465,0.24951837398038834,0.5590406081136704,0.49670747380605984,Low_severity,1
798,0.06489090666637344,0.12998913841117926,0.14588652444493272,0.2003670135104939,0.35132056461894157,0.41317600793020376,0.2736214428105745,0.4598524085725967,0.3090141091458639,Others,3
799,0.05052373211971172,0.08445491342644919,0.06612717450544582,0.2962866061332095,0.4968939868335045,0.7650987954051841,0.25291513998088144,0.709451885472959,0.6078432320935325,Healthy,0
800,0.026074211927876293,0.10195138717662984,0.09708294105597595,0.2914980482473155,0.4443626381221243,0.6413935405905605,0.20773577486386183,0.6267663561414983,0.5001889258681456,Healthy,0
801,0.09260990282997987,0.13875913849907867,0.1533191490893952,0.18418968067293345,0.3134447719480591,0.343054841305558,0.25973903252548447,0.38629836985764193,0.24844579846364628,High_severity,2
802,0.08942366736428656,0.13468909398861048,0.166147734344788,0.16026446016401402,0.2648390926709207,0.2289892686732525,0.24599802050469433,0.3257592405945093,0.1590108830688119,High_severity,2
803,0.09876510526140939,0.16112658420875406,0.19313631070159573,0.17338823863834654,0.28169550630995827,0.18650644804243952,0.23799414695401802,0.2722739553484614,0.1362684219928055,High_severity,2
804,0.06478799348544778,0.13104119309512713,0.10953546257330733,0.2386785927367151,0.4124178021291676,0.5802863207082535,0.2668409943019889,0.5177513142788475,0.44456388078182746,Low_severity,1
805,0.04343316613316204,0.11098844341599737,0.06378624261697403,0.2878953003552602,0.4775791079148276,0.7643504795631466,0.24779901915759403,0.6228523194490129,0.5960341369432048,Healthy,0
806,0.054799092401310145,0.11892452652960034,0.14840965600281283,0.19597421587586406,0.3543696811755915,0.40964297842593433,0.2878117957668892,0.4974604607725234,0.30808376908568524,Others,3
807,0.05830863592090562,0.12532477202155173,0.09798146615138836,0.2389856301068128,0.43556313811975367,0.6327149956460054,0.2914207500960326,0.5531200806593302,0.4899377403354962,Others,3
808,0.04673006776390797,0.11328890516782811,0.10710112451550442,0.2626869080069691,0.3646185627274066,0.5459120006566404,0.16249125741101522,0.5258960665889283,0.39751809332364774,Others,3
809,0.08118539725289498,0.11388565055988478,0.1627327912496404,0.2131343562633965,0.35505891461903494,0.3714353111290916,0.24978218790803838,0.5142894959602179,0.28344619374537844,Low_severity,1
810,0.07610335390998194,0.13179733580955183,0.1232624956816263,0.21025125194100142,0.3526673767192611,0.48201404101905476,0.2529959349847914,0.4559053223026503,0.352594311628061,Low_severity,1
811,0.08969118492706163,0.13055535223757397,0.1585040931064489,0.1871201648261262,0.29221107630011983,0.2966551655443845,0.21924486129272522,0.38237597205080026,0.21095747837461687,High_severity,2
812,0.04958161397054221,0.13504770277172903,0.06759558497035881,0.2859781474000938,0.4535445843758212,0.7405857811530286,0.2265872701077459,0.5411163016552583,0.5669383268693358,Healthy,0
813,0.07199811369856195,0.13694291425248206,0.12454231395554324,0.25269166956601297,0.34585248756704395,0.4704775071815371,0.15564568944630303,0.43270829118760845,0.3420929913231034,Low_severity,1
814,0.05160485774773693,0.11887196586741622,0.0984233454042284,0.2656258379392548,0.4344202078293483,0.6305731961775894,0.24111895340365608,0.5703103296286103,0.4879686686912029,Low_severity,1
815,0.06741363858979692,0.133521114614397,0.15510496130999418,0.1969285032242671,0.2950166693135027,0.310830892107332,0.19938841067030635,0.3768525454602082,0.22088494277047632,High_severity,2
816,0.06308393143220004,0.11333567631674836,0.09271372987445493,0.25723685637101645,0.41025740044616604,0.6313357793901443,0.2292462332257337,0.5670848934159328,0.47490450269022433,Low_severity,1
817,0.05081496273049781,0.09348782358922424,0.08689633603143379,0.2867797252568379,0.44491118485740233,0.6732038092045045,0.21611784076403937,0.6527191836442915,0.5204674925962378,Low_severity,1
818,0.07500130529995833,0.10204048259283306,0.16367917470101095,0.2151438814109065,0.31163576728210385,0.3112811727815385,0.18317314670489407,0.5066650182422507,0.22755202378052114,High_severity,2
819,0.0770184367637366,0.13661490500669052,0.20879088577508997,0.12802936078349494,0.22463259528127724,0.03655018751539914,0.27392587387577333,0.24364927149509294,0.025457431424789644,High_severity,2
820,0.0424198873475969,0.10488354817221855,0.0736537811186015,0.2676656320575378,0.39721896925061206,0.6871605712547638,0.1948508612444628,0.5822225759370411,0.49990874912643574,Healthy,0
821,0.052675356345150866,0.0644774445063829,0.06786428556861662,0.3267378941720443,0.4630186707183906,0.7443342839888509,0.17256048585712347,0.7555339550551642,0.5749746604207501,Low_severity,1
822,0.09526618352605348,0.13538625626132517,0.1482710670605096,0.1492996563983832,0.3233707164774605,0.371255591698131,0.36827156950833595,0.40976916185898044,0.2703151290685128,High_severity,2
823,0.04488785521280461,0.10634467959161935,0.09153808526572309,0.2537904513634471,0.42918339120457527,0.6484182450617846,0.2568076973221116,0.6028418102023607,0.4961862472607784,Low_severity,1
824,0.06640782738325252,0.10880114848632869,0.11949678212082498,0.24406401549926598,0.39423527897891236,0.5347894703514502,0.2352677886044261,0.5674223871437357,0.4065253148253593,Low_severity,1
825,0.04110736150337722,0.08907437352293844,0.07062338490873414,0.28091712836205984,0.4442067753645344,0.7256439487878965,0.2251886141986052,0.6659384127537051,0.5521860776514617,Healthy,0
826,0.0596825863271512,0.10825872183957597,0.1102222626832329,0.2493283752673825,0.3937177343597528,0.5625579897210221,0.2245396666439569,0.568670121864888,0.4235743259231579,Others,3
827,0.10114299774792346,0.16882600513198076,0.13717327557750392,0.19920837839763855,0.2648970791092883,0.3176653091752552,0.14153830697125408,0.2215032528078806,0.21238443797900552,Others,3
828,0.07244670072140874,0.12724040391811905,0.11238675746735782,0.23797647477124279,0.3666362461904359,0.5307667623092059,0.21279699708360544,0.484728002872169,0.38954573249018576,Others,3
829,0.06382820811230827,0.09872878145377809,0.09790731612553406,0.28556750722732344,0.4361516609116517,0.6333464267609646,0.2086464657335131,0.6308379457017923,0.4906552995970278,Low_severity,1
830,0.09117749862324148,0.12290120036068002,0.14179539109624875,0.21848524672334826,0.3234949354109972,0.3905078914463932,0.1937518974847299,0.4493626153451223,0.28234957814018535,Low_severity,1
831,0.04421176241112328,0.10476527736968103,0.10241027918117804,0.25755398391008893,0.40768540980530066,0.5984663999624875,0.2256802999243949,0.5911205507510314,0.45333595710684554,Low_severity,1
832,0.039954692709835336,0.09262289938559279,0.08220171095263623,0.2536178015919394,0.44561484741362734,0.6885216666674007,0.2745824956754263,0.6558290460436842,0.5303667276561161,Healthy,0
833,0.037602134917983726,0.08598416932671435,0.06631796929281819,0.24610897336756185,0.43693890449296535,0.7364448545175873,0.2793800219731733,0.6711402742332827,0.5541266821351714,Others,3
834,0.05357596126930405,0.1251138289971208,0.07990816028940236,0.2589517012900032,0.428423572206573,0.6856062481205223,0.24654926857419743,0.5479480565358195,0.5184535019856102,Low_severity,1
835,0.05068562615052806,0.13043151456368468,0.1637528774784944,0.23204735190775064,0.2893657236711104,0.27721847188335313,0.10992891135253216,0.3785975576583781,0.1976871179113092,High_severity,2
836,0.05710104659840053,0.09708777672105165,0.0898469303803198,0.2543121903171829,0.34851526816275347,0.5900790228768257,0.15626872419366727,0.5642409636300034,0.4134890634725843,Low_severity,1
837,0.0729684432047517,0.13675684522394713,0.14079182416539066,0.2031257295182598,0.28941970140657425,0.3454762794734132,0.17520002515561559,0.35821505756153194,0.23966787094440029,High_severity,2
838,0.06778798129252443,0.11382958319743784,0.08887090169959384,0.24026735406520852,0.3586038683330206,0.6027892178452142,0.19759926648992043,0.5181137879687205,0.427029260036352,Healthy,0
839,0.049608532060737856,0.06686483605223333,0.08876877215491169,0.2800507335391979,0.48828475287325773,0.6923378220397203,0.27101965614832507,0.7591105626804039,0.5564012903275587,Healthy,0
840,0.05311301069319848,0.11377444890445873,0.10690569265659244,0.26279299313265975,0.38404674254601023,0.5644967414716036,0.18745562884464725,0.5429103828506714,0.41950709243590834,Low_severity,1
841,0.06514228057908922,0.12469499953690515,0.10748641174955362,0.2895981715885402,0.4487382530651049,0.6135143996702501,0.21553871130117633,0.5650932380670661,0.4846296238150706,Others,3
842,0.08245238427753997,0.13729631385441318,0.1436172389109934,0.23519392154890312,0.3444073922871796,0.41143446568099756,0.18842861141126258,0.4299553351825112,0.30483575060171664,High_severity,2
843,0.0701148201216826,0.17065177024694,0.14115384350576013,0.20596025771685778,0.261060891508635,0.2981169946411422,0.11798316603681873,0.20941966560360553,0.19935450511284605,Others,3
844,0.05362489472251985,0.13221606517921333,0.12266525423527222,0.24598769138390536,0.34395910015357667,0.47424409771354364,0.16606821187101367,0.4446746709824315,0.3434020334479646,Low_severity,1
845,0.01911360066812704,0.1187155610672262,0.03487090464207466,0.2879040933280985,0.4497054904483804,0.8560767507646948,0.21935913073671945,0.5822970991285789,0.6319995906994003,Healthy,0
846,0.039941888766897804,0.14763705918990996,0.0807675352261128,0.2484463899253131,0.399107569248863,0.663381015297806,0.23266196922907814,0.45994143696852785,0.4873172599787384,Low_severity,1
847,0.040005129105940174,0.1120700605238467,0.07592506828031842,0.24607531084708212,0.4975037274844025,0.7351892027707982,0.3381327386547906,0.6323002637956929,0.5891103269272939,Low_severity,1
848,0.049932968997619995,0.10329762297300779,0.08058626928649101,0.2521437031854275,0.4509100691749185,0.6967570105194913,0.28271858256613475,0.627224145617105,0.5385241606007146,Healthy,0
849,0.03663284457813105,0.11417902847800857,0.06303526612341342,0.278659177845182,0.4802573117601555,0.7679509395509457,0.26563941708502264,0.6158410219931638,0.5998634340183678,Others,3
850,0.054910080740799165,0.10689725900154126,0.08564509151034083,0.2351599419323787,0.37908810242513763,0.6314225339271486,0.23431602561031045,0.5600803337461473,0.45625517929637394,Others,3
851,0.031651613105594965,0.09924199233392793,0.05705034446872689,0.2528155383087651,0.46118817385621863,0.779829779333557,0.29183690784412225,0.6458363652742546,0.5953484700995979,Healthy,0
852,0.0481553427549376,0.08760645652090011,0.05707455810339212,0.2821679996958307,0.4662336541854406,0.7818701990027604,0.24594501299540245,0.6836398995761751,0.5997593264206528,Low_severity,1
853,0.054684021537819254,0.10746030404680365,0.06712993678107487,0.26682014358284006,0.4759560723896892,0.7527834057681754,0.28155980806819986,0.6316171146817264,0.5879085694001748,Healthy,0
854,0.07161349626434836,0.11236349817967528,0.14490621510304552,0.201544709061049,0.3631510136419883,0.4295673522410759,0.28618297976010165,0.5274024435165253,0.3247506078756711,Low_severity,1
855,0.08089183480593702,0.12858827396976294,0.15402646199713463,0.1785146163629916,0.25355174730848423,0.2441869634809683,0.173670383197308,0.32700964667537863,0.16449042786212711,High_severity,2
856,0.02938135991450765,0.10565118244361181,0.07813739673414549,0.27153307954260486,0.49804197974052883,0.728774059175025,0.2943298349727174,0.6499838359561021,0.5852712738027436,Healthy,0
857,0.04453230683033278,0.10230042934474788,0.08828970794940971,0.25414635496977905,0.42803215822128843,0.6580051563409064,0.2548978015125591,0.614202740909224,0.5014294116567054,Others,3
858,0.04926614468942921,0.07807177267295003,0.10686830043382814,0.2789026939752159,0.4121813432139282,0.5882154944456436,0.19285447509509618,0.6815042265189216,0.44940849253508147,Healthy,0
859,0.06966820130937931,0.10957594025763082,0.15152625711722648,0.16532028257773868,0.24292054409586933,0.23170244174262686,0.190084519841943,0.37828633690574415,0.15326951841298292,Others,3
860,0.0858075447043093,0.12668032673419558,0.1965902747732572,0.13454226393817303,0.2733580313015046,0.16335361897449802,0.34031788891391945,0.36665910061109497,0.11871935243474249,High_severity,2
861,0.06586303537412071,0.08726326809509256,0.07368631464559397,0.27554740675311007,0.45524000590093733,0.7213739918654263,0.2458890178406688,0.6782940406891216,0.5562405445892492,Healthy,0
862,0.07482657036120657,0.1263140489129692,0.13176013532574615,0.23169457952267025,0.3670584960464941,0.47171125118852675,0.2260763611028624,0.487956716669966,0.35336499540083693,High_severity,2
863,0.059370629281381156,0.13074909387355313,0.12111841160998787,0.22066594332959608,0.3213368329685759,0.45251677726025147,0.18573869736711046,0.4215741472562518,0.31866513955490705,High_severity,2
864,0.05596287854687994,0.11536564342747238,0.033891960985594376,0.2673188065131211,0.44338051616275065,0.8579764700110284,0.24773023419627754,0.5870552613298319,0.6285174781121938,Others,3
865,0.06791621138621565,0.12557112691319874,0.11636095172616825,0.22499029157031827,0.38150454126841443,0.5325606881237122,0.2580636160831289,0.5047243052954989,0.3985661265025109,Low_severity,1
866,0.054742277330768724,0.1353766487501649,0.12971300790915097,0.23149143372877604,0.37973755194476944,0.4907729301687496,0.24253777502490853,0.4743819969725941,0.37152569028016597,Others,3
867,0.07160667712630583,0.12483028613750352,0.12139339316131995,0.23119163633993448,0.4003083996305587,0.5346253555630499,0.2678016684998672,0.5245816409243281,0.40948593088069574,Others,3
868,0.06452554656485601,0.12488526907181136,0.12147621086727735,0.2569612427437562,0.3513938528311595,0.4862173768532478,0.15522613482535447,0.47557949392014964,0.35449385875308986,Low_severity,1
869,0.0522565218576637,0.1415014326197193,0.1598737249966667,0.21182275653555246,0.366173233173599,0.3921693776055622,0.267044199935913,0.4425507430093958,0.30159366469662824,Low_severity,1
870,0.08078200667874265,0.14617468065581785,0.14906055471323554,0.20004148981298697,0.30729994596583954,0.34674208442040905,0.2114127658195288,0.35531263680702385,0.24818997303879275,Others,3
871,0.07504964725448379,0.13457675695864127,0.15365150140841402,0.25865926775285225,0.31218537054291734,0.34032056859394816,0.0937664982715171,0.39754626153636186,0.24621218200265374,Low_severity,1
872,0.08043526816105158,0.16086695771643994,0.1884217425089057,0.17523607627379806,0.271856430931764,0.1812701388796423,0.21610819483839455,0.2564905806502556,0.13032893602680629,High_severity,2
873,0.06944410612985107,0.09068542814202983,0.16546173184518861,0.22742121648495997,0.30459020652954,0.2959853227398825,0.1450513780462131,0.5411534626090507,0.21513560642554957,High_severity,2
874,0.06069093431400543,0.12082700446069361,0.13320443588515343,0.23083030049785955,0.3474901733993796,0.44578352528889303,0.2017218448369323,0.48399499239895455,0.32775606516878675,Others,3
875,0.08577685593253535,0.1315594908795881,0.15556797606747286,0.20695322119084816,0.25378688197220245,0.23993585021827216,0.10164876132950901,0.3171883783102966,0.1620141549303368,Low_severity,1
876,0.055573241335121044,0.12660382190129735,0.07581176608145462,0.26072472825038623,0.38739572167457387,0.6726660596584108,0.19544359916255336,0.507377687456606,0.48522871689724745,Healthy,0
877,0.05215704487035938,0.12576251544583833,0.10376448132887904,0.2754297714078644,0.3946705576199889,0.5836388968652593,0.17794467641153505,0.5167005251799929,0.4370430698185981,Healthy,0
878,0.055222084342790884,0.08137096694641935,0.08913030735466132,0.271384818297738,0.43656561743513267,0.6609054658724959,0.23332254745545775,0.6857879153542272,0.5080969442552012,Others,3
879,0.034423234163078464,0.12110142145567236,0.08163070119699761,0.2653009896539803,0.4955382302622778,0.7171341118774083,0.30260958502328333,0.6072214262631819,0.5763824739698159,Healthy,0
880,0.059572828305033715,0.10879339169074798,0.18766323732271384,0.22165854726745401,0.3334302708078251,0.2797329677125726,0.20135826898464568,0.5079711878099737,0.2141337188872952,Low_severity,1
881,0.045923970969700384,0.11181373669870154,0.1522055845730792,0.2497316641902261,0.3408957902663157,0.38266006813445547,0.1543513180571213,0.506024370866214,0.2850014265518739,High_severity,2
882,0.09440002731401856,0.14363345871964991,0.17333453955990052,0.1908689015852969,0.3016429982872879,0.2701358453895293,0.22491658928575897,0.3548571613908077,0.19740217658352494,High_severity,2
883,0.06787668217203809,0.13613474586641036,0.17433105374610322,0.18729339356489472,0.28101610293520624,0.23429387363841664,0.2001298501754626,0.3473116679134381,0.167507248715283,High_severity,2
884,0.0563682801986692,0.0843566732201525,0.0797105949070343,0.2757397536583399,0.4010715030137241,0.6684127996788597,0.18517976484559456,0.6524442652891663,0.4914867055403582,Others,3
885,0.06824905160849536,0.12830480109345338,0.11545355280892061,0.21598434167956893,0.35580594322181214,0.5100213203920609,0.24453301364915425,0.4699361557243276,0.3711969737157961,Others,3
886,0.08917198059578522,0.15052353220578898,0.16979239554590583,0.17734726663459568,0.2735202239485703,0.2339834776662769,0.21330647989186693,0.29005660372937636,0.16494186485852244,High_severity,2
887,0.058067926975626245,0.1448299798724458,0.13874302395897112,0.22791183304703602,0.30859053218351856,0.3796887264376065,0.15037901855625924,0.3611670578565715,0.26893511866532116,High_severity,2
888,0.07757957493526263,0.12953198727687312,0.14418530547852182,0.22233110368090123,0.2788956474987292,0.3184032300963705,0.11285220448570248,0.36570409909681856,0.21890335011093104,High_severity,2
889,0.06206695327426053,0.09183456514518232,0.07995828917950704,0.27891662952863133,0.5137039713175265,0.7306270096651812,0.29621655245681133,0.6966846546822945,0.5948989434008123,Healthy,0
890,0.1024100315028596,0.13974949893811772,0.17999748669571936,0.17318111885100299,0.2997273281668471,0.24958025468294454,0.2675913490525315,0.36401880454670754,0.18331143549924758,High_severity,2
891,0.061304988284856726,0.12666846500986695,0.07498925294909636,0.31714760463927744,0.40775928770350356,0.6893237508383859,0.12499768455971486,0.5259659912242506,0.5079173679567552,Healthy,0
892,0.08594380128387544,0.09775898860216095,0.18704621829688425,0.18462235086484124,0.2533187905150279,0.15049463715780806,0.1568622656317177,0.44309213275768594,0.10571305545791405,High_severity,2
893,0.06356833694084524,0.11840137109355116,0.16395484994371015,0.23670432135443623,0.2959999768494205,0.28708281599379537,0.1113106383690053,0.42856667005897336,0.20633021974610988,High_severity,2
894,0.08943512861518382,0.1390571155744664,0.17657036832260428,0.18986447283614052,0.29459421045747886,0.2504938771935197,0.2161788842535082,0.35866855592539965,0.18229223663067823,Low_severity,1
895,0.07095207974399391,0.11313444786301466,0.15881997455837044,0.2129482690774319,0.3511958834722789,0.37719593593959916,0.24505724958775502,0.5126984380379833,0.2857023095988916,Low_severity,1
896,0.05868757825457283,0.10047868138249168,0.08789273801027594,0.26039871318316565,0.5029585080198342,0.7024877628647773,0.3177539795253532,0.666978823489448,0.5707456972526134,Low_severity,1
897,0.05918047246066992,0.12023837965712575,0.14037710361155983,0.24388223985729768,0.34377536043089874,0.42011199348455974,0.16998524400026807,0.481746468825185,0.3100102843575726,Low_severity,1
898,0.06452283144957817,0.11205234293250176,0.14109077092413858,0.2526810703558395,0.3459774266016997,0.4206529120938802,0.1558423654220303,0.5107202614954279,0.31135638275722766,Others,3
899,0.062944908844008,0.11613720251924915,0.11536620259476474,0.2205695619325281,0.40144849156625206,0.5535490615952895,0.290793697411676,0.5512348820828723,0.42202717557234437,Healthy,0
900,0.050236631929925585,0.10815979296476633,0.06853796709355608,0.27256336342599324,0.4436255899333324,0.7323590632202757,0.23885069115484384,0.6079642690181924,0.5558700768799938,Healthy,0
901,0.0956481424991606,0.14612416723530008,0.22212637679872146,0.1790758546956991,0.22796921586429397,0.01298132921276351,0.12011780685939703,0.21878240120383113,0.00922460715115359,Others,3
902,0.0750240614682026,0.13357136052947066,0.1687546807509027,0.17988070365330952,0.2629622803549038,0.21821611864101037,0.18760955847062355,0.3263050255631712,0.15166773312604132,High_severity,2
903,0.04901301341864961,0.11767243846295837,0.1312669845383263,0.21976149546621407,0.29874354699494654,0.389470838910515,0.1523264868434693,0.43483227074694625,0.2701204289275757,High_severity,2
904,0.09302979524419,0.13012730451878712,0.15680575045726344,0.22630019373428908,0.3220060070206693,0.3450213032227379,0.17454811409136653,0.42438523684211543,0.2531644955753358,Others,3
905,0.07251037184185948,0.0670623926962787,0.04877459765678301,0.31467896301622855,0.4811886382241027,0.8159321464036591,0.20921780827410835,0.7553588085965033,0.629751663219552,Healthy,0
906,0.07912960556663318,0.13743597720806475,0.1391643353169415,0.19647759849638424,0.3494737682825175,0.430399167433673,0.28023772646418404,0.43547658069734396,0.31908961256886015,Low_severity,1
907,0.05268418966955259,0.1175214953258748,0.13040850410589402,0.2242454651020799,0.3458479482343137,0.45236015820846714,0.21330273300400351,0.4927525025261638,0.33101872506755464,High_severity,2
908,0.06649246233977725,0.15184799061243587,0.1499291584280412,0.1756722536046184,0.27546897283593014,0.2951113443655163,0.22120948692429676,0.289295751860391,0.20349049263221147,High_severity,2
909,0.05099040018464783,0.10472298936188057,0.04277100964352562,0.2684236115935246,0.4671901856529164,0.8322577873061001,0.27020506521685345,0.6337801123075331,0.6303497272756347,Healthy,0
910,0.08703184218205001,0.14467714187354433,0.13304293828783464,0.21585563108541878,0.28065527277546154,0.35681163355343126,0.1305100073052963,0.31969849044806403,0.24233220449645998,Others,3
911,0.0553433555473291,0.11071259488847401,0.14368747425501255,0.21691361489846903,0.30827762104611955,0.36416561478369264,0.17396331068496748,0.4715265861685095,0.25934272317890406,Others,3
912,0.04694797641806399,0.09455716470408956,0.09430906456698138,0.25703056141428504,0.47031180975527065,0.6659384416837717,0.29323363631082366,0.6652067329610699,0.52976992221901,Healthy,0
913,0.07421769852779535,0.10960293919350012,0.15391541129100764,0.19645428299297887,0.32173731472703276,0.35282443315516715,0.24176970889780153,0.49180287164344927,0.25801481248501423,High_severity,2
914,0.06556443430331987,0.09764952333152736,0.05657546118811457,0.23616853251479852,0.441039444392849,0.7726134786012371,0.3025228864160133,0.6374548981612321,0.5780747376376271,Low_severity,1
915,0.044954537372129226,0.1196748819735494,0.08685280723616125,0.2836834957244497,0.40180784100140643,0.6445271066970107,0.17232069750313622,0.5410207214888046,0.47785107204382815,Healthy,0
916,0.05727838946338308,0.15556535757993284,0.14976022048930276,0.1597235519402727,0.2992999699669769,0.33300602604236695,0.3040724742095178,0.31599377592089795,0.23634920785021007,High_severity,2
917,0.07738678376915913,0.10869689624480225,0.14659344028748936,0.19595769885276804,0.3264771570393942,0.38024708736571156,0.2498291542277324,0.5004440387726138,0.27729290749211155,Others,3
918,0.08503444516263585,0.12097010727193792,0.14439865185358355,0.17443786701772682,0.35359698923019284,0.4200806595843606,0.3392941206296963,0.4901875491850718,0.314427732093243,High_severity,2
919,0.05975423512864685,0.1137514641231473,0.10934568361746393,0.25029348060231105,0.4047942727883862,0.5746462329757193,0.23584747445878476,0.5612673828902623,0.4369938103287091,Healthy,0
920,0.07721603834265209,0.13760787332351662,0.14552593582149265,0.1733564887073762,0.34134925461854293,0.40220434855196885,0.32638603335885313,0.425385424725683,0.29764146575070205,Others,3
921,0.07432945274477584,0.11163086304443344,0.16973367786965537,0.18856921097658888,0.3224091744634388,0.3102259757913724,0.2619288159744643,0.4856195124975826,0.2308268858180395,High_severity,2
922,0.0540874756770061,0.09503909783353362,0.14287632222250418,0.2649275825165413,0.35991937651376493,0.43167245630139345,0.15202409585963328,0.5822075939133546,0.32465693844436116,Healthy,0
923,0.05877270391832169,0.10509110706019212,0.0690718844489889,0.31539301152050386,0.4985168038230406,0.7566128928352264,0.224992731197426,0.6517901599188222,0.6033853544324357,Healthy,0
924,0.06417247976535201,0.0841914569761253,0.12485063077245341,0.20921876576000387,0.36847318643348287,0.4938390306003209,0.27567360090233667,0.6280184096466225,0.36788993393861447,High_severity,2
925,0.06924933967441013,0.11133593868582199,0.1341933374324475,0.24054642588417396,0.34680750725528486,0.4420245248443739,0.18091490560578355,0.5139690868779385,0.32509783907043793,High_severity,2
926,0.06813035959442149,0.10455735051056596,0.09032061666921315,0.2519266361806297,0.46425178406763346,0.6742693413909296,0.2964696252833215,0.6323640245753068,0.5318712595794494,Healthy,0
927,0.06894450984277972,0.14615813097451988,0.14800857126186268,0.15964994929290752,0.23772734512492585,0.23259118493155712,0.1964817741949838,0.2385326349952477,0.15193937414617198,Others,3
928,0.0445683984796382,0.10130548500390404,0.1003276309350779,0.26639100255905496,0.45387848674369713,0.6379410918259509,0.26030185502670267,0.6350561609874439,0.5030574901999606,Others,3
929,0.043285475580323335,0.08618197968745543,0.04730230677088711,0.32067305203460295,0.4950253427137755,0.8255581959878487,0.21374602647459626,0.7034380801281078,0.64431232755494,Healthy,0
930,0.048713969637474555,0.12125143708447852,0.10719309468794994,0.2686331377107007,0.4431733843670808,0.6104664845431773,0.24520742820238942,0.570353987010528,0.47980437739416126,Low_severity,1
931,0.06415136168666666,0.11198255681156308,0.07967317729158557,0.24438675629283005,0.41884379525378257,0.6803592187251566,0.26304131882062654,0.5780821491779373,0.5095115465552889,Low_severity,1
932,0.08691625535480221,0.13929280587750814,0.17971902736740125,0.17643855113237997,0.23590997522687804,0.13519496355822933,0.1442261104206874,0.2575065383710196,0.0920530275367031,High_severity,2
933,0.07224065089390808,0.1435470969508828,0.21209896480409107,0.13150290852751823,0.27431598407020114,0.12790934861294584,0.35191332426272925,0.31294673556652447,0.09461082174967973,High_severity,2
934,0.07640030420731717,0.13848078826592117,0.14247838631262397,0.18523016053715255,0.2911341230811534,0.34283083063346403,0.2223171765515023,0.3553259693351463,0.23883956449724958,High_severity,2
935,0.07122852268802565,0.15079490754778377,0.15474497190080883,0.2018056882786112,0.3247487721456858,0.3545485261396703,0.2334859793382193,0.36579997175029405,0.260344389045134,Others,3
936,0.0834656953856381,0.14049426778143223,0.1485248367141942,0.21126778406830865,0.33771337858932204,0.38908612264676457,0.23032774732904734,0.41241312702680183,0.28774266542222476,High_severity,2
937,0.08876767632339759,0.16107833542206335,0.17584815558148295,0.17260348136704015,0.2613978831493401,0.19565580929258727,0.20459475255624138,0.2374560823009297,0.13691665373753636,High_severity,2
938,0.08155934597682185,0.12407159619211011,0.1574043345765584,0.1962989281421916,0.2952789699526724,0.3045719468702233,0.20135169256812227,0.4082678970354656,0.2170836332293734,Others,3
939,0.07418199640507646,0.11854345184256267,0.12149907114299963,0.21155782004630588,0.3341025180438136,0.46664333915138917,0.2245805484533285,0.4762200053506736,0.33372189201003644,High_severity,2
940,0.05428554803205212,0.10632236205287147,0.0994263391685274,0.25412433361462694,0.4505252089431597,0.6384178224066556,0.278721355037886,0.6181275897003804,0.5015929597981097,Low_severity,1
941,0.06097087946929683,0.12332502092118594,0.12245542184345665,0.22801919455739483,0.32927079203808984,0.45783344831271,0.18168565722712265,0.455032426770229,0.3259582963746764,Others,3
942,0.07713112420559544,0.11527770241577615,0.14506353504233901,0.20872444136213544,0.3064081641452618,0.35737484629325345,0.18962830490395666,0.4532531841491539,0.25436063296577976,Others,3
943,0.04755605265132712,0.12285326420866924,0.09854014298533607,0.26196302411050254,0.3949247252370113,0.6006194186008983,0.20241160115800533,0.5254596884653489,0.4475013536945849,Healthy,0
944,0.10238649078757874,0.15378061777712576,0.1801387181752245,0.1901308314376933,0.27155463209772474,0.20238490087857045,0.17636206268336416,0.27689690510074694,0.14408409057856997,High_severity,2
945,0.09770225754912537,0.1353301160946935,0.15255565255233244,0.20005347483988437,0.29180330971703733,0.31336750012548,0.1865377031645579,0.3663332911138476,0.22117806267769463,Others,3
946,0.08438242449128788,0.1437716856188901,0.1731373866129138,0.18587208845695538,0.32224783641545135,0.30099898598307534,0.2683928365783748,0.3829799876568458,0.22470262721333628,High_severity,2
947,0.05145244165491394,0.1016364935051353,0.07062601872155719,0.27946159791303177,0.46538691277041355,0.7364764371450053,0.24961493805872503,0.6415086489190029,0.5715578667734745,Low_severity,1
948,0.05093368019545337,0.11518444628264361,0.0778347873955424,0.2896684026006947,0.45915421976799364,0.7101065893073734,0.2263364007769671,0.5988971208409353,0.5515768678427988,Healthy,0
949,0.06671332348942337,0.12005156306582232,0.18674056935540095,0.1607737233110037,0.29230799541282554,0.22036894340451738,0.290310261187115,0.4177335745108543,0.16173982045887975,Others,3
950,0.07430420144933297,0.13209300565707438,0.15818670183293468,0.23277889316336847,0.3285731078446451,0.350042058987103,0.1706491016496958,0.4265130349919635,0.25900893663380486,High_severity,2
951,0.08071619726096549,0.13652869831353595,0.15101327048172156,0.16261858929692172,0.311310823342386,0.34672117460884505,0.31374341849221565,0.39027847382155856,0.24986003242993227,Others,3
952,0.07178349012228173,0.1341906464089097,0.16480718295858143,0.2118086729748571,0.38248738778637403,0.3977386520233428,0.2871947604581046,0.48056376494538194,0.3117750405307939,Low_severity,1
953,0.056216785645185965,0.09327225507146326,0.08148773607962335,0.2513656221876908,0.4386129849344651,0.6866463252704623,0.2713814034434599,0.6492767685359208,0.5251323347264494,Healthy,0
954,0.07435646725073573,0.08046164499020828,0.11868073656137727,0.2785171262840177,0.34100082260946335,0.48363934034921946,0.10085857308419809,0.6181788359544498,0.3474904002117682,Low_severity,1
955,0.07518062379568938,0.12595827142196073,0.17438284039205254,0.16817087598624636,0.28176601624971503,0.23541257265935647,0.25246905115728036,0.3821399645272545,0.1684620157913783,High_severity,2
956,0.06437572934179221,0.12817144416829682,0.1654173959767649,0.19877979431018836,0.34362159194024755,0.35007966028828985,0.2670380299566257,0.4566624161073513,0.26491175974977127,Others,3
957,0.0929757277392347,0.13363680048133011,0.14882316512481975,0.1930017719707146,0.3471964678900179,0.3999303446105008,0.28544094471514,0.4441449488968294,0.29874908514314846,High_severity,2
958,0.060620836018908456,0.12889909017768356,0.06093247296359795,0.2700786967018251,0.4706393513818531,0.7707460396772274,0.27076517873285416,0.5700055868231317,0.5957513603256188,Healthy,0
959,0.07767645365775891,0.14958004256590202,0.16691694996163664,0.17480719052450525,0.3198620045944768,0.3141981657204315,0.29323599589637217,0.3627326590334166,0.23249136079565055,High_severity,2
960,0.05438746698980425,0.11003175540914964,0.11692362205851516,0.25345506105930493,0.4308567440151154,0.5731003544482691,0.2592410092012335,0.5931444076689737,0.4494259466795629,Low_severity,1
961,0.05316782917297358,0.10679460668796527,0.10568317202107384,0.18909469064692264,0.427958123519875,0.6039168148936319,0.3871037087732726,0.6005832204112064,0.46767909654307227,Low_severity,1
962,0.08537012758348549,0.16055223647187608,0.1811484795584288,0.1751677299949316,0.22242273613986824,0.10227254813013069,0.11885346900877447,0.16155233133397406,0.068518544854611,High_severity,2
963,0.08463179781738771,0.12789986407026765,0.1874776292561802,0.1912692504402647,0.2973205695260205,0.22657456349005142,0.21705593271074253,0.39843030125077167,0.16730779017316214,Low_severity,1
964,0.09875248145932235,0.12189482539124027,0.1462168389507014,0.2414401841310996,0.3331915461451454,0.3900113410762781,0.159669849713899,0.4643002602792979,0.2863586477914618,Others,3
965,0.09056255437181479,0.13160369896336102,0.1908575864590698,0.19098188717957174,0.24454618189135177,0.12330760396421815,0.12298700937012941,0.30025925482511207,0.08609425776682744,High_severity,2
966,0.0654165758564645,0.13224206839206334,0.09990754632756828,0.24734272422835185,0.4070496801803894,0.6058541387574045,0.24405380453084033,0.5095713266812688,0.457530060514036,Others,3
967,0.03114754390498331,0.10954980131014222,0.08909555911697657,0.28444584137153706,0.45031291207322227,0.6696545795048854,0.2257435789965794,0.6086547694947912,0.5212830609451721,Healthy,0
968,0.0468074624253175,0.09453866536633702,0.07540048277103331,0.24261508984284602,0.42938491563275427,0.7012572748361513,0.27793128611319584,0.6391127683695497,0.5284478159576129,Healthy,0
969,0.06949831953229073,0.10598622224485515,0.09432519448171468,0.27403973625478595,0.4437117914699807,0.6493728240081134,0.23639386147048122,0.6143838267538761,0.5048759365755267,Low_severity,1
970,0.06809368018343828,0.12556383603268487,0.12442538693067601,0.2234059766532636,0.3062853065474656,0.4222321905876222,0.1564672338827114,0.4184828744478499,0.2930984690911269,Low_severity,1
971,0.012028724773610083,0.11587693605955161,0.09878980579683627,0.20715137121983213,0.37138010050221026,0.5797697620655369,0.2838717292138645,0.5243703944135295,0.4214575605811727,Others,3
972,0.07971555065210231,0.11993566734348053,0.1420420118344054,0.20773186420785672,0.35927497446755113,0.4333245602460008,0.26726857583184754,0.499444891748564,0.3254208691227132,High_severity,2
973,0.07958902286369923,0.10007115486401982,0.09516730760397667,0.2816105085851244,0.4572675420193738,0.655462331281737,0.23773481062340285,0.640896440804803,0.51608928744376,Low_severity,1
974,0.01887643006876623,0.09847721381126122,0.07390298360601608,0.29570361164844644,0.5030314995077264,0.7438080552677031,0.2595702692462985,0.672565960789208,0.5977083879712493,Healthy,0
975,0.0664627026224427,0.09450524642947557,0.047022696636924134,0.3068856215124172,0.4976798027852022,0.8273453979491174,0.23713942398077456,0.6808252874509308,0.6470604402653735,Healthy,0
976,0.04244504228256803,0.1260438457986538,0.15140293925468185,0.18504151814346223,0.3113974467035411,0.34570953763919715,0.2545245992103385,0.42372223217577765,0.2492642968089778,High_severity,2
977,0.0652181668732705,0.08671368911332436,0.08466021888741981,0.28186291939959707,0.42467579492197705,0.6675663350241663,0.20213029042507658,0.6608702688640408,0.5053058219204182,Healthy,0
978,0.07668630353397667,0.1353127131032558,0.17477132559719463,0.18394455552611516,0.31456892103162665,0.28568587275935337,0.26202775180217525,0.39845193563653386,0.21195578959431688,High_severity,2
979,0.05607712799079814,0.1404137875066016,0.18217714918072725,0.18053158222333013,0.26082551702956225,0.177534750573039,0.18192510088123598,0.30009953701359754,0.12510309461515842,High_severity,2
980,0.057353790713912486,0.09957543891481259,0.11294183004589069,0.2707332735694902,0.41564032464957673,0.5726612068053641,0.2111197916937318,0.613461210014518,0.4414307013132647,Healthy,0
981,0.09505943810369383,0.14248079349897375,0.1836812840702032,0.19773162355964988,0.2643724438818092,0.1800925977793632,0.14421171553656928,0.29959611767511724,0.12766865015010576,High_severity,2
982,0.066613308366869,0.1279160311262506,0.11058664805018763,0.24272415229939814,0.35206419001464134,0.5219433795354255,0.18383016265896024,0.46699457397557004,0.37626966977437704,Low_severity,1
983,0.08235980203434676,0.1429337265466647,0.1596204916172786,0.1862590721525957,0.3223633272676215,0.3376520731066423,0.2675939071306575,0.3856237628200682,0.2485929490698944,High_severity,2
984,0.0508596747132978,0.1172506731871363,0.09208833204355776,0.2733667324700249,0.4149659397811326,0.6367712997972866,0.20571333167727543,0.5593873985510975,0.4809238440832242,Low_severity,1
985,0.05945129935335682,0.13653551751967508,0.1882548706053836,0.2176267979216824,0.2653377744345985,0.1699386104958126,0.09878773567208964,0.3205046453536876,0.12125130824491046,High_severity,2
986,0.07862303827079654,0.1178798289641835,0.12097904430889013,0.20342605554717266,0.32210128806420824,0.4539182379820957,0.22582123263369913,0.4641595995740118,0.319891482493165,Others,3
987,0.08971530636815711,0.10880317658192531,0.12379933835583473,0.18288423233365494,0.35754780824706217,0.48561307892007904,0.3231924882279811,0.5333850249214169,0.3572871292799723,Low_severity,1
988,0.07427810872923062,0.10597041856413009,0.11900476421382712,0.2519616036272727,0.4076062567313458,0.5480354209061755,0.23597974137103403,0.5873238655039692,0.42168088004521587,Healthy,0
989,0.047299800097231434,0.12767992348998564,0.16184927688819706,0.20614432397210378,0.3035038758041535,0.3044023621552762,0.19103285732156403,0.40777031187627405,0.220107944726059,Others,3
990,0.04767872095708984,0.10923465278755802,0.09454283258877517,0.22497707211875514,0.32817763250005594,0.5526933735327539,0.1865672650337814,0.5005414504271073,0.37980321573682974,Others,3
991,0.05361982421345744,0.11996658162479228,0.14193137958493282,0.24456353119254876,0.3954969884693875,0.47181284791953076,0.2358112282203533,0.5345293495605391,0.3666261932281832,Low_severity,1
992,0.04754956958948702,0.10751647983714052,0.12789379808812615,0.21620938138991155,0.3216291840116019,0.43097993570547843,0.19600640304213057,0.49892780519839525,0.30605165368676845,High_severity,2
993,0.07276600931886355,0.10376799800592398,0.11844906642351583,0.20436291577739152,0.3396142273109302,0.48282663970807255,0.24863418114532596,0.5319253137323298,0.34626912804267684,High_severity,2
994,0.06148797082137877,0.12241146920402693,0.05527502584929743,0.25105006241547323,0.4498810317091029,0.7811566345795737,0.28366692669264226,0.5722066285729361,0.5888727470115434,Healthy,0
995,0.06087003193611289,0.12852346667153788,0.14115842301793974,0.22290247902164068,0.3351022848757133,0.4072220501152079,0.20107320423291583,0.44557235553625546,0.297989861145114,High_severity,2
996,0.08523857923333052,0.12054014046807064,0.1574435403283915,0.20004488646060395,0.32451641106687173,0.34665301599190557,0.23728690086928908,0.45831539811134864,0.25521336766497504,High_severity,2
997,0.07787413279829246,0.11038535544460118,0.14099418584302362,0.18943604906755437,0.35215145634477063,0.42818439916647677,0.30044158266416554,0.5226959124936935,0.31892191064231523,High_severity,2
998,0.06868918477730125,0.13866605275146682,0.1652992893469167,0.1773345664059858,0.36585537716761274,0.37758509990462436,0.34706240973712665,0.45030658945960916,0.29174491616074666,Others,3
999,0.06669095195784285,0.1451370746196003,0.1280413397055375,0.22225319422217021,0.2863295431635422,0.38199644328777754,0.12599001938356408,0.32723845304506505,0.2596673949655971,Others,3
1000,0.040615544140870166,0.11276968198335569,0.10541886654942706,0.2101745968898021,0.3587205535549688,0.5457448258727264,0.26111306547266433,0.521645737351906,0.3940846340119273,High_severity,2
